{
"type": "FeatureCollection",
"name": "coastline",
"crs": { "type": "name", "properties": { "name": "urn:ogc:def:crs:OGC:1.3:CRS84" } },
"features": [
{ "type": "Feature", "properties": { }, "geometry": { "type": "LineString", "coordinates": [ [ -121.90013520698254, 36.35 ], [ -121.900213, 36.350734 ], [ -121.900411, 36.351009 ], [ -121.900864, 36.351329 ], [ -121.902052, 36.351719 ], [ -121.902788, 36.3522 ], [ -121.903127, 36.35259 ], [ -121.904062, 36.353185 ], [ -121.904061, 36.353345 ], [ -121.903523, 36.35346 ], [ -121.90358, 36.353643 ], [ -121.903976, 36.353964 ], [ -121.904202, 36.355109 ], [ -121.9044, 36.35536 ], [ -121.905929, 36.355613 ], [ -121.90658, 36.355865 ], [ -121.90675, 36.356231 ], [ -121.907259, 36.356598 ], [ -121.906976, 36.357033 ], [ -121.907004, 36.357193 ], [ -121.907315, 36.357376 ], [ -121.907259, 36.357559 ], [ -121.906352, 36.358063 ], [ -121.905757, 36.358109 ], [ -121.905446, 36.358269 ], [ -121.905361, 36.358589 ], [ -121.905191, 36.358749 ], [ -121.905191, 36.358978 ], [ -121.905615, 36.359368 ], [ -121.905615, 36.359528 ], [ -121.904709, 36.359642 ], [ -121.904426, 36.359757 ], [ -121.904171, 36.360054 ], [ -121.904143, 36.360444 ], [ -121.90468, 36.360925 ], [ -121.905388, 36.361428 ], [ -121.905387, 36.362138 ], [ -121.904878, 36.362207 ], [ -121.902669, 36.363901 ], [ -121.902669, 36.364244 ], [ -121.903489, 36.365664 ], [ -121.903234, 36.366648 ], [ -121.902894, 36.366969 ], [ -121.902752, 36.367242 ], [ -121.902837, 36.367586 ], [ -121.903374, 36.368319 ], [ -121.903488, 36.368617 ], [ -121.903459, 36.368983 ], [ -121.902977, 36.370036 ], [ -121.9032, 36.371301 ], [ -121.903401, 36.371394 ], [ -121.90377, 36.371961 ], [ -121.90408, 36.372166 ], [ -121.904618, 36.372166 ], [ -121.905609, 36.372052 ], [ -121.905751, 36.371937 ], [ -121.906402, 36.371915 ], [ -121.906742, 36.3718 ], [ -121.90728, 36.372052 ], [ -121.907421, 36.372213 ], [ -121.907393, 36.372602 ], [ -121.907166, 36.373174 ], [ -121.907307, 36.373426 ], [ -121.907987, 36.374044 ], [ -121.908015, 36.374251 ], [ -121.907307, 36.374021 ], [ -121.906939, 36.374067 ], [ -121.906939, 36.374342 ], [ -121.907137, 36.374573 ], [ -121.90708, 36.374642 ], [ -121.906797, 36.374631 ], [ -121.906571, 36.374573 ], [ -121.906288, 36.374204 ], [ -121.905863, 36.374273 ], [ -121.905581, 36.374962 ], [ -121.90561, 36.376087 ], [ -121.905185, 36.376545 ], [ -121.905072, 36.37682 ], [ -121.905185, 36.377781 ], [ -121.905099, 36.378171 ], [ -121.904222, 36.378354 ], [ -121.903938, 36.378628 ], [ -121.903683, 36.379063 ], [ -121.903627, 36.379544 ], [ -121.902919, 36.379704 ], [ -121.902777, 36.379796 ], [ -121.902777, 36.380162 ], [ -121.901813, 36.381581 ], [ -121.901813, 36.381879 ], [ -121.901926, 36.382154 ], [ -121.902691, 36.382864 ], [ -121.90269, 36.383139 ], [ -121.902266, 36.383528 ], [ -121.902265, 36.383825 ], [ -121.902662, 36.384238 ], [ -121.903001, 36.385062 ], [ -121.902973, 36.385451 ], [ -121.901953, 36.385451 ], [ -121.901613, 36.385749 ], [ -121.901557, 36.385932 ], [ -121.901726, 36.386115 ], [ -121.902434, 36.386573 ], [ -121.902434, 36.386733 ], [ -121.902151, 36.386894 ], [ -121.902122, 36.387191 ], [ -121.902264, 36.387443 ], [ -121.902575, 36.387603 ], [ -121.903, 36.387604 ], [ -121.903368, 36.387512 ], [ -121.90368, 36.387558 ], [ -121.903963, 36.387787 ], [ -121.903991, 36.387872 ], [ -121.904047, 36.388039 ], [ -121.9045, 36.38836 ], [ -121.904443, 36.389711 ], [ -121.904188, 36.389962 ], [ -121.904245, 36.390168 ], [ -121.904415, 36.390237 ], [ -121.905321, 36.390306 ], [ -121.905774, 36.390947 ], [ -121.905774, 36.391153 ], [ -121.905292, 36.391039 ], [ -121.904896, 36.390741 ], [ -121.904641, 36.390764 ], [ -121.904329, 36.391107 ], [ -121.904329, 36.39129 ], [ -121.904471, 36.391588 ], [ -121.904471, 36.391909 ], [ -121.904244, 36.392367 ], [ -121.90396, 36.392572 ], [ -121.903932, 36.393191 ], [ -121.903195, 36.393351 ], [ -121.903195, 36.393603 ], [ -121.904045, 36.394107 ], [ -121.904384, 36.39445 ], [ -121.904214, 36.394885 ], [ -121.904299, 36.395137 ], [ -121.904497, 36.395252 ], [ -121.905913, 36.39555 ], [ -121.905913, 36.395916 ], [ -121.905686, 36.396488 ], [ -121.905318, 36.396763 ], [ -121.905346, 36.396992 ], [ -121.905913, 36.397175 ], [ -121.905657, 36.398206 ], [ -121.90611, 36.398618 ], [ -121.90679, 36.398778 ], [ -121.907809, 36.399397 ], [ -121.908602, 36.399695 ], [ -121.908942, 36.399924 ], [ -121.910046, 36.400061 ], [ -121.910414, 36.400336 ], [ -121.910613, 36.400634 ], [ -121.910641, 36.400977 ], [ -121.910726, 36.401184 ], [ -121.910867, 36.401252 ], [ -121.911264, 36.401184 ], [ -121.911576, 36.400611 ], [ -121.911944, 36.400314 ], [ -121.912199, 36.400337 ], [ -121.912708, 36.400589 ], [ -121.912651, 36.401505 ], [ -121.913218, 36.402077 ], [ -121.913331, 36.402352 ], [ -121.913586, 36.402283 ], [ -121.913869, 36.401986 ], [ -121.914152, 36.402146 ], [ -121.914237, 36.402741 ], [ -121.914662, 36.403108 ], [ -121.914633, 36.403978 ], [ -121.914378, 36.404344 ], [ -121.913557, 36.405054 ], [ -121.913217, 36.405214 ], [ -121.91316, 36.40542 ], [ -121.913245, 36.405741 ], [ -121.913188, 36.405947 ], [ -121.91248, 36.406404 ], [ -121.912536, 36.406588 ], [ -121.91282, 36.406702 ], [ -121.913386, 36.406748 ], [ -121.913613, 36.406954 ], [ -121.913726, 36.407847 ], [ -121.913811, 36.407939 ], [ -121.914434, 36.407824 ], [ -121.914632, 36.407664 ], [ -121.91483, 36.407756 ], [ -121.915114, 36.408076 ], [ -121.915368, 36.408878 ], [ -121.915736, 36.409176 ], [ -121.915736, 36.409702 ], [ -121.915821, 36.409885 ], [ -121.916954, 36.410779 ], [ -121.91718, 36.411145 ], [ -121.917152, 36.411328 ], [ -121.916897, 36.411511 ], [ -121.916982, 36.412084 ], [ -121.916245, 36.412107 ], [ -121.915707, 36.411969 ], [ -121.915282, 36.411694 ], [ -121.915027, 36.411763 ], [ -121.914829, 36.412038 ], [ -121.914829, 36.412518 ], [ -121.915792, 36.412931 ], [ -121.916273, 36.413274 ], [ -121.916132, 36.413595 ], [ -121.916245, 36.413824 ], [ -121.916471, 36.413915 ], [ -121.916953, 36.413801 ], [ -121.917293, 36.414145 ], [ -121.917434, 36.414419 ], [ -121.917463, 36.414809 ], [ -121.917378, 36.414946 ], [ -121.917123, 36.414946 ], [ -121.916811, 36.414763 ], [ -121.916528, 36.414786 ], [ -121.916584, 36.415564 ], [ -121.917037, 36.41577 ], [ -121.917037, 36.416297 ], [ -121.916811, 36.416617 ], [ -121.91766, 36.416869 ], [ -121.917632, 36.417098 ], [ -121.91681, 36.417213 ], [ -121.916215, 36.41767 ], [ -121.916158, 36.418243 ], [ -121.915393, 36.420006 ], [ -121.915308, 36.421082 ], [ -121.915024, 36.421929 ], [ -121.91474, 36.423829 ], [ -121.914655, 36.425592 ], [ -121.91474, 36.42589 ], [ -121.914966, 36.426211 ], [ -121.915873, 36.426738 ], [ -121.915646, 36.427058 ], [ -121.915674, 36.427241 ], [ -121.916467, 36.427218 ], [ -121.916751, 36.427699 ], [ -121.916637, 36.427837 ], [ -121.915929, 36.428134 ], [ -121.915985, 36.42834 ], [ -121.91624, 36.428524 ], [ -121.917005, 36.428409 ], [ -121.917572, 36.428478 ], [ -121.917458, 36.429463 ], [ -121.91777, 36.429737 ], [ -121.918337, 36.429989 ], [ -121.919016, 36.430539 ], [ -121.919073, 36.430928 ], [ -121.918251, 36.431043 ], [ -121.918195, 36.431317 ], [ -121.918478, 36.431592 ], [ -121.918478, 36.432096 ], [ -121.919299, 36.432554 ], [ -121.919469, 36.433195 ], [ -121.919497, 36.433859 ], [ -121.920149, 36.434867 ], [ -121.920063, 36.435805 ], [ -121.920545, 36.436882 ], [ -121.920885, 36.436744 ], [ -121.921452, 36.436905 ], [ -121.922131, 36.437683 ], [ -121.922131, 36.438782 ], [ -121.922301, 36.43908 ], [ -121.922669, 36.439217 ], [ -121.922953, 36.440088 ], [ -121.923094, 36.440294 ], [ -121.923349, 36.440294 ], [ -121.924029, 36.440019 ], [ -121.924171, 36.440134 ], [ -121.924256, 36.440546 ], [ -121.923944, 36.440843 ], [ -121.923944, 36.440981 ], [ -121.924398, 36.441233 ], [ -121.924482, 36.441645 ], [ -121.923519, 36.441553 ], [ -121.923604, 36.441919 ], [ -121.923802, 36.441988 ], [ -121.924567, 36.442675 ], [ -121.924681, 36.443248 ], [ -121.925134, 36.443797 ], [ -121.925757, 36.444393 ], [ -121.926692, 36.445927 ], [ -121.926919, 36.446087 ], [ -121.92706, 36.446339 ], [ -121.927145, 36.447301 ], [ -121.92706, 36.447598 ], [ -121.92723, 36.448285 ], [ -121.9274, 36.448377 ], [ -121.927854, 36.448377 ], [ -121.92808, 36.448262 ], [ -121.92842, 36.448217 ], [ -121.928846, 36.447553 ], [ -121.929157, 36.447232 ], [ -121.929384, 36.447163 ], [ -121.929497, 36.447232 ], [ -121.929441, 36.447598 ], [ -121.929214, 36.447919 ], [ -121.929214, 36.448102 ], [ -121.929667, 36.448423 ], [ -121.929667, 36.449178 ], [ -121.929185, 36.449728 ], [ -121.929157, 36.450598 ], [ -121.928987, 36.451056 ], [ -121.929667, 36.451674 ], [ -121.929808, 36.452132 ], [ -121.929922, 36.452224 ], [ -121.92995, 36.452407 ], [ -121.929723, 36.452521 ], [ -121.929723, 36.452659 ], [ -121.930177, 36.453048 ], [ -121.930148, 36.453231 ], [ -121.929808, 36.453483 ], [ -121.9291, 36.453277 ], [ -121.928845, 36.453368 ], [ -121.928675, 36.453574 ], [ -121.928391, 36.453552 ], [ -121.927994, 36.453391 ], [ -121.927399, 36.45346 ], [ -121.927116, 36.453712 ], [ -121.9255, 36.453918 ], [ -121.92533, 36.454147 ], [ -121.925358, 36.454788 ], [ -121.925443, 36.454994 ], [ -121.92601, 36.455314 ], [ -121.926038, 36.455612 ], [ -121.92618, 36.455864 ], [ -121.926634, 36.456024 ], [ -121.926605, 36.456322 ], [ -121.92652, 36.456413 ], [ -121.926152, 36.456436 ], [ -121.925982, 36.456345 ], [ -121.925415, 36.456368 ], [ -121.925386, 36.456711 ], [ -121.9255, 36.4571 ], [ -121.925528, 36.45781 ], [ -121.925726, 36.458337 ], [ -121.926095, 36.45868 ], [ -121.926066, 36.458932 ], [ -121.925754, 36.459161 ], [ -121.925811, 36.459825 ], [ -121.926435, 36.459756 ], [ -121.926803, 36.459894 ], [ -121.926775, 36.460306 ], [ -121.927058, 36.461016 ], [ -121.927625, 36.461084 ], [ -121.92771, 36.461749 ], [ -121.927851, 36.461932 ], [ -121.928276, 36.462023 ], [ -121.928503, 36.462344 ], [ -121.928446, 36.462939 ], [ -121.928163, 36.463054 ], [ -121.928163, 36.463191 ], [ -121.92839, 36.463466 ], [ -121.928333, 36.463832 ], [ -121.929098, 36.463855 ], [ -121.92924, 36.464038 ], [ -121.929353, 36.465092 ], [ -121.929807, 36.465183 ], [ -121.929977, 36.466443 ], [ -121.930799, 36.466488 ], [ -121.930855, 36.466763 ], [ -121.931451, 36.466878 ], [ -121.931564, 36.467427 ], [ -121.931932, 36.467931 ], [ -121.932301, 36.468023 ], [ -121.932953, 36.468549 ], [ -121.93335, 36.468618 ], [ -121.933945, 36.469236 ], [ -121.934087, 36.469236 ], [ -121.934342, 36.468984 ], [ -121.934512, 36.469007 ], [ -121.934682, 36.469282 ], [ -121.934653, 36.470152 ], [ -121.935135, 36.47029 ], [ -121.935617, 36.470725 ], [ -121.936184, 36.471595 ], [ -121.936496, 36.471755 ], [ -121.936893, 36.471824 ], [ -121.937091, 36.471984 ], [ -121.937205, 36.472236 ], [ -121.937205, 36.472488 ], [ -121.937006, 36.472648 ], [ -121.936978, 36.473381 ], [ -121.937375, 36.473495 ], [ -121.937488, 36.473633 ], [ -121.937488, 36.474159 ], [ -121.93797, 36.474571 ], [ -121.93814, 36.475327 ], [ -121.93848, 36.47606 ], [ -121.93848, 36.477227 ], [ -121.938565, 36.477502 ], [ -121.93831, 36.47764 ], [ -121.93831, 36.4778 ], [ -121.938679, 36.478097 ], [ -121.938679, 36.478281 ], [ -121.938055, 36.478349 ], [ -121.93797, 36.47851 ], [ -121.938367, 36.478876 ], [ -121.938338, 36.47899 ], [ -121.937856, 36.479059 ], [ -121.93797, 36.479334 ], [ -121.939019, 36.479906 ], [ -121.93899, 36.480044 ], [ -121.938423, 36.480433 ], [ -121.938338, 36.480616 ], [ -121.938367, 36.481372 ], [ -121.938393, 36.481388 ], [ -121.939245, 36.481921 ], [ -121.939302, 36.482104 ], [ -121.939472, 36.482242 ], [ -121.939784, 36.48215 ], [ -121.940124, 36.482196 ], [ -121.940294, 36.482608 ], [ -121.940635, 36.482837 ], [ -121.940748, 36.48373 ], [ -121.940975, 36.48389 ], [ -121.940975, 36.484692 ], [ -121.941372, 36.484944 ], [ -121.941514, 36.48515 ], [ -121.9416, 36.485602 ], [ -121.942128, 36.486145 ], [ -121.944094, 36.487714 ], [ -121.944377, 36.487691 ], [ -121.944406, 36.488149 ], [ -121.944718, 36.488264 ], [ -121.944718, 36.489111 ], [ -121.945058, 36.489202 ], [ -121.9452, 36.48934 ], [ -121.945228, 36.489889 ], [ -121.944689, 36.490347 ], [ -121.944633, 36.490576 ], [ -121.945512, 36.490462 ], [ -121.945909, 36.490187 ], [ -121.946249, 36.490416 ], [ -121.946192, 36.490851 ], [ -121.945937, 36.490897 ], [ -121.945824, 36.49108 ], [ -121.945739, 36.491561 ], [ -121.945143, 36.491813 ], [ -121.945342, 36.492202 ], [ -121.945313, 36.492454 ], [ -121.944945, 36.492843 ], [ -121.944661, 36.493324 ], [ -121.944523, 36.493358 ], [ -121.944293, 36.493415 ], [ -121.944037, 36.493141 ], [ -121.943754, 36.493049 ], [ -121.943385, 36.493072 ], [ -121.94313, 36.493507 ], [ -121.94296, 36.493484 ], [ -121.942818, 36.493301 ], [ -121.942421, 36.493392 ], [ -121.942109, 36.49369 ], [ -121.941882, 36.494194 ], [ -121.941173, 36.494766 ], [ -121.941202, 36.495293 ], [ -121.940606, 36.495407 ], [ -121.940181, 36.49511 ], [ -121.939925, 36.495133 ], [ -121.939925, 36.495384 ], [ -121.940123, 36.495682 ], [ -121.940208, 36.496003 ], [ -121.94018, 36.496392 ], [ -121.940066, 36.496484 ], [ -121.939386, 36.496667 ], [ -121.939216, 36.496896 ], [ -121.939187, 36.497376 ], [ -121.939017, 36.497491 ], [ -121.93945, 36.499603 ], [ -121.939499, 36.499962 ], [ -121.939965, 36.499962 ], [ -121.94003, 36.500275 ], [ -121.940182, 36.500969 ], [ -121.940106, 36.501427 ], [ -121.940228, 36.501671 ], [ -121.939965, 36.501762 ], [ -121.939755, 36.501823 ], [ -121.939665, 36.501961 ], [ -121.939465, 36.502029 ], [ -121.939313, 36.501656 ], [ -121.939267, 36.501343 ], [ -121.938733, 36.50148 ], [ -121.938565, 36.501162 ], [ -121.938504, 36.501091 ], [ -121.938365, 36.501162 ], [ -121.938365, 36.501562 ], [ -121.938473, 36.501762 ], [ -121.938465, 36.501861 ], [ -121.938504, 36.502044 ], [ -121.938443, 36.502517 ], [ -121.938733, 36.502357 ], [ -121.938702, 36.502639 ], [ -121.93884, 36.502875 ], [ -121.938765, 36.503061 ], [ -121.939053, 36.503211 ], [ -121.939236, 36.503013 ], [ -121.939374, 36.503356 ], [ -121.939191, 36.503799 ], [ -121.938946, 36.50389 ], [ -121.939069, 36.504356 ], [ -121.938901, 36.504455 ], [ -121.938718, 36.504386 ], [ -121.938458, 36.504592 ], [ -121.938165, 36.504561 ], [ -121.938016, 36.504783 ], [ -121.937985, 36.504989 ], [ -121.938382, 36.505187 ], [ -121.938626, 36.505576 ], [ -121.938916, 36.505561 ], [ -121.938965, 36.505761 ], [ -121.939053, 36.506026 ], [ -121.938794, 36.506095 ], [ -121.938865, 36.506261 ], [ -121.938763, 36.506423 ], [ -121.938992, 36.506637 ], [ -121.939358, 36.506896 ], [ -121.939648, 36.506957 ], [ -121.939938, 36.506934 ], [ -121.940228, 36.506919 ], [ -121.940381, 36.50698 ], [ -121.940473, 36.506988 ], [ -121.940565, 36.506904 ], [ -121.940566, 36.506761 ], [ -121.940641, 36.506797 ], [ -121.94084, 36.506827 ], [ -121.940992, 36.506858 ], [ -121.941099, 36.506835 ], [ -121.941145, 36.506942 ], [ -121.941252, 36.507102 ], [ -121.941358, 36.507163 ], [ -121.941496, 36.507194 ], [ -121.941541, 36.507117 ], [ -121.94148, 36.507049 ], [ -121.941404, 36.506911 ], [ -121.941419, 36.506774 ], [ -121.941557, 36.506759 ], [ -121.941664, 36.506682 ], [ -121.941709, 36.506591 ], [ -121.941877, 36.506599 ], [ -121.942076, 36.506751 ], [ -121.942289, 36.506873 ], [ -121.942304, 36.507049 ], [ -121.942274, 36.507209 ], [ -121.942365, 36.507362 ], [ -121.942457, 36.507529 ], [ -121.942381, 36.507651 ], [ -121.942243, 36.507537 ], [ -121.942167, 36.507423 ], [ -121.941923, 36.507323 ], [ -121.942091, 36.50759 ], [ -121.94206, 36.507789 ], [ -121.942121, 36.507896 ], [ -121.94206, 36.507979 ], [ -121.941847, 36.507995 ], [ -121.941633, 36.507926 ], [ -121.94145, 36.507827 ], [ -121.941266, 36.507661 ], [ -121.941066, 36.507561 ], [ -121.941084, 36.507743 ], [ -121.941267, 36.507896 ], [ -121.941343, 36.507995 ], [ -121.941206, 36.508018 ], [ -121.941023, 36.50801 ], [ -121.940946, 36.508071 ], [ -121.940962, 36.508155 ], [ -121.941129, 36.5083 ], [ -121.941191, 36.508514 ], [ -121.941328, 36.508468 ], [ -121.941389, 36.508376 ], [ -121.941496, 36.508422 ], [ -121.941664, 36.508445 ], [ -121.941801, 36.508437 ], [ -121.941938, 36.508536 ], [ -121.941923, 36.50862 ], [ -121.941953, 36.508697 ], [ -121.94206, 36.508659 ], [ -121.942198, 36.508552 ], [ -121.94232, 36.508567 ], [ -121.942366, 36.508761 ], [ -121.942289, 36.508926 ], [ -121.942442, 36.509017 ], [ -121.942503, 36.509101 ], [ -121.942426, 36.509185 ], [ -121.942304, 36.509162 ], [ -121.942106, 36.509109 ], [ -121.942045, 36.509177 ], [ -121.941892, 36.509215 ], [ -121.941877, 36.509338 ], [ -121.942014, 36.509444 ], [ -121.942228, 36.509635 ], [ -121.942411, 36.509681 ], [ -121.942503, 36.509612 ], [ -121.942594, 36.509643 ], [ -121.942518, 36.50975 ], [ -121.942366, 36.509961 ], [ -121.942411, 36.510062 ], [ -121.942304, 36.510093 ], [ -121.942091, 36.510047 ], [ -121.941938, 36.510047 ], [ -121.941816, 36.510184 ], [ -121.941786, 36.510573 ], [ -121.941999, 36.510657 ], [ -121.942182, 36.510749 ], [ -121.942228, 36.510863 ], [ -121.942045, 36.510871 ], [ -121.941877, 36.510856 ], [ -121.94177, 36.511031 ], [ -121.941953, 36.511062 ], [ -121.942076, 36.511115 ], [ -121.941966, 36.511261 ], [ -121.942167, 36.511298 ], [ -121.942426, 36.511329 ], [ -121.942457, 36.511504 ], [ -121.942182, 36.511504 ], [ -121.942259, 36.511619 ], [ -121.942167, 36.511695 ], [ -121.942198, 36.511802 ], [ -121.942304, 36.511855 ], [ -121.942442, 36.511809 ], [ -121.942777, 36.511726 ], [ -121.943037, 36.511756 ], [ -121.943189, 36.511825 ], [ -121.943327, 36.511863 ], [ -121.943418, 36.51184 ], [ -121.943495, 36.511741 ], [ -121.943632, 36.511726 ], [ -121.943678, 36.511802 ], [ -121.943708, 36.511939 ], [ -121.943846, 36.511993 ], [ -121.944044, 36.512076 ], [ -121.944135, 36.512214 ], [ -121.944273, 36.51226 ], [ -121.944441, 36.512336 ], [ -121.944563, 36.512389 ], [ -121.944624, 36.512527 ], [ -121.944578, 36.512633 ], [ -121.944425, 36.512694 ], [ -121.944242, 36.512633 ], [ -121.94412, 36.512694 ], [ -121.944181, 36.512771 ], [ -121.944181, 36.512847 ], [ -121.944196, 36.512954 ], [ -121.944334, 36.513084 ], [ -121.944486, 36.513114 ], [ -121.944593, 36.512984 ], [ -121.944792, 36.512939 ], [ -121.944914, 36.512809 ], [ -121.945066, 36.512861 ], [ -121.945448, 36.512847 ], [ -121.945493, 36.512939 ], [ -121.945493, 36.513183 ], [ -121.945631, 36.51348 ], [ -121.945799, 36.513251 ], [ -121.94589, 36.513152 ], [ -121.945951, 36.513068 ], [ -121.946058, 36.513076 ], [ -121.946134, 36.513167 ], [ -121.946165, 36.513259 ], [ -121.946333, 36.513366 ], [ -121.94647, 36.513488 ], [ -121.946668, 36.513602 ], [ -121.946867, 36.513633 ], [ -121.946989, 36.513587 ], [ -121.94708, 36.513511 ], [ -121.947187, 36.513541 ], [ -121.94737, 36.513694 ], [ -121.947431, 36.513877 ], [ -121.947569, 36.514045 ], [ -121.947569, 36.513915 ], [ -121.94766, 36.513824 ], [ -121.947767, 36.513923 ], [ -121.947859, 36.514068 ], [ -121.94795, 36.514335 ], [ -121.948166, 36.515061 ], [ -121.948438, 36.515403 ], [ -121.948545, 36.515494 ], [ -121.948698, 36.515571 ], [ -121.948759, 36.515693 ], [ -121.948942, 36.515754 ], [ -121.949034, 36.51567 ], [ -121.949156, 36.515571 ], [ -121.949232, 36.51554 ], [ -121.949339, 36.515548 ], [ -121.94943, 36.515655 ], [ -121.949308, 36.515716 ], [ -121.94943, 36.515876 ], [ -121.949568, 36.516074 ], [ -121.94972, 36.516158 ], [ -121.949903, 36.516646 ], [ -121.949827, 36.516708 ], [ -121.949766, 36.516791 ], [ -121.94969, 36.516936 ], [ -121.949522, 36.516944 ], [ -121.949568, 36.517043 ], [ -121.949781, 36.517051 ], [ -121.949919, 36.517142 ], [ -121.950102, 36.517135 ], [ -121.950239, 36.517036 ], [ -121.950361, 36.517066 ], [ -121.950468, 36.517051 ], [ -121.950529, 36.516975 ], [ -121.950849, 36.516479 ], [ -121.950941, 36.516372 ], [ -121.951032, 36.516318 ], [ -121.951048, 36.516166 ], [ -121.95117, 36.515899 ], [ -121.951277, 36.515998 ], [ -121.951353, 36.516143 ], [ -121.951368, 36.51644 ], [ -121.951505, 36.516654 ], [ -121.951658, 36.516616 ], [ -121.951765, 36.516624 ], [ -121.951856, 36.516685 ], [ -121.951963, 36.516677 ], [ -121.952101, 36.516761 ], [ -121.952146, 36.516875 ], [ -121.952266, 36.516861 ], [ -121.95236, 36.516959 ], [ -121.95239, 36.517089 ], [ -121.952268, 36.517249 ], [ -121.952146, 36.517379 ], [ -121.952085, 36.517493 ], [ -121.952146, 36.517646 ], [ -121.952329, 36.518027 ], [ -121.952436, 36.518043 ], [ -121.95297, 36.518066 ], [ -121.952955, 36.517966 ], [ -121.95297, 36.517852 ], [ -121.95297, 36.517722 ], [ -121.953062, 36.517577 ], [ -121.953169, 36.517516 ], [ -121.953321, 36.517524 ], [ -121.953565, 36.5176 ], [ -121.953657, 36.517661 ], [ -121.954267, 36.518218 ], [ -121.954267, 36.518348 ], [ -121.954389, 36.518462 ], [ -121.954481, 36.518531 ], [ -121.954511, 36.518622 ], [ -121.954496, 36.518752 ], [ -121.954527, 36.51889 ], [ -121.954477, 36.518985 ], [ -121.954435, 36.519065 ], [ -121.954359, 36.519111 ], [ -121.954252, 36.519157 ], [ -121.954145, 36.519164 ], [ -121.954023, 36.51924 ], [ -121.953947, 36.519309 ], [ -121.953901, 36.519378 ], [ -121.953901, 36.519462 ], [ -121.953962, 36.519607 ], [ -121.954069, 36.519797 ], [ -121.954466, 36.521861 ], [ -121.95413, 36.522582 ], [ -121.954206, 36.522864 ], [ -121.95413, 36.523124 ], [ -121.953748, 36.523002 ], [ -121.953565, 36.522964 ], [ -121.953382, 36.523032 ], [ -121.954252, 36.523696 ], [ -121.953886, 36.523757 ], [ -121.953581, 36.52362 ], [ -121.953611, 36.52378 ], [ -121.953398, 36.523849 ], [ -121.953184, 36.52365 ], [ -121.953184, 36.523841 ], [ -121.953031, 36.523978 ], [ -121.952925, 36.524253 ], [ -121.952696, 36.524291 ], [ -121.952513, 36.524116 ], [ -121.952166, 36.523661 ], [ -121.951704, 36.523383 ], [ -121.951093, 36.523139 ], [ -121.950956, 36.522758 ], [ -121.950605, 36.522437 ], [ -121.950566, 36.521961 ], [ -121.95034, 36.521552 ], [ -121.949794, 36.52114 ], [ -121.949401, 36.521374 ], [ -121.949266, 36.521961 ], [ -121.949369, 36.522185 ], [ -121.949293, 36.522338 ], [ -121.949339, 36.522452 ], [ -121.949232, 36.52262 ], [ -121.94914, 36.522925 ], [ -121.948774, 36.522925 ], [ -121.948515, 36.522719 ], [ -121.948347, 36.522681 ], [ -121.948316, 36.522819 ], [ -121.948423, 36.523246 ], [ -121.948166, 36.523561 ], [ -121.948347, 36.523666 ], [ -121.948332, 36.523795 ], [ -121.948118, 36.523925 ], [ -121.947813, 36.524001 ], [ -121.947538, 36.524001 ], [ -121.947266, 36.523861 ], [ -121.946379, 36.52336 ], [ -121.946333, 36.523078 ], [ -121.946241, 36.52304 ], [ -121.946165, 36.523193 ], [ -121.945951, 36.5232 ], [ -121.94586, 36.523009 ], [ -121.945463, 36.52304 ], [ -121.937513, 36.52307 ], [ -121.937208, 36.523048 ], [ -121.937132, 36.52317 ], [ -121.93733, 36.523345 ], [ -121.937238, 36.523482 ], [ -121.936978, 36.523368 ], [ -121.936825, 36.523688 ], [ -121.936475, 36.523414 ], [ -121.936365, 36.523661 ], [ -121.935818, 36.523513 ], [ -121.935605, 36.52307 ], [ -121.935406, 36.523002 ], [ -121.935132, 36.523032 ], [ -121.935065, 36.522661 ], [ -121.934018, 36.522414 ], [ -121.933774, 36.522559 ], [ -121.93353, 36.522773 ], [ -121.933163, 36.523048 ], [ -121.933133, 36.523345 ], [ -121.933255, 36.523383 ], [ -121.933362, 36.523559 ], [ -121.933224, 36.523688 ], [ -121.932996, 36.523704 ], [ -121.932765, 36.523561 ], [ -121.931912, 36.523589 ], [ -121.931561, 36.523757 ], [ -121.931302, 36.523666 ], [ -121.931149, 36.523513 ], [ -121.930966, 36.523566 ], [ -121.930768, 36.523551 ], [ -121.930325, 36.523841 ], [ -121.929913, 36.523833 ], [ -121.929547, 36.523292 ], [ -121.928769, 36.523147 ], [ -121.927655, 36.523612 ], [ -121.926282, 36.524688 ], [ -121.925937, 36.525173 ], [ -121.925665, 36.527161 ], [ -121.925488, 36.527404 ], [ -121.925657, 36.527915 ], [ -121.926222, 36.528075 ], [ -121.926039, 36.528525 ], [ -121.926161, 36.528693 ], [ -121.926024, 36.529258 ], [ -121.925841, 36.529838 ], [ -121.925995, 36.530707 ], [ -121.926529, 36.531226 ], [ -121.927079, 36.531768 ], [ -121.926896, 36.532333 ], [ -121.92734, 36.533073 ], [ -121.927568, 36.533553 ], [ -121.927951, 36.533996 ], [ -121.928256, 36.53511 ], [ -121.92844, 36.535925 ], [ -121.928451, 36.536736 ], [ -121.928907, 36.537842 ], [ -121.929334, 36.538683 ], [ -121.930022, 36.539394 ], [ -121.930571, 36.539754 ], [ -121.931992, 36.539478 ], [ -121.932388, 36.539443 ], [ -121.932327, 36.539791 ], [ -121.932953, 36.540075 ], [ -121.93286, 36.54023 ], [ -121.932906, 36.540679 ], [ -121.933135, 36.541284 ], [ -121.933059, 36.541764 ], [ -121.933288, 36.542222 ], [ -121.93315, 36.54295 ], [ -121.933654, 36.543471 ], [ -121.933608, 36.543975 ], [ -121.933257, 36.544248 ], [ -121.933532, 36.544806 ], [ -121.93292, 36.544813 ], [ -121.932723, 36.544796 ], [ -121.932309, 36.54476 ], [ -121.931961, 36.544952 ], [ -121.93195, 36.544958 ], [ -121.931765, 36.545061 ], [ -121.9315, 36.545158 ], [ -121.930936, 36.54515 ], [ -121.930586, 36.545268 ], [ -121.930371, 36.545341 ], [ -121.929806, 36.546043 ], [ -121.929394, 36.548087 ], [ -121.930784, 36.554945 ], [ -121.930844, 36.555091 ], [ -121.931603, 36.556925 ], [ -121.931761, 36.557306 ], [ -121.931866, 36.55756 ], [ -121.931908, 36.557686 ], [ -121.932279, 36.558806 ], [ -121.932508, 36.559935 ], [ -121.933439, 36.560331 ], [ -121.933439, 36.56056 ], [ -121.933744, 36.56098 ], [ -121.934217, 36.561247 ], [ -121.934507, 36.561171 ], [ -121.93469, 36.561255 ], [ -121.934995, 36.561293 ], [ -121.935148, 36.561049 ], [ -121.93556, 36.561247 ], [ -121.93556, 36.561392 ], [ -121.935026, 36.561575 ], [ -121.935301, 36.562094 ], [ -121.935896, 36.56217 ], [ -121.936216, 36.562407 ], [ -121.937315, 36.563093 ], [ -121.937727, 36.563047 ], [ -121.937483, 36.562391 ], [ -121.938093, 36.561941 ], [ -121.938612, 36.561911 ], [ -121.93881, 36.56159 ], [ -121.940275, 36.561163 ], [ -121.940595, 36.561255 ], [ -121.94376, 36.561417 ], [ -121.94904, 36.561617 ], [ -121.951322, 36.561674 ], [ -121.951521, 36.561338 ], [ -121.952375, 36.561018 ], [ -121.953245, 36.561155 ], [ -121.954115, 36.561445 ], [ -121.955152, 36.561873 ], [ -121.955381, 36.562117 ], [ -121.955855, 36.562506 ], [ -121.956588, 36.562948 ], [ -121.956755, 36.563208 ], [ -121.957045, 36.563192 ], [ -121.957412, 36.564039 ], [ -121.957335, 36.564482 ], [ -121.957702, 36.564703 ], [ -121.958098, 36.564695 ], [ -121.958144, 36.56513 ], [ -121.958373, 36.565237 ], [ -121.958937, 36.565374 ], [ -121.960112, 36.565931 ], [ -121.960494, 36.565825 ], [ -121.960723, 36.565725 ], [ -121.961058, 36.566206 ], [ -121.961425, 36.56674 ], [ -121.962493, 36.567312 ], [ -121.963134, 36.567335 ], [ -121.963042, 36.567183 ], [ -121.96324, 36.567022 ], [ -121.963439, 36.567335 ], [ -121.963652, 36.567503 ], [ -121.963805, 36.567282 ], [ -121.96408, 36.567488 ], [ -121.963958, 36.567686 ], [ -121.964171, 36.567808 ], [ -121.963912, 36.567892 ], [ -121.963836, 36.568083 ], [ -121.964064, 36.568304 ], [ -121.964049, 36.568579 ], [ -121.964278, 36.56867 ], [ -121.964568, 36.568518 ], [ -121.965285, 36.568663 ], [ -121.965499, 36.568815 ], [ -121.965209, 36.568976 ], [ -121.965087, 36.56909 ], [ -121.965407, 36.56912 ], [ -121.966262, 36.56941 ], [ -121.96646, 36.56912 ], [ -121.966933, 36.569128 ], [ -121.967574, 36.569113 ], [ -121.968276, 36.568998 ], [ -121.968856, 36.569166 ], [ -121.969451, 36.569143 ], [ -121.969853, 36.56935 ], [ -121.971007, 36.569944 ], [ -121.970961, 36.57025 ], [ -121.970794, 36.570402 ], [ -121.970916, 36.570707 ], [ -121.970458, 36.570746 ], [ -121.970595, 36.570913 ], [ -121.971434, 36.571241 ], [ -121.971434, 36.571463 ], [ -121.970717, 36.571455 ], [ -121.970595, 36.572081 ], [ -121.97087, 36.571852 ], [ -121.971282, 36.571966 ], [ -121.971068, 36.572203 ], [ -121.971267, 36.57263 ], [ -121.971053, 36.572645 ], [ -121.971145, 36.572882 ], [ -121.971511, 36.573324 ], [ -121.97174, 36.573187 ], [ -121.972594, 36.57337 ], [ -121.972976, 36.574087 ], [ -121.97322, 36.574049 ], [ -121.973464, 36.57427 ], [ -121.973311, 36.574698 ], [ -121.972915, 36.574644 ], [ -121.973021, 36.574865 ], [ -121.972487, 36.574873 ], [ -121.972304, 36.575407 ], [ -121.973113, 36.57614 ], [ -121.973555, 36.576826 ], [ -121.973845, 36.576735 ], [ -121.97415, 36.577055 ], [ -121.974567, 36.57706 ], [ -121.974741, 36.57703 ], [ -121.975005, 36.576986 ], [ -121.975783, 36.577467 ], [ -121.975615, 36.578001 ], [ -121.976012, 36.578116 ], [ -121.976012, 36.578413 ], [ -121.976409, 36.578596 ], [ -121.976516, 36.578924 ], [ -121.976683, 36.579229 ], [ -121.976775, 36.579763 ], [ -121.977004, 36.579817 ], [ -121.977324, 36.579489 ], [ -121.977874, 36.579504 ], [ -121.978271, 36.579779 ], [ -121.978378, 36.579977 ], [ -121.978424, 36.580206 ], [ -121.978744, 36.580236 ], [ -121.978592, 36.580488 ], [ -121.978714, 36.581488 ], [ -121.978348, 36.581465 ], [ -121.978485, 36.581602 ], [ -121.978393, 36.581747 ], [ -121.974425, 36.583578 ], [ -121.973937, 36.583586 ], [ -121.973662, 36.583448 ], [ -121.973311, 36.583525 ], [ -121.97264, 36.58367 ], [ -121.972442, 36.583876 ], [ -121.972228, 36.584135 ], [ -121.971785, 36.584036 ], [ -121.971526, 36.583754 ], [ -121.971465, 36.58322 ], [ -121.970992, 36.582983 ], [ -121.970427, 36.582754 ], [ -121.96997, 36.582731 ], [ -121.969567, 36.58276 ], [ -121.968718, 36.582663 ], [ -121.96791, 36.583014 ], [ -121.967955, 36.583372 ], [ -121.967681, 36.583555 ], [ -121.967666, 36.583731 ], [ -121.967849, 36.583838 ], [ -121.967818, 36.58399 ], [ -121.96736, 36.58415 ], [ -121.966994, 36.584562 ], [ -121.96643, 36.584707 ], [ -121.966475, 36.584936 ], [ -121.966781, 36.585035 ], [ -121.966475, 36.585272 ], [ -121.966109, 36.585241 ], [ -121.965697, 36.585753 ], [ -121.965239, 36.58634 ], [ -121.964506, 36.587985 ], [ -121.964278, 36.588499 ], [ -121.964167, 36.58876 ], [ -121.963836, 36.589415 ], [ -121.963854, 36.589533 ], [ -121.963912, 36.589903 ], [ -121.964141, 36.590124 ], [ -121.964629, 36.590292 ], [ -121.964751, 36.590536 ], [ -121.965133, 36.590513 ], [ -121.965239, 36.590979 ], [ -121.965438, 36.591291 ], [ -121.965072, 36.591757 ], [ -121.964949, 36.592276 ], [ -121.964385, 36.592505 ], [ -121.96437, 36.592657 ], [ -121.963347, 36.593069 ], [ -121.963256, 36.59329 ], [ -121.962661, 36.593763 ], [ -121.962767, 36.59446 ], [ -121.962554, 36.594709 ], [ -121.962111, 36.594748 ], [ -121.961837, 36.594854 ], [ -121.961699, 36.595053 ], [ -121.961638, 36.595678 ], [ -121.961425, 36.59606 ], [ -121.961211, 36.597181 ], [ -121.962264, 36.598555 ], [ -121.962279, 36.598867 ], [ -121.962493, 36.599051 ], [ -121.962539, 36.599379 ], [ -121.962157, 36.599493 ], [ -121.962172, 36.600287 ], [ -121.961837, 36.601172 ], [ -121.961287, 36.601728 ], [ -121.961074, 36.602362 ], [ -121.961333, 36.602491 ], [ -121.961364, 36.602911 ], [ -121.960997, 36.603444 ], [ -121.961013, 36.603726 ], [ -121.960601, 36.604131 ], [ -121.959884, 36.604428 ], [ -121.959487, 36.604688 ], [ -121.959411, 36.605054 ], [ -121.959563, 36.606252 ], [ -121.959349, 36.606465 ], [ -121.959288, 36.607144 ], [ -121.958983, 36.607251 ], [ -121.958724, 36.607472 ], [ -121.958739, 36.60809 ], [ -121.958937, 36.608281 ], [ -121.958678, 36.608418 ], [ -121.959105, 36.609174 ], [ -121.9588, 36.6097 ], [ -121.958267, 36.609859 ], [ -121.956939, 36.610639 ], [ -121.956405, 36.610341 ], [ -121.955825, 36.610425 ], [ -121.955275, 36.610341 ], [ -121.954268, 36.609761 ], [ -121.953551, 36.609227 ], [ -121.951506, 36.609181 ], [ -121.950003, 36.609841 ], [ -121.949385, 36.610112 ], [ -121.949066, 36.610372 ], [ -121.947158, 36.611928 ], [ -121.946914, 36.6125 ], [ -121.946321, 36.613264 ], [ -121.946257, 36.613347 ], [ -121.945876, 36.614644 ], [ -121.945281, 36.614736 ], [ -121.944547, 36.615018 ], [ -121.944398, 36.615143 ], [ -121.943235, 36.616124 ], [ -121.941666, 36.618059 ], [ -121.941666, 36.620559 ], [ -121.941317, 36.622686 ], [ -121.940466, 36.623759 ], [ -121.940266, 36.626959 ], [ -121.938066, 36.627259 ], [ -121.937366, 36.630159 ], [ -121.938666, 36.632659 ], [ -121.938551, 36.633908 ], [ -121.938466, 36.634023 ], [ -121.937266, 36.635659 ], [ -121.93643, 36.636746 ], [ -121.934751, 36.637418 ], [ -121.932524, 36.637265 ], [ -121.930437, 36.637066 ], [ -121.930366, 36.637059 ], [ -121.929666, 36.636959 ], [ -121.927466, 36.635759 ], [ -121.926366, 36.635359 ], [ -121.925866, 36.635259 ], [ -121.925382, 36.634961 ], [ -121.923959, 36.634481 ], [ -121.921502, 36.632229 ], [ -121.921366, 36.630359 ], [ -121.921366, 36.629659 ], [ -121.920866, 36.628959 ], [ -121.920366, 36.628059 ], [ -121.916566, 36.626659 ], [ -121.914965, 36.626959 ], [ -121.915865, 36.625859 ], [ -121.916065, 36.625359 ], [ -121.915887, 36.625208 ], [ -121.914765, 36.624259 ], [ -121.913865, 36.623159 ], [ -121.911665, 36.623359 ], [ -121.909465, 36.621359 ], [ -121.906095, 36.620841 ], [ -121.905565, 36.620759 ], [ -121.905165, 36.621859 ], [ -121.903765, 36.621759 ], [ -121.903265, 36.619559 ], [ -121.90322, 36.619517 ], [ -121.902107, 36.618497 ], [ -121.902065, 36.618459 ], [ -121.901904, 36.618499 ], [ -121.900865, 36.618759 ], [ -121.900865, 36.617659 ], [ -121.899265, 36.617059 ], [ -121.898965, 36.615559 ], [ -121.898653, 36.61532 ], [ -121.898314, 36.615062 ], [ -121.896865, 36.613959 ], [ -121.897065, 36.611759 ], [ -121.896718, 36.611413 ], [ -121.896508, 36.611203 ], [ -121.896462, 36.611157 ], [ -121.896389, 36.611083 ], [ -121.895965, 36.610659 ], [ -121.895266, 36.610206 ], [ -121.894929, 36.609988 ], [ -121.894265, 36.609559 ], [ -121.893285, 36.609538 ], [ -121.892767, 36.609486 ], [ -121.89257, 36.609425 ], [ -121.892226, 36.609321 ], [ -121.890769, 36.608832 ], [ -121.890146, 36.60866 ], [ -121.88965, 36.608487 ], [ -121.889204, 36.606865 ], [ -121.889237, 36.605073 ], [ -121.889162, 36.604893 ], [ -121.88938, 36.603729 ], [ -121.88926, 36.603684 ], [ -121.889583, 36.601885 ], [ -121.888989, 36.601749 ], [ -121.886764, 36.601459 ], [ -121.886102, 36.601315 ], [ -121.884655, 36.601256 ], [ -121.883801, 36.601288 ], [ -121.883216, 36.601335 ], [ -121.879773, 36.60183 ], [ -121.879148, 36.601884 ], [ -121.879112, 36.601888 ], [ -121.878884, 36.601915 ], [ -121.877904, 36.602091 ], [ -121.876324, 36.602371 ], [ -121.875793, 36.602511 ], [ -121.87206, 36.603952 ], [ -121.871601, 36.604173 ], [ -121.867965, 36.60585 ], [ -121.866494, 36.606498 ], [ -121.865427, 36.607339 ], [ -121.860604, 36.611136 ], [ -121.859098, 36.612162 ], [ -121.858844, 36.612335 ], [ -121.858663, 36.612459 ], [ -121.858557, 36.612376 ], [ -121.858214, 36.612738 ], [ -121.85792, 36.613048 ], [ -121.857833, 36.61314 ], [ -121.857677, 36.613305 ], [ -121.85767, 36.613427 ], [ -121.857663, 36.613559 ], [ -121.857437, 36.613782 ], [ -121.849563, 36.621559 ], [ -121.842263, 36.630059 ], [ -121.841731, 36.631017 ], [ -121.840922, 36.631871 ], [ -121.840388, 36.632779 ], [ -121.839747, 36.633908 ], [ -121.838954, 36.634885 ], [ -121.837931, 36.636022 ], [ -121.837306, 36.637105 ], [ -121.836664, 36.637937 ], [ -121.836343, 36.638646 ], [ -121.83558, 36.639737 ], [ -121.834848, 36.640889 ], [ -121.83381, 36.642255 ], [ -121.833063, 36.643422 ], [ -121.831995, 36.644856 ], [ -121.83111, 36.646276 ], [ -121.830087, 36.648061 ], [ -121.828882, 36.650006 ], [ -121.827966, 36.651799 ], [ -121.82731, 36.653134 ], [ -121.826288, 36.654797 ], [ -121.826105, 36.655437 ], [ -121.825052, 36.657207 ], [ -121.82467, 36.658169 ], [ -121.824197, 36.659115 ], [ -121.823557, 36.660854 ], [ -121.823557, 36.661388 ], [ -121.823236, 36.662052 ], [ -121.822778, 36.662701 ], [ -121.822626, 36.663387 ], [ -121.822275, 36.664043 ], [ -121.821878, 36.664547 ], [ -121.821695, 36.665249 ], [ -121.821588, 36.665684 ], [ -121.820963, 36.666561 ], [ -121.820322, 36.668148 ], [ -121.820093, 36.669094 ], [ -121.819635, 36.669834 ], [ -121.819437, 36.670216 ], [ -121.819391, 36.670673 ], [ -121.818369, 36.672588 ], [ -121.81814, 36.673489 ], [ -121.816522, 36.676807 ], [ -121.816568, 36.677128 ], [ -121.816507, 36.677738 ], [ -121.816263, 36.678081 ], [ -121.815881, 36.679386 ], [ -121.814462, 36.682858 ], [ -121.810583, 36.699263 ], [ -121.809495, 36.703867 ], [ -121.809204, 36.705097 ], [ -121.808977, 36.706055 ], [ -121.808973, 36.706072 ], [ -121.808633, 36.707511 ], [ -121.808024, 36.710088 ], [ -121.807465, 36.712453 ], [ -121.807062, 36.714157 ], [ -121.806832, 36.723955 ], [ -121.806762, 36.726957 ], [ -121.806712, 36.728534 ], [ -121.806683, 36.729431 ], [ -121.806661, 36.730105 ], [ -121.806362, 36.739457 ], [ -121.806329, 36.740786 ], [ -121.80639, 36.741504 ], [ -121.806192, 36.743602 ], [ -121.806146, 36.745852 ], [ -121.805662, 36.749957 ], [ -121.805643, 36.750239 ], [ -121.805627, 36.750743 ], [ -121.805338, 36.751483 ], [ -121.805062, 36.752057 ], [ -121.804773, 36.753138 ], [ -121.804529, 36.753627 ], [ -121.803995, 36.75532 ], [ -121.803247, 36.757159 ], [ -121.802957, 36.758006 ], [ -121.802484, 36.758639 ], [ -121.801447, 36.760753 ], [ -121.800867, 36.762568 ], [ -121.800562, 36.764192 ], [ -121.80076, 36.765947 ], [ -121.800531, 36.766611 ], [ -121.800333, 36.767191 ], [ -121.800104, 36.767961 ], [ -121.79928, 36.77115 ], [ -121.798395, 36.773004 ], [ -121.798273, 36.773424 ], [ -121.798303, 36.774378 ], [ -121.798349, 36.774706 ], [ -121.798165, 36.775549 ], [ -121.798105, 36.775827 ], [ -121.797357, 36.778711 ], [ -121.796381, 36.781862 ], [ -121.796182, 36.782778 ], [ -121.795633, 36.784471 ], [ -121.795312, 36.785684 ], [ -121.794931, 36.786547 ], [ -121.794702, 36.787271 ], [ -121.794611, 36.787714 ], [ -121.794244, 36.788523 ], [ -121.794, 36.789125 ], [ -121.793695, 36.790102 ], [ -121.793344, 36.790995 ], [ -121.793222, 36.791245 ], [ -121.793039, 36.79162 ], [ -121.792795, 36.792047 ], [ -121.792688, 36.79281 ], [ -121.791421, 36.796594 ], [ -121.790994, 36.797884 ], [ -121.790536, 36.798639 ], [ -121.789896, 36.799799 ], [ -121.789239, 36.800699 ], [ -121.789178, 36.801355 ], [ -121.788599, 36.802827 ], [ -121.788536, 36.803055 ], [ -121.788319, 36.803846 ], [ -121.788278, 36.803994 ], [ -121.788309, 36.804299 ], [ -121.788281, 36.804455 ], [ -121.788263, 36.804551 ], [ -121.788354, 36.804826 ], [ -121.788433, 36.804955 ], [ -121.788522, 36.8051 ], [ -121.788593, 36.805255 ], [ -121.788782, 36.805665 ], [ -121.789026, 36.805772 ], [ -121.789255, 36.805749 ], [ -121.789454, 36.805762 ], [ -121.789715, 36.807041 ], [ -121.789827, 36.807661 ], [ -121.789804, 36.808045 ], [ -121.789835, 36.808373 ], [ -121.790018, 36.808678 ], [ -121.790063, 36.809342 ], [ -121.790094, 36.810166 ], [ -121.790292, 36.810616 ], [ -121.790308, 36.811097 ], [ -121.790414, 36.811478 ], [ -121.790562, 36.812455 ], [ -121.79136, 36.814362 ], [ -121.791544, 36.815186 ], [ -121.792337, 36.816331 ], [ -121.79368, 36.818208 ], [ -121.794489, 36.819344 ], [ -121.794674, 36.819561 ], [ -121.795862, 36.820954 ], [ -121.797327, 36.823624 ], [ -121.797815, 36.82467 ], [ -121.798166, 36.825562 ], [ -121.798762, 36.826355 ], [ -121.79918, 36.82733 ], [ -121.800775, 36.831055 ], [ -121.803226, 36.836077 ], [ -121.803362, 36.836355 ], [ -121.803659, 36.836793 ], [ -121.804173, 36.838056 ], [ -121.804266, 36.838284 ], [ -121.806132, 36.842872 ], [ -121.808329, 36.846992 ], [ -121.809063, 36.848054 ], [ -121.809168, 36.848259 ], [ -121.809363, 36.848654 ], [ -121.810167, 36.850121 ], [ -121.810469, 36.850671 ] ] } },
{ "type": "Feature", "properties": { }, "geometry": { "type": "LineString", "coordinates": [ [ -121.904911, 36.353987 ], [ -121.905732, 36.354124 ], [ -121.905986, 36.354239 ], [ -121.905986, 36.354376 ], [ -121.905732, 36.354605 ], [ -121.905222, 36.354628 ], [ -121.904655, 36.354513 ], [ -121.904542, 36.35433 ], [ -121.904571, 36.354055 ], [ -121.904911, 36.353987 ] ] } },
{ "type": "Feature", "properties": { }, "geometry": { "type": "LineString", "coordinates": [ [ -121.908842, 36.361292 ], [ -121.909154, 36.361475 ], [ -121.9087, 36.362208 ], [ -121.908473, 36.362185 ], [ -121.908133, 36.361864 ], [ -121.908134, 36.361635 ], [ -121.908842, 36.361292 ] ] } },
{ "type": "Feature", "properties": { }, "geometry": { "type": "LineString", "coordinates": [ [ -121.906743, 36.375698 ], [ -121.906573, 36.37579 ], [ -121.906629, 36.37611 ], [ -121.906912, 36.376362 ], [ -121.907677, 36.376683 ], [ -121.907847, 36.376637 ], [ -121.907818, 36.376385 ], [ -121.906913, 36.375721 ], [ -121.906743, 36.375698 ] ] } },
{ "type": "Feature", "properties": { }, "geometry": { "type": "LineString", "coordinates": [ [ -121.905095, 36.389092 ], [ -121.904896, 36.389184 ], [ -121.904925, 36.389619 ], [ -121.905123, 36.389757 ], [ -121.905519, 36.389665 ], [ -121.905491, 36.389436 ], [ -121.905236, 36.389115 ], [ -121.905095, 36.389092 ] ] } },
{ "type": "Feature", "properties": { }, "geometry": { "type": "LineString", "coordinates": [ [ -121.914463, 36.404962 ], [ -121.914633, 36.405077 ], [ -121.914633, 36.405649 ], [ -121.914519, 36.405741 ], [ -121.914321, 36.405718 ], [ -121.914151, 36.405397 ], [ -121.914208, 36.405123 ], [ -121.914463, 36.404962 ] ] } },
{ "type": "Feature", "properties": { }, "geometry": { "type": "LineString", "coordinates": [ [ -121.923123, 36.438187 ], [ -121.922896, 36.438233 ], [ -121.92284, 36.438645 ], [ -121.922981, 36.438966 ], [ -121.92318, 36.439195 ], [ -121.923435, 36.439126 ], [ -121.923435, 36.438714 ], [ -121.923321, 36.438325 ], [ -121.923123, 36.438187 ] ] } },
{ "type": "Feature", "properties": { }, "geometry": { "type": "LineString", "coordinates": [ [ -121.926522, 36.444095 ], [ -121.926239, 36.444164 ], [ -121.926154, 36.444347 ], [ -121.926551, 36.444919 ], [ -121.926834, 36.444896 ], [ -121.926976, 36.444805 ], [ -121.926947, 36.444347 ], [ -121.926522, 36.444095 ] ] } },
{ "type": "Feature", "properties": { }, "geometry": { "type": "LineString", "coordinates": [ [ -121.942966, 36.506361 ], [ -121.942976, 36.506431 ], [ -121.94293, 36.506576 ], [ -121.942915, 36.506713 ], [ -121.943144, 36.506736 ], [ -121.943434, 36.506789 ], [ -121.943632, 36.506858 ], [ -121.943666, 36.506861 ], [ -121.943846, 36.506805 ], [ -121.944135, 36.50669 ], [ -121.944258, 36.506576 ], [ -121.944273, 36.506438 ], [ -121.944212, 36.506293 ], [ -121.944105, 36.506179 ], [ -121.944044, 36.506049 ], [ -121.94409, 36.505935 ], [ -121.944029, 36.505836 ], [ -121.943815, 36.505714 ], [ -121.943662, 36.505721 ], [ -121.943566, 36.505761 ], [ -121.94351, 36.505813 ], [ -121.943357, 36.505897 ], [ -121.943296, 36.505988 ], [ -121.943189, 36.505942 ], [ -121.943113, 36.505897 ], [ -121.942899, 36.505897 ], [ -121.942899, 36.505981 ], [ -121.942976, 36.506065 ], [ -121.943037, 36.506164 ], [ -121.942966, 36.506361 ] ] } },
{ "type": "Feature", "properties": { }, "geometry": { "type": "LineString", "coordinates": [ [ -122.292952, 37.107352 ], [ -122.292904, 37.10734 ], [ -122.292856, 37.107285 ], [ -122.292856, 37.107153 ], [ -122.292802, 37.10706 ], [ -122.292603, 37.106851 ], [ -122.292081, 37.106395 ], [ -122.291821, 37.106213 ], [ -122.291636, 37.106142 ], [ -122.291004, 37.105751 ], [ -122.290744, 37.105614 ], [ -122.290387, 37.105345 ], [ -122.290031, 37.105026 ], [ -122.289893, 37.104899 ], [ -122.289829, 37.104859 ], [ -122.289736, 37.104801 ], [ -122.289612, 37.104663 ], [ -122.289406, 37.104526 ], [ -122.289242, 37.104487 ], [ -122.289146, 37.10452 ], [ -122.288844, 37.104696 ], [ -122.288672, 37.104712 ], [ -122.288569, 37.104679 ], [ -122.288128, 37.104465 ], [ -122.288032, 37.104413 ], [ -122.287936, 37.104347 ], [ -122.287801, 37.104245 ], [ -122.287424, 37.103893 ], [ -122.287369, 37.103767 ], [ -122.287253, 37.103619 ], [ -122.287102, 37.10336 ], [ -122.286965, 37.103217 ], [ -122.286731, 37.10302 ], [ -122.286162, 37.102717 ], [ -122.285593, 37.102398 ], [ -122.285072, 37.102008 ], [ -122.285031, 37.101959 ], [ -122.284996, 37.101865 ], [ -122.284832, 37.101667 ], [ -122.284701, 37.101442 ], [ -122.284413, 37.101107 ], [ -122.284365, 37.101013 ], [ -122.284283, 37.100931 ], [ -122.284146, 37.100634 ], [ -122.284071, 37.100541 ], [ -122.284036, 37.100447 ], [ -122.283872, 37.100227 ], [ -122.283652, 37.099903 ], [ -122.283495, 37.099722 ], [ -122.283076, 37.099337 ], [ -122.282809, 37.099046 ], [ -122.282651, 37.098881 ], [ -122.282466, 37.098711 ], [ -122.282336, 37.098584 ], [ -122.281623, 37.098023 ], [ -122.281383, 37.097683 ], [ -122.281157, 37.097463 ], [ -122.281084, 37.097366 ], [ -122.280992, 37.097243 ], [ -122.280814, 37.097034 ], [ -122.280567, 37.096754 ], [ -122.280402, 37.096556 ], [ -122.280039, 37.096188 ], [ -122.279641, 37.095869 ], [ -122.279312, 37.095627 ], [ -122.27899, 37.095358 ], [ -122.278613, 37.095083 ], [ -122.278099, 37.094681 ], [ -122.277653, 37.094247 ], [ -122.277625, 37.09422 ], [ -122.277564, 37.09406 ], [ -122.277468, 37.093522 ], [ -122.27742, 37.093016 ], [ -122.277311, 37.09278 ], [ -122.277208, 37.092665 ], [ -122.277009, 37.092599 ], [ -122.276638, 37.092627 ], [ -122.276522, 37.092637 ], [ -122.276316, 37.092807 ], [ -122.276124, 37.09278 ], [ -122.276021, 37.092378 ], [ -122.275946, 37.09195 ], [ -122.275795, 37.091587 ], [ -122.275672, 37.091351 ], [ -122.275645, 37.091093 ], [ -122.27546, 37.090571 ], [ -122.275357, 37.090175 ], [ -122.275316, 37.089691 ], [ -122.275241, 37.089125 ], [ -122.275138, 37.088515 ], [ -122.274809, 37.088048 ], [ -122.274336, 37.087586 ], [ -122.273902, 37.087222 ], [ -122.273891, 37.087213 ], [ -122.273568, 37.087136 ], [ -122.2728, 37.086674 ], [ -122.272389, 37.086448 ], [ -122.271861, 37.0863 ], [ -122.271813, 37.086201 ], [ -122.27169, 37.086052 ], [ -122.271402, 37.0858 ], [ -122.271265, 37.085706 ], [ -122.2711, 37.085662 ], [ -122.270908, 37.08558 ], [ -122.270593, 37.085387 ], [ -122.27025, 37.085266 ], [ -122.270017, 37.08514 ], [ -122.2699, 37.085046 ], [ -122.269763, 37.08487 ], [ -122.26975, 37.08481 ], [ -122.269585, 37.08453 ], [ -122.269393, 37.08431 ], [ -122.269373, 37.084255 ], [ -122.268982, 37.083678 ], [ -122.268756, 37.083381 ], [ -122.268722, 37.083298 ], [ -122.26866, 37.082743 ], [ -122.268626, 37.082623 ], [ -122.268468, 37.082353 ], [ -122.26827, 37.082122 ], [ -122.268055, 37.081783 ], [ -122.268002, 37.081699 ], [ -122.26777, 37.080996 ], [ -122.267626, 37.080737 ], [ -122.267571, 37.080529 ], [ -122.267564, 37.080331 ], [ -122.267654, 37.080056 ], [ -122.267647, 37.079842 ], [ -122.267592, 37.079682 ], [ -122.267462, 37.079419 ], [ -122.267332, 37.079193 ], [ -122.267222, 37.079089 ], [ -122.266976, 37.078946 ], [ -122.266975, 37.078891 ], [ -122.267133, 37.078666 ], [ -122.267277, 37.078572 ], [ -122.2676, 37.078424 ], [ -122.267723, 37.078336 ], [ -122.267977, 37.078001 ], [ -122.267984, 37.077902 ], [ -122.267964, 37.07777 ], [ -122.267984, 37.077732 ], [ -122.267978, 37.077562 ], [ -122.267985, 37.077441 ], [ -122.267943, 37.077391 ], [ -122.267895, 37.077375 ], [ -122.26771, 37.077375 ], [ -122.267559, 37.077501 ], [ -122.267559, 37.077743 ], [ -122.267539, 37.077814 ], [ -122.267484, 37.077874 ], [ -122.267518, 37.078028 ], [ -122.267456, 37.078182 ], [ -122.267435, 37.07838 ], [ -122.26725, 37.078479 ], [ -122.266921, 37.07855 ], [ -122.266736, 37.078649 ], [ -122.2664, 37.078616 ], [ -122.26607, 37.078627 ], [ -122.265693, 37.078445 ], [ -122.265337, 37.078286 ], [ -122.26509, 37.078132 ], [ -122.264809, 37.077928 ], [ -122.264549, 37.077681 ], [ -122.264405, 37.077593 ], [ -122.264117, 37.077357 ], [ -122.263822, 37.076906 ], [ -122.263754, 37.076736 ], [ -122.263733, 37.07651 ], [ -122.263603, 37.076263 ], [ -122.263535, 37.076065 ], [ -122.263507, 37.075911 ], [ -122.263439, 37.075752 ], [ -122.263254, 37.075537 ], [ -122.263124, 37.075351 ], [ -122.262836, 37.07507 ], [ -122.262767, 37.074927 ], [ -122.262726, 37.0749 ], [ -122.262575, 37.074889 ], [ -122.26237, 37.07496 ], [ -122.262274, 37.074905 ], [ -122.262267, 37.074856 ], [ -122.262308, 37.07479 ], [ -122.26239, 37.074674 ], [ -122.262452, 37.074532 ], [ -122.262535, 37.074433 ], [ -122.262651, 37.074196 ], [ -122.262706, 37.073944 ], [ -122.262686, 37.073674 ], [ -122.262611, 37.073554 ], [ -122.262501, 37.073482 ], [ -122.262343, 37.073394 ], [ -122.262131, 37.073339 ], [ -122.262035, 37.07324 ], [ -122.261939, 37.07318 ], [ -122.261857, 37.073092 ], [ -122.261884, 37.072872 ], [ -122.261857, 37.072745 ], [ -122.261788, 37.072647 ], [ -122.261795, 37.072482 ], [ -122.261761, 37.072432 ], [ -122.261645, 37.072405 ], [ -122.261548, 37.072498 ], [ -122.261541, 37.072564 ], [ -122.261459, 37.072646 ], [ -122.261295, 37.072723 ], [ -122.26126, 37.072723 ], [ -122.261144, 37.072855 ], [ -122.260972, 37.072882 ], [ -122.260739, 37.072822 ], [ -122.26043, 37.072789 ], [ -122.260403, 37.072734 ], [ -122.260393, 37.072598 ], [ -122.26039, 37.072541 ], [ -122.260314, 37.072421 ], [ -122.260115, 37.072206 ], [ -122.260157, 37.071931 ], [ -122.260123, 37.071635 ], [ -122.260088, 37.071613 ], [ -122.260082, 37.071569 ], [ -122.260054, 37.071492 ], [ -122.25989, 37.071277 ], [ -122.259828, 37.071244 ], [ -122.259643, 37.071244 ], [ -122.259451, 37.071338 ], [ -122.259334, 37.071365 ], [ -122.2593, 37.071332 ], [ -122.259191, 37.071052 ], [ -122.259239, 37.070898 ], [ -122.25928, 37.070849 ], [ -122.259417, 37.070783 ], [ -122.259534, 37.070656 ], [ -122.25952, 37.070513 ], [ -122.259465, 37.070425 ], [ -122.259267, 37.07025 ], [ -122.259253, 37.070228 ], [ -122.259315, 37.0702 ], [ -122.259513, 37.0702 ], [ -122.259692, 37.070167 ], [ -122.259767, 37.070118 ], [ -122.259795, 37.069849 ], [ -122.259672, 37.069491 ], [ -122.259542, 37.069123 ], [ -122.259487, 37.069068 ], [ -122.259309, 37.068986 ], [ -122.259274, 37.068887 ], [ -122.259226, 37.068826 ], [ -122.259208, 37.068759 ], [ -122.259172, 37.068629 ], [ -122.259089, 37.068508 ], [ -122.259, 37.068431 ], [ -122.258862, 37.068253 ], [ -122.258706, 37.068057 ], [ -122.25859, 37.067722 ], [ -122.258535, 37.06765 ], [ -122.258425, 37.067557 ], [ -122.258363, 37.067535 ], [ -122.258206, 37.067535 ], [ -122.258151, 37.067595 ], [ -122.258144, 37.067661 ], [ -122.258171, 37.067738 ], [ -122.258249, 37.067846 ], [ -122.258356, 37.067996 ], [ -122.258363, 37.06804 ], [ -122.258329, 37.068073 ], [ -122.25826, 37.068084 ], [ -122.258096, 37.067996 ], [ -122.257979, 37.068029 ], [ -122.257808, 37.068045 ], [ -122.25778, 37.068122 ], [ -122.257698, 37.068199 ], [ -122.257567, 37.06821 ], [ -122.257019, 37.068001 ], [ -122.256855, 37.067979 ], [ -122.2568, 37.067935 ], [ -122.256752, 37.067748 ], [ -122.256683, 37.067627 ], [ -122.256443, 37.067457 ], [ -122.256306, 37.067319 ], [ -122.256307, 37.067155 ], [ -122.256334, 37.067034 ], [ -122.256334, 37.066814 ], [ -122.256286, 37.066671 ], [ -122.25628, 37.066578 ], [ -122.256287, 37.066429 ], [ -122.256197, 37.066396 ], [ -122.256177, 37.065841 ], [ -122.256088, 37.06555 ], [ -122.255767, 37.065149 ], [ -122.255575, 37.065006 ], [ -122.255424, 37.064819 ], [ -122.25541, 37.064753 ], [ -122.255376, 37.064725 ], [ -122.25528, 37.064539 ], [ -122.255212, 37.064473 ], [ -122.255006, 37.06439 ], [ -122.254986, 37.064242 ], [ -122.254629, 37.063945 ], [ -122.254444, 37.063763 ], [ -122.254369, 37.063626 ], [ -122.254307, 37.063554 ], [ -122.254229, 37.0634 ], [ -122.254136, 37.063214 ], [ -122.253945, 37.062626 ], [ -122.253794, 37.062367 ], [ -122.253705, 37.062186 ], [ -122.253643, 37.062038 ], [ -122.253527, 37.061922 ], [ -122.253266, 37.061861 ], [ -122.25326, 37.061796 ], [ -122.253349, 37.061719 ], [ -122.253438, 37.061598 ], [ -122.253445, 37.061466 ], [ -122.253418, 37.061301 ], [ -122.253336, 37.061043 ], [ -122.253349, 37.0609 ], [ -122.253418, 37.060708 ], [ -122.253459, 37.060669 ], [ -122.253542, 37.060614 ], [ -122.253617, 37.060521 ], [ -122.253679, 37.060318 ], [ -122.253693, 37.060147 ], [ -122.253665, 37.060081 ], [ -122.253556, 37.060054 ], [ -122.253501, 37.060076 ], [ -122.25333, 37.060087 ], [ -122.253186, 37.060054 ], [ -122.25309, 37.059977 ], [ -122.252918, 37.059762 ], [ -122.252679, 37.05957 ], [ -122.252473, 37.059487 ], [ -122.252034, 37.059405 ], [ -122.251554, 37.059185 ], [ -122.251322, 37.058921 ], [ -122.25126, 37.058794 ], [ -122.25126, 37.058674 ], [ -122.251226, 37.058602 ], [ -122.25082, 37.05812 ], [ -122.250683, 37.058037 ], [ -122.250388, 37.057988 ], [ -122.250251, 37.057933 ], [ -122.249942, 37.057724 ], [ -122.249709, 37.057543 ], [ -122.249565, 37.057494 ], [ -122.2494, 37.057472 ], [ -122.249037, 37.057434 ], [ -122.248509, 37.057198 ], [ -122.248241, 37.057159 ], [ -122.248015, 37.057105 ], [ -122.247802, 37.057022 ], [ -122.247446, 37.056825 ], [ -122.247123, 37.056528 ], [ -122.246787, 37.056094 ], [ -122.246746, 37.05605 ], [ -122.246458, 37.055671 ], [ -122.246348, 37.055479 ], [ -122.246135, 37.055265 ], [ -122.246025, 37.055105 ], [ -122.245957, 37.055017 ], [ -122.245915, 37.054935 ], [ -122.24584, 37.054787 ], [ -122.245689, 37.054617 ], [ -122.245312, 37.054353 ], [ -122.244935, 37.054117 ], [ -122.244777, 37.053991 ], [ -122.244221, 37.05337 ], [ -122.243542, 37.05276 ], [ -122.243247, 37.052469 ], [ -122.243062, 37.052233 ], [ -122.242924, 37.052019 ], [ -122.242746, 37.051596 ], [ -122.242409, 37.05114 ], [ -122.242355, 37.051096 ], [ -122.242149, 37.050953 ], [ -122.241682, 37.050673 ], [ -122.241298, 37.050278 ], [ -122.241058, 37.050102 ], [ -122.240853, 37.050003 ], [ -122.240523, 37.0498 ], [ -122.240434, 37.049706 ], [ -122.239858, 37.048926 ], [ -122.239659, 37.048723 ], [ -122.239439, 37.048558 ], [ -122.23876, 37.048119 ], [ -122.23815, 37.047647 ], [ -122.238026, 37.047389 ], [ -122.237958, 37.047306 ], [ -122.237828, 37.047207 ], [ -122.237738, 37.047109 ], [ -122.237704, 37.0469 ], [ -122.237622, 37.046768 ], [ -122.23732, 37.046444 ], [ -122.237217, 37.046258 ], [ -122.237148, 37.046131 ], [ -122.237121, 37.046081 ], [ -122.236883, 37.045873 ], [ -122.236517, 37.045554 ], [ -122.236435, 37.045494 ], [ -122.236387, 37.045461 ], [ -122.236092, 37.045257 ], [ -122.235866, 37.045126 ], [ -122.235669, 37.045014 ], [ -122.235489, 37.044912 ], [ -122.234721, 37.044472 ], [ -122.234549, 37.044291 ], [ -122.233952, 37.043857 ], [ -122.233363, 37.04317 ], [ -122.233328, 37.043132 ], [ -122.233198, 37.042973 ], [ -122.23317, 37.042874 ], [ -122.233362, 37.042813 ], [ -122.233383, 37.042736 ], [ -122.233273, 37.042703 ], [ -122.233143, 37.042714 ], [ -122.233074, 37.042693 ], [ -122.233013, 37.042638 ], [ -122.233006, 37.042594 ], [ -122.233067, 37.042522 ], [ -122.232951, 37.042467 ], [ -122.232834, 37.04233 ], [ -122.232889, 37.042286 ], [ -122.232834, 37.042248 ], [ -122.232649, 37.04211 ], [ -122.232484, 37.042022 ], [ -122.232004, 37.041698 ], [ -122.231758, 37.041594 ], [ -122.231387, 37.041308 ], [ -122.231202, 37.04121 ], [ -122.23114, 37.041133 ], [ -122.231113, 37.041045 ], [ -122.230962, 37.040935 ], [ -122.230653, 37.040633 ], [ -122.230441, 37.040442 ], [ -122.230283, 37.040232 ], [ -122.230098, 37.040084 ], [ -122.229913, 37.039842 ], [ -122.229803, 37.039628 ], [ -122.229604, 37.039331 ], [ -122.229467, 37.039029 ], [ -122.229364, 37.038677 ], [ -122.229213, 37.038375 ], [ -122.229104, 37.038126 ], [ -122.229055, 37.038012 ], [ -122.228979, 37.037727 ], [ -122.22889, 37.03749 ], [ -122.228842, 37.037265 ], [ -122.228801, 37.0371 ], [ -122.228622, 37.036573 ], [ -122.228451, 37.03615 ], [ -122.228396, 37.035837 ], [ -122.228259, 37.035436 ], [ -122.228135, 37.035122 ], [ -122.22797, 37.034584 ], [ -122.227806, 37.034073 ], [ -122.227545, 37.03337 ], [ -122.227462, 37.033007 ], [ -122.227353, 37.032985 ], [ -122.227243, 37.032925 ], [ -122.227181, 37.032842 ], [ -122.227147, 37.03276 ], [ -122.227099, 37.032557 ], [ -122.227085, 37.032535 ], [ -122.22679, 37.032194 ], [ -122.226584, 37.031809 ], [ -122.226516, 37.031628 ], [ -122.226529, 37.031469 ], [ -122.226584, 37.031265 ], [ -122.226605, 37.031013 ], [ -122.226536, 37.030529 ], [ -122.226502, 37.030447 ], [ -122.22644, 37.030293 ], [ -122.226385, 37.030227 ], [ -122.226358, 37.030189 ], [ -122.226152, 37.030018 ], [ -122.225891, 37.029799 ], [ -122.225336, 37.029266 ], [ -122.225151, 37.029101 ], [ -122.224863, 37.029002 ], [ -122.224787, 37.028947 ], [ -122.224753, 37.028848 ], [ -122.224822, 37.028799 ], [ -122.224876, 37.028716 ], [ -122.224705, 37.028568 ], [ -122.224655, 37.028448 ], [ -122.22465, 37.028436 ], [ -122.224643, 37.028337 ], [ -122.224636, 37.028282 ], [ -122.224623, 37.028101 ], [ -122.224609, 37.02792 ], [ -122.224513, 37.027766 ], [ -122.224095, 37.027337 ], [ -122.223978, 37.027145 ], [ -122.223786, 37.026947 ], [ -122.223676, 37.026777 ], [ -122.223594, 37.026535 ], [ -122.223422, 37.02625 ], [ -122.223223, 37.025645 ], [ -122.222949, 37.025255 ], [ -122.222887, 37.025096 ], [ -122.222668, 37.024992 ], [ -122.222147, 37.02497 ], [ -122.221352, 37.024712 ], [ -122.221277, 37.024723 ], [ -122.221229, 37.024756 ], [ -122.221181, 37.024816 ], [ -122.221051, 37.025157 ], [ -122.220969, 37.025245 ], [ -122.220674, 37.025256 ], [ -122.220311, 37.025223 ], [ -122.219954, 37.025157 ], [ -122.219543, 37.02513 ], [ -122.219427, 37.025086 ], [ -122.2192, 37.024927 ], [ -122.219104, 37.024905 ], [ -122.218906, 37.024894 ], [ -122.218693, 37.024861 ], [ -122.21809, 37.024669 ], [ -122.21785, 37.024663 ], [ -122.217322, 37.024713 ], [ -122.216918, 37.024773 ], [ -122.216706, 37.024724 ], [ -122.216445, 37.024647 ], [ -122.216342, 37.024592 ], [ -122.215938, 37.024147 ], [ -122.215554, 37.023686 ], [ -122.215286, 37.023191 ], [ -122.215218, 37.022999 ], [ -122.215204, 37.022548 ], [ -122.215136, 37.022361 ], [ -122.215074, 37.022246 ], [ -122.215033, 37.022219 ], [ -122.21493, 37.022103 ], [ -122.214745, 37.021922 ], [ -122.214656, 37.02185 ], [ -122.214423, 37.02173 ], [ -122.214306, 37.021675 ], [ -122.214196, 37.02162 ], [ -122.214148, 37.021592 ], [ -122.214121, 37.021581 ], [ -122.214025, 37.021526 ], [ -122.213778, 37.021428 ], [ -122.213532, 37.021384 ], [ -122.213278, 37.021279 ], [ -122.213024, 37.021098 ], [ -122.212935, 37.020983 ], [ -122.212812, 37.0209 ], [ -122.21262, 37.020873 ], [ -122.212442, 37.020873 ], [ -122.212339, 37.020818 ], [ -122.212161, 37.020757 ], [ -122.211853, 37.020807 ], [ -122.211695, 37.020747 ], [ -122.211476, 37.020747 ], [ -122.211208, 37.020642 ], [ -122.210989, 37.020444 ], [ -122.210955, 37.020406 ], [ -122.210879, 37.020379 ], [ -122.210797, 37.020241 ], [ -122.210653, 37.020115 ], [ -122.210482, 37.020027 ], [ -122.210358, 37.019939 ], [ -122.210269, 37.019796 ], [ -122.210173, 37.019664 ], [ -122.209995, 37.019571 ], [ -122.209927, 37.019445 ], [ -122.209831, 37.019357 ], [ -122.209728, 37.01934 ], [ -122.20957, 37.019219 ], [ -122.209426, 37.019005 ], [ -122.209268, 37.018725 ], [ -122.209083, 37.018544 ], [ -122.208953, 37.018472 ], [ -122.208912, 37.018329 ], [ -122.208782, 37.018324 ], [ -122.208528, 37.018225 ], [ -122.208268, 37.017972 ], [ -122.208124, 37.017747 ], [ -122.207911, 37.017258 ], [ -122.207877, 37.017022 ], [ -122.207884, 37.016901 ], [ -122.207918, 37.016824 ], [ -122.207843, 37.016741 ], [ -122.207815, 37.016681 ], [ -122.207836, 37.016588 ], [ -122.207808, 37.016533 ], [ -122.207726, 37.016511 ], [ -122.207664, 37.016494 ], [ -122.207562, 37.016516 ], [ -122.207479, 37.016494 ], [ -122.207274, 37.016302 ], [ -122.206664, 37.015236 ], [ -122.206636, 37.015137 ], [ -122.206616, 37.015077 ], [ -122.206609, 37.014989 ], [ -122.206609, 37.014841 ], [ -122.206568, 37.014797 ], [ -122.206465, 37.014775 ], [ -122.206383, 37.014714 ], [ -122.206307, 37.014533 ], [ -122.206259, 37.014395 ], [ -122.206218, 37.014297 ], [ -122.206115, 37.014148 ], [ -122.206211, 37.014033 ], [ -122.206191, 37.013978 ], [ -122.206149, 37.013934 ], [ -122.206088, 37.013912 ], [ -122.206019, 37.013912 ], [ -122.205841, 37.013989 ], [ -122.205629, 37.014011 ], [ -122.205499, 37.013989 ], [ -122.205375, 37.013923 ], [ -122.205197, 37.013797 ], [ -122.205094, 37.013703 ], [ -122.204985, 37.013571 ], [ -122.204909, 37.013483 ], [ -122.204889, 37.013467 ], [ -122.204813, 37.013423 ], [ -122.204676, 37.013401 ], [ -122.204477, 37.013396 ], [ -122.203779, 37.013539 ], [ -122.203326, 37.013528 ], [ -122.20323, 37.013495 ], [ -122.203066, 37.013363 ], [ -122.202997, 37.013451 ], [ -122.202908, 37.013462 ], [ -122.20286, 37.013412 ], [ -122.202723, 37.013445 ], [ -122.202614, 37.013396 ], [ -122.202551, 37.013467 ], [ -122.202518, 37.013506 ], [ -122.202346, 37.013484 ], [ -122.202004, 37.01339 ], [ -122.201819, 37.013303 ], [ -122.201531, 37.013088 ], [ -122.201414, 37.01305 ], [ -122.201168, 37.013033 ], [ -122.200901, 37.012995 ], [ -122.200736, 37.01294 ], [ -122.200537, 37.012847 ], [ -122.20027, 37.012748 ], [ -122.200044, 37.012676 ], [ -122.199804, 37.012572 ], [ -122.199489, 37.012457 ], [ -122.199194, 37.012204 ], [ -122.19866, 37.011671 ], [ -122.198461, 37.011462 ], [ -122.198125, 37.011061 ], [ -122.198036, 37.010979 ], [ -122.19794, 37.010891 ], [ -122.197892, 37.010869 ], [ -122.197454, 37.010594 ], [ -122.197413, 37.010561 ], [ -122.197371, 37.010517 ], [ -122.197282, 37.01049 ], [ -122.197132, 37.01049 ], [ -122.196919, 37.010473 ], [ -122.196796, 37.010363 ], [ -122.196768, 37.010275 ], [ -122.196789, 37.010132 ], [ -122.196816, 37.010017 ], [ -122.196816, 37.009968 ], [ -122.196782, 37.009808 ], [ -122.196758, 37.009726 ], [ -122.19672, 37.009594 ], [ -122.196631, 37.009479 ], [ -122.196618, 37.009457 ], [ -122.196508, 37.009385 ], [ -122.196378, 37.009396 ], [ -122.196337, 37.009407 ], [ -122.196227, 37.009446 ], [ -122.196165, 37.009501 ], [ -122.195974, 37.009709 ], [ -122.195878, 37.009759 ], [ -122.195761, 37.009775 ], [ -122.195241, 37.00977 ], [ -122.195062, 37.00972 ], [ -122.194699, 37.009534 ], [ -122.194233, 37.009347 ], [ -122.193651, 37.009105 ], [ -122.193226, 37.008814 ], [ -122.192555, 37.008286 ], [ -122.192424, 37.008094 ], [ -122.192349, 37.007918 ], [ -122.19228, 37.007803 ], [ -122.192239, 37.007644 ], [ -122.192301, 37.007396 ], [ -122.192275, 37.007135 ], [ -122.192274, 37.007116 ], [ -122.192301, 37.006979 ], [ -122.192301, 37.006874 ], [ -122.192308, 37.006753 ], [ -122.192356, 37.006572 ], [ -122.192342, 37.006495 ], [ -122.192212, 37.006495 ], [ -122.192034, 37.006567 ], [ -122.191897, 37.006572 ], [ -122.191629, 37.006523 ], [ -122.191431, 37.00644 ], [ -122.191307, 37.006308 ], [ -122.191191, 37.006264 ], [ -122.190602, 37.00622 ], [ -122.190335, 37.00616 ], [ -122.190198, 37.006094 ], [ -122.190067, 37.006012 ], [ -122.189855, 37.005814 ], [ -122.189711, 37.005632 ], [ -122.189567, 37.00533 ], [ -122.189512, 37.005105 ], [ -122.189553, 37.005023 ], [ -122.189697, 37.004786 ], [ -122.189711, 37.004715 ], [ -122.189622, 37.004577 ], [ -122.189574, 37.00455 ], [ -122.189471, 37.004539 ], [ -122.189362, 37.004577 ], [ -122.189252, 37.00466 ], [ -122.189163, 37.004808 ], [ -122.189053, 37.004852 ], [ -122.188964, 37.004759 ], [ -122.188903, 37.004594 ], [ -122.188841, 37.004511 ], [ -122.18867, 37.004347 ], [ -122.188587, 37.004303 ], [ -122.188492, 37.004319 ], [ -122.188163, 37.004407 ], [ -122.187971, 37.004402 ], [ -122.187786, 37.00433 ], [ -122.187532, 37.004149 ], [ -122.187327, 37.003984 ], [ -122.187197, 37.003902 ], [ -122.187046, 37.003797 ], [ -122.187012, 37.003715 ], [ -122.186964, 37.003687 ], [ -122.186902, 37.003698 ], [ -122.186834, 37.003671 ], [ -122.18684, 37.0035 ], [ -122.186758, 37.0035 ], [ -122.186703, 37.003533 ], [ -122.186628, 37.003605 ], [ -122.186607, 37.003632 ], [ -122.186539, 37.003665 ], [ -122.186368, 37.003698 ], [ -122.186258, 37.003764 ], [ -122.186176, 37.003858 ], [ -122.186114, 37.004055 ], [ -122.186073, 37.004099 ], [ -122.185874, 37.00405 ], [ -122.185822, 37.004027 ], [ -122.185628, 37.003945 ], [ -122.185436, 37.003814 ], [ -122.185347, 37.003759 ], [ -122.185319, 37.003729 ], [ -122.185271, 37.003676 ], [ -122.18523, 37.003643 ], [ -122.185203, 37.003566 ], [ -122.185162, 37.003286 ], [ -122.185148, 37.00319 ], [ -122.185134, 37.003094 ], [ -122.185155, 37.002984 ], [ -122.185223, 37.002918 ], [ -122.185717, 37.002555 ], [ -122.185826, 37.002379 ], [ -122.185868, 37.002011 ], [ -122.185833, 37.001632 ], [ -122.185899, 37.001455 ], [ -122.185909, 37.001429 ], [ -122.185909, 37.001406 ], [ -122.185909, 37.001335 ], [ -122.185861, 37.001291 ], [ -122.184628, 36.999759 ], [ -122.183529, 36.998435 ], [ -122.183399, 36.998333 ], [ -122.183328, 36.998301 ], [ -122.183253, 36.998286 ], [ -122.183193, 36.998248 ], [ -122.183111, 36.998211 ], [ -122.183029, 36.99815 ], [ -122.18302, 36.998095 ], [ -122.182998, 36.998071 ], [ -122.182976, 36.997979 ], [ -122.182925, 36.997924 ], [ -122.182821, 36.997842 ], [ -122.182795, 36.997829 ], [ -122.182735, 36.997815 ], [ -122.182675, 36.997795 ], [ -122.182348, 36.997639 ], [ -122.182298, 36.997634 ], [ -122.182236, 36.997674 ], [ -122.182272, 36.997886 ], [ -122.182255, 36.997907 ], [ -122.182212, 36.997941 ], [ -122.182146, 36.99793 ], [ -122.182092, 36.997901 ], [ -122.181988, 36.997809 ], [ -122.181893, 36.997717 ], [ -122.181738, 36.997594 ], [ -122.18168, 36.997589 ], [ -122.181575, 36.997609 ], [ -122.181511, 36.997643 ], [ -122.181421, 36.997706 ], [ -122.181421, 36.997747 ], [ -122.18143, 36.997795 ], [ -122.181379, 36.997836 ], [ -122.181327, 36.997795 ], [ -122.181327, 36.997768 ], [ -122.181275, 36.99772 ], [ -122.181196, 36.997664 ], [ -122.181173, 36.99766 ], [ -122.181112, 36.997618 ], [ -122.181128, 36.997467 ], [ -122.181149, 36.997422 ], [ -122.18117, 36.997288 ], [ -122.181152, 36.997247 ], [ -122.1811, 36.9972 ], [ -122.180986, 36.997116 ], [ -122.180765, 36.997112 ], [ -122.180615, 36.997122 ], [ -122.180431, 36.997135 ], [ -122.180379, 36.997176 ], [ -122.180388, 36.997203 ], [ -122.180328, 36.997243 ], [ -122.180307, 36.997236 ], [ -122.180208, 36.99717 ], [ -122.180105, 36.99715 ], [ -122.180074, 36.99714 ], [ -122.179804, 36.997111 ], [ -122.179752, 36.997097 ], [ -122.179688, 36.997063 ], [ -122.179658, 36.997043 ], [ -122.179511, 36.996889 ], [ -122.179442, 36.996824 ], [ -122.179338, 36.996742 ], [ -122.179289, 36.996738 ], [ -122.179235, 36.99677 ], [ -122.179201, 36.996812 ], [ -122.179193, 36.996853 ], [ -122.179142, 36.996894 ], [ -122.17909, 36.99686 ], [ -122.178978, 36.996751 ], [ -122.178926, 36.99671 ], [ -122.17878, 36.996732 ], [ -122.178737, 36.996746 ], [ -122.178695, 36.996787 ], [ -122.178695, 36.996828 ], [ -122.178704, 36.996849 ], [ -122.17867, 36.996883 ], [ -122.178618, 36.996925 ], [ -122.178352, 36.996912 ], [ -122.178193, 36.996876 ], [ -122.178043, 36.996866 ], [ -122.17794, 36.996887 ], [ -122.17776, 36.99695 ], [ -122.177632, 36.996985 ], [ -122.177477, 36.997006 ], [ -122.177417, 36.997007 ], [ -122.177194, 36.996987 ], [ -122.176928, 36.99692 ], [ -122.176889, 36.9969 ], [ -122.176833, 36.996859 ], [ -122.176851, 36.996334 ], [ -122.176842, 36.99621 ], [ -122.17681, 36.996035 ], [ -122.176784, 36.996001 ], [ -122.17675, 36.995967 ], [ -122.176741, 36.995912 ], [ -122.176689, 36.995851 ], [ -122.176689, 36.995823 ], [ -122.176654, 36.995789 ], [ -122.176654, 36.995762 ], [ -122.176594, 36.9957 ], [ -122.176594, 36.99568 ], [ -122.176559, 36.995646 ], [ -122.17655, 36.995598 ], [ -122.17655, 36.99557 ], [ -122.176609, 36.995446 ], [ -122.176583, 36.995426 ], [ -122.176583, 36.995398 ], [ -122.176566, 36.995381 ], [ -122.17648, 36.99532 ], [ -122.176441, 36.995334 ], [ -122.17631, 36.99534 ], [ -122.176265, 36.995366 ], [ -122.176257, 36.995407 ], [ -122.176206, 36.995449 ], [ -122.17618, 36.995449 ], [ -122.176103, 36.995394 ], [ -122.176085, 36.995353 ], [ -122.176059, 36.995319 ], [ -122.176042, 36.995237 ], [ -122.175998, 36.995196 ], [ -122.175929, 36.995114 ], [ -122.175834, 36.995011 ], [ -122.1758, 36.994967 ], [ -122.175696, 36.994882 ], [ -122.175585, 36.994896 ], [ -122.175516, 36.994848 ], [ -122.175515, 36.994828 ], [ -122.175429, 36.99476 ], [ -122.175292, 36.994747 ], [ -122.175181, 36.99483 ], [ -122.175138, 36.994802 ], [ -122.175097, 36.994756 ], [ -122.175068, 36.994693 ], [ -122.175033, 36.994501 ], [ -122.174981, 36.994433 ], [ -122.174903, 36.994371 ], [ -122.174878, 36.994371 ], [ -122.174843, 36.994399 ], [ -122.174767, 36.994475 ], [ -122.174715, 36.994516 ], [ -122.174742, 36.994605 ], [ -122.174785, 36.994653 ], [ -122.174811, 36.994735 ], [ -122.17476, 36.994768 ], [ -122.174725, 36.994756 ], [ -122.174587, 36.994572 ], [ -122.174371, 36.994395 ], [ -122.174337, 36.994326 ], [ -122.174318, 36.994155 ], [ -122.174318, 36.994059 ], [ -122.174214, 36.993977 ], [ -122.174103, 36.99395 ], [ -122.17398, 36.99388 ], [ -122.173957, 36.993877 ], [ -122.173887, 36.993883 ], [ -122.173819, 36.993951 ], [ -122.173786, 36.994082 ], [ -122.173769, 36.994103 ], [ -122.173726, 36.994137 ], [ -122.173606, 36.994124 ], [ -122.173554, 36.994125 ], [ -122.173511, 36.994118 ], [ -122.173451, 36.99407 ], [ -122.173442, 36.993967 ], [ -122.173407, 36.993913 ], [ -122.173385, 36.993823 ], [ -122.173355, 36.993762 ], [ -122.173337, 36.993741 ], [ -122.173251, 36.993673 ], [ -122.173183, 36.993728 ], [ -122.173149, 36.993777 ], [ -122.173072, 36.993839 ], [ -122.173023, 36.993834 ], [ -122.172952, 36.993881 ], [ -122.172952, 36.993922 ], [ -122.17297, 36.994086 ], [ -122.172868, 36.994183 ], [ -122.172831, 36.994444 ], [ -122.172795, 36.994511 ], [ -122.172699, 36.994589 ], [ -122.172656, 36.994555 ], [ -122.17268, 36.994349 ], [ -122.172654, 36.99428 ], [ -122.172611, 36.994229 ], [ -122.17249, 36.99413 ], [ -122.172458, 36.994126 ], [ -122.17237, 36.994117 ], [ -122.172331, 36.994097 ], [ -122.172284, 36.994063 ], [ -122.172197, 36.993988 ], [ -122.172189, 36.99396 ], [ -122.172146, 36.993899 ], [ -122.172145, 36.993803 ], [ -122.172209, 36.993734 ], [ -122.17223, 36.993703 ], [ -122.172256, 36.993678 ], [ -122.172249, 36.993646 ], [ -122.172161, 36.993569 ], [ -122.17207, 36.993515 ], [ -122.172023, 36.993481 ], [ -122.172005, 36.993412 ], [ -122.172005, 36.993364 ], [ -122.172013, 36.993343 ], [ -122.172039, 36.993316 ], [ -122.172056, 36.993261 ], [ -122.172025, 36.993182 ], [ -122.172028, 36.992945 ], [ -122.172002, 36.992884 ], [ -122.171967, 36.992843 ], [ -122.171864, 36.992761 ], [ -122.171829, 36.992761 ], [ -122.171795, 36.992789 ], [ -122.171778, 36.992809 ], [ -122.171787, 36.992871 ], [ -122.171813, 36.992898 ], [ -122.171822, 36.992926 ], [ -122.171745, 36.992988 ], [ -122.171719, 36.993002 ], [ -122.171685, 36.993009 ], [ -122.171634, 36.993037 ], [ -122.171531, 36.99303 ], [ -122.171462, 36.993079 ], [ -122.171472, 36.993271 ], [ -122.171404, 36.993326 ], [ -122.171378, 36.99334 ], [ -122.171189, 36.99331 ], [ -122.171151, 36.993297 ], [ -122.171, 36.99328 ], [ -122.170966, 36.99326 ], [ -122.17082, 36.993219 ], [ -122.170764, 36.993185 ], [ -122.170708, 36.993144 ], [ -122.170673, 36.99311 ], [ -122.170656, 36.993062 ], [ -122.170612, 36.993008 ], [ -122.170431, 36.992837 ], [ -122.170422, 36.99281 ], [ -122.170388, 36.992769 ], [ -122.17037, 36.992734 ], [ -122.17031, 36.992652 ], [ -122.170172, 36.992523 ], [ -122.170163, 36.992475 ], [ -122.170189, 36.992461 ], [ -122.170351, 36.99233 ], [ -122.17029, 36.992282 ], [ -122.170059, 36.992263 ], [ -122.16999, 36.992242 ], [ -122.169899, 36.992181 ], [ -122.169869, 36.992154 ], [ -122.169817, 36.992085 ], [ -122.169661, 36.991897 ], [ -122.169636, 36.991874 ], [ -122.169627, 36.991846 ], [ -122.169592, 36.991798 ], [ -122.169566, 36.991771 ], [ -122.169549, 36.991737 ], [ -122.169411, 36.991556 ], [ -122.169385, 36.991532 ], [ -122.169376, 36.991504 ], [ -122.16935, 36.99147 ], [ -122.169341, 36.991443 ], [ -122.169255, 36.991313 ], [ -122.169229, 36.991286 ], [ -122.169211, 36.991251 ], [ -122.169151, 36.991169 ], [ -122.169098, 36.99106 ], [ -122.169003, 36.990889 ], [ -122.168986, 36.990848 ], [ -122.168968, 36.990827 ], [ -122.168942, 36.990772 ], [ -122.168916, 36.990752 ], [ -122.168908, 36.990724 ], [ -122.168847, 36.990636 ], [ -122.168821, 36.990608 ], [ -122.168804, 36.990574 ], [ -122.16876, 36.990512 ], [ -122.168735, 36.990485 ], [ -122.168716, 36.990314 ], [ -122.168763, 36.990272 ], [ -122.168853, 36.990224 ], [ -122.168913, 36.990203 ], [ -122.168952, 36.990182 ], [ -122.169084, 36.990085 ], [ -122.169186, 36.990002 ], [ -122.169203, 36.989982 ], [ -122.16921, 36.989947 ], [ -122.169134, 36.989886 ], [ -122.169074, 36.989852 ], [ -122.168971, 36.989832 ], [ -122.168945, 36.989832 ], [ -122.168859, 36.989819 ], [ -122.168695, 36.989682 ], [ -122.168703, 36.989607 ], [ -122.168728, 36.989497 ], [ -122.168771, 36.989401 ], [ -122.168796, 36.98938 ], [ -122.1688, 36.989349 ], [ -122.168762, 36.989311 ], [ -122.16865, 36.989339 ], [ -122.168599, 36.989305 ], [ -122.16859, 36.989271 ], [ -122.168597, 36.989256 ], [ -122.168615, 36.989223 ], [ -122.168675, 36.989154 ], [ -122.168691, 36.989024 ], [ -122.168708, 36.988989 ], [ -122.168776, 36.988934 ], [ -122.168828, 36.988927 ], [ -122.168862, 36.988906 ], [ -122.168939, 36.988878 ], [ -122.169072, 36.988802 ], [ -122.16923, 36.988678 ], [ -122.169242, 36.988647 ], [ -122.169238, 36.988602 ], [ -122.169151, 36.98852 ], [ -122.169138, 36.988489 ], [ -122.169134, 36.988458 ], [ -122.169117, 36.988438 ], [ -122.169022, 36.988363 ], [ -122.168704, 36.988372 ], [ -122.168661, 36.988358 ], [ -122.168573, 36.988309 ], [ -122.168551, 36.988305 ], [ -122.168379, 36.988421 ], [ -122.168323, 36.988449 ], [ -122.168293, 36.98847 ], [ -122.168246, 36.988453 ], [ -122.167907, 36.988437 ], [ -122.16777, 36.988527 ], [ -122.16771, 36.988514 ], [ -122.167624, 36.98846 ], [ -122.167606, 36.988357 ], [ -122.167609, 36.988223 ], [ -122.167587, 36.98813 ], [ -122.167553, 36.988096 ], [ -122.167518, 36.988069 ], [ -122.167399, 36.988138 ], [ -122.167211, 36.988269 ], [ -122.167048, 36.988305 ], [ -122.166979, 36.988346 ], [ -122.166945, 36.988353 ], [ -122.166865, 36.98829 ], [ -122.166861, 36.988272 ], [ -122.166882, 36.988163 ], [ -122.166901, 36.988106 ], [ -122.166922, 36.988069 ], [ -122.166916, 36.987852 ], [ -122.166925, 36.987832 ], [ -122.166856, 36.987777 ], [ -122.16677, 36.987791 ], [ -122.166539, 36.987971 ], [ -122.166462, 36.987978 ], [ -122.166411, 36.987972 ], [ -122.166368, 36.987958 ], [ -122.16617, 36.987822 ], [ -122.166092, 36.987809 ], [ -122.165891, 36.987813 ], [ -122.165826, 36.987803 ], [ -122.165689, 36.987763 ], [ -122.165603, 36.98777 ], [ -122.165569, 36.987791 ], [ -122.165492, 36.987812 ], [ -122.165432, 36.987846 ], [ -122.165252, 36.987875 ], [ -122.165149, 36.987903 ], [ -122.165047, 36.987972 ], [ -122.164648, 36.987998 ], [ -122.164541, 36.988016 ], [ -122.16448, 36.98803 ], [ -122.164352, 36.98812 ], [ -122.164327, 36.988202 ], [ -122.164293, 36.988237 ], [ -122.164259, 36.988264 ], [ -122.164195, 36.988299 ], [ -122.164036, 36.988397 ], [ -122.163891, 36.98839 ], [ -122.163856, 36.988369 ], [ -122.163745, 36.988356 ], [ -122.163684, 36.988322 ], [ -122.163616, 36.988309 ], [ -122.163504, 36.988296 ], [ -122.163409, 36.988265 ], [ -122.163229, 36.988215 ], [ -122.163203, 36.988194 ], [ -122.163177, 36.988194 ], [ -122.163126, 36.98816 ], [ -122.163083, 36.98816 ], [ -122.163048, 36.98814 ], [ -122.162988, 36.988127 ], [ -122.162962, 36.988106 ], [ -122.162928, 36.988099 ], [ -122.16285, 36.988059 ], [ -122.162713, 36.988025 ], [ -122.162644, 36.987991 ], [ -122.162575, 36.987978 ], [ -122.162506, 36.987937 ], [ -122.162429, 36.987912 ], [ -122.162377, 36.987876 ], [ -122.162352, 36.987876 ], [ -122.162326, 36.987869 ], [ -122.162291, 36.987849 ], [ -122.162201, 36.987808 ], [ -122.162059, 36.98772 ], [ -122.162024, 36.987685 ], [ -122.161972, 36.987528 ], [ -122.161902, 36.987364 ], [ -122.161781, 36.98721 ], [ -122.161755, 36.987186 ], [ -122.161737, 36.987056 ], [ -122.161643, 36.986987 ], [ -122.161591, 36.986995 ], [ -122.161557, 36.987022 ], [ -122.161489, 36.987057 ], [ -122.16145, 36.987036 ], [ -122.161411, 36.987009 ], [ -122.161394, 36.986989 ], [ -122.161376, 36.986913 ], [ -122.161392, 36.986652 ], [ -122.161357, 36.986618 ], [ -122.161269, 36.986555 ], [ -122.161246, 36.986551 ], [ -122.161172, 36.986506 ], [ -122.161176, 36.986454 ], [ -122.161219, 36.986413 ], [ -122.161236, 36.986365 ], [ -122.161214, 36.986341 ], [ -122.161209, 36.98631 ], [ -122.161158, 36.986249 ], [ -122.161114, 36.986105 ], [ -122.161071, 36.986043 ], [ -122.161053, 36.986002 ], [ -122.161036, 36.985982 ], [ -122.160979, 36.985869 ], [ -122.160948, 36.985701 ], [ -122.160914, 36.985666 ], [ -122.160862, 36.985632 ], [ -122.160755, 36.985695 ], [ -122.160708, 36.985654 ], [ -122.160708, 36.985633 ], [ -122.16069, 36.985613 ], [ -122.16063, 36.985565 ], [ -122.160545, 36.98562 ], [ -122.160497, 36.9856 ], [ -122.160338, 36.985498 ], [ -122.160145, 36.985516 ], [ -122.160093, 36.985499 ], [ -122.160046, 36.985465 ], [ -122.160019, 36.985252 ], [ -122.160002, 36.985232 ], [ -122.159941, 36.985184 ], [ -122.159916, 36.985191 ], [ -122.159873, 36.985191 ], [ -122.159736, 36.985274 ], [ -122.159693, 36.985285 ], [ -122.159671, 36.985279 ], [ -122.159611, 36.985248 ], [ -122.159538, 36.985186 ], [ -122.159467, 36.985135 ], [ -122.159452, 36.985125 ], [ -122.159383, 36.985096 ], [ -122.159289, 36.985105 ], [ -122.159246, 36.985119 ], [ -122.159186, 36.985085 ], [ -122.159176, 36.984886 ], [ -122.159073, 36.984804 ], [ -122.159021, 36.984818 ], [ -122.158952, 36.984771 ], [ -122.158981, 36.984527 ], [ -122.159, 36.98446 ], [ -122.159018, 36.984345 ], [ -122.158983, 36.984228 ], [ -122.158909, 36.984054 ], [ -122.158892, 36.983978 ], [ -122.158887, 36.983933 ], [ -122.158732, 36.983811 ], [ -122.158706, 36.983811 ], [ -122.158612, 36.983798 ], [ -122.158518, 36.98388 ], [ -122.158501, 36.983935 ], [ -122.15851, 36.984025 ], [ -122.15864, 36.984161 ], [ -122.158692, 36.984264 ], [ -122.158701, 36.984291 ], [ -122.158632, 36.984347 ], [ -122.158589, 36.984354 ], [ -122.158452, 36.984354 ], [ -122.158426, 36.984334 ], [ -122.158237, 36.984301 ], [ -122.15816, 36.98426 ], [ -122.158074, 36.98424 ], [ -122.158039, 36.984219 ], [ -122.157734, 36.984063 ], [ -122.157613, 36.983988 ], [ -122.157389, 36.983831 ], [ -122.157204, 36.983674 ], [ -122.157066, 36.983538 ], [ -122.157023, 36.983483 ], [ -122.156813, 36.983299 ], [ -122.156591, 36.983104 ], [ -122.156464, 36.982986 ], [ -122.156367, 36.982896 ], [ -122.156332, 36.982848 ], [ -122.156099, 36.982568 ], [ -122.156021, 36.982486 ], [ -122.156013, 36.982459 ], [ -122.155848, 36.98225 ], [ -122.155823, 36.982226 ], [ -122.155814, 36.982199 ], [ -122.155727, 36.982093 ], [ -122.155529, 36.981912 ], [ -122.155503, 36.981874 ], [ -122.155456, 36.981828 ], [ -122.155395, 36.981769 ], [ -122.155356, 36.981717 ], [ -122.15527, 36.981646 ], [ -122.155123, 36.981458 ], [ -122.155097, 36.981434 ], [ -122.155088, 36.981406 ], [ -122.155045, 36.981345 ], [ -122.154898, 36.98116 ], [ -122.154846, 36.981078 ], [ -122.15479, 36.980951 ], [ -122.154772, 36.980876 ], [ -122.154767, 36.980804 ], [ -122.154836, 36.980749 ], [ -122.15487, 36.980742 ], [ -122.154947, 36.980714 ], [ -122.155127, 36.980692 ], [ -122.155178, 36.980651 ], [ -122.155212, 36.980616 ], [ -122.155229, 36.980548 ], [ -122.155206, 36.980297 ], [ -122.155175, 36.980143 ], [ -122.155162, 36.980112 ], [ -122.155148, 36.979923 ], [ -122.155164, 36.979887 ], [ -122.155178, 36.979858 ], [ -122.155213, 36.979278 ], [ -122.155149, 36.97923 ], [ -122.155059, 36.979292 ], [ -122.155033, 36.979293 ], [ -122.154818, 36.979115 ], [ -122.154757, 36.979081 ], [ -122.154663, 36.979054 ], [ -122.15462, 36.97902 ], [ -122.154594, 36.978986 ], [ -122.154516, 36.978931 ], [ -122.154392, 36.979001 ], [ -122.154241, 36.978885 ], [ -122.15419, 36.97883 ], [ -122.154168, 36.978779 ], [ -122.154208, 36.978373 ], [ -122.154246, 36.978219 ], [ -122.15416, 36.978151 ], [ -122.154023, 36.978138 ], [ -122.153988, 36.978117 ], [ -122.153911, 36.978097 ], [ -122.15382, 36.978036 ], [ -122.153678, 36.977926 ], [ -122.153661, 36.977872 ], [ -122.153639, 36.977848 ], [ -122.153608, 36.977652 ], [ -122.153607, 36.977563 ], [ -122.153615, 36.977405 ], [ -122.153581, 36.977371 ], [ -122.153559, 36.977306 ], [ -122.153562, 36.977199 ], [ -122.153601, 36.977113 ], [ -122.153614, 36.976926 ], [ -122.153586, 36.976808 ], [ -122.153568, 36.976767 ], [ -122.153491, 36.976664 ], [ -122.153387, 36.976569 ], [ -122.153378, 36.976541 ], [ -122.153327, 36.976473 ], [ -122.153292, 36.976398 ], [ -122.153205, 36.976302 ], [ -122.153179, 36.976213 ], [ -122.153145, 36.976179 ], [ -122.153093, 36.976138 ], [ -122.153067, 36.976145 ], [ -122.152844, 36.976139 ], [ -122.152648, 36.976277 ], [ -122.152588, 36.976312 ], [ -122.152519, 36.976326 ], [ -122.152459, 36.976326 ], [ -122.152313, 36.976313 ], [ -122.15227, 36.9763 ], [ -122.152244, 36.976279 ], [ -122.152176, 36.976266 ], [ -122.15206, 36.976198 ], [ -122.151797, 36.976021 ], [ -122.15172, 36.976021 ], [ -122.151626, 36.976107 ], [ -122.151562, 36.976173 ], [ -122.151481, 36.97628 ], [ -122.151413, 36.976345 ], [ -122.151276, 36.976456 ], [ -122.151037, 36.976629 ], [ -122.150968, 36.976643 ], [ -122.15093, 36.976622 ], [ -122.150882, 36.976588 ], [ -122.150864, 36.976348 ], [ -122.150803, 36.9763 ], [ -122.150761, 36.976335 ], [ -122.150719, 36.97658 ], [ -122.150693, 36.976568 ], [ -122.150668, 36.976534 ], [ -122.150521, 36.976418 ], [ -122.150436, 36.976467 ], [ -122.150358, 36.976447 ], [ -122.150281, 36.976454 ], [ -122.150255, 36.976447 ], [ -122.150212, 36.97642 ], [ -122.150152, 36.976365 ], [ -122.149979, 36.976164 ], [ -122.149953, 36.97614 ], [ -122.149927, 36.976023 ], [ -122.149867, 36.975975 ], [ -122.149815, 36.976017 ], [ -122.149791, 36.976223 ], [ -122.149757, 36.976285 ], [ -122.149748, 36.976312 ], [ -122.149646, 36.976395 ], [ -122.149076, 36.976477 ], [ -122.148814, 36.976509 ], [ -122.148523, 36.976538 ], [ -122.148309, 36.976601 ], [ -122.148087, 36.976787 ], [ -122.148053, 36.976787 ], [ -122.148001, 36.976825 ], [ -122.147942, 36.976884 ], [ -122.147933, 36.976912 ], [ -122.147873, 36.976981 ], [ -122.147891, 36.977125 ], [ -122.147922, 36.97721 ], [ -122.147953, 36.977351 ], [ -122.147919, 36.977385 ], [ -122.147876, 36.97742 ], [ -122.147833, 36.977447 ], [ -122.147653, 36.977469 ], [ -122.147585, 36.97749 ], [ -122.147551, 36.977511 ], [ -122.147491, 36.977525 ], [ -122.147392, 36.977556 ], [ -122.146954, 36.977545 ], [ -122.146849, 36.977538 ], [ -122.14656, 36.977519 ], [ -122.146328, 36.9775 ], [ -122.146216, 36.977486 ], [ -122.145817, 36.977423 ], [ -122.145499, 36.977342 ], [ -122.145465, 36.977322 ], [ -122.145405, 36.977308 ], [ -122.145362, 36.977281 ], [ -122.145336, 36.977281 ], [ -122.145284, 36.977247 ], [ -122.14519, 36.9772 ], [ -122.144996, 36.977118 ], [ -122.144845, 36.977009 ], [ -122.144774, 36.976946 ], [ -122.144775, 36.976632 ], [ -122.144706, 36.976577 ], [ -122.144611, 36.976598 ], [ -122.144586, 36.976599 ], [ -122.144517, 36.976585 ], [ -122.144452, 36.976551 ], [ -122.144422, 36.976531 ], [ -122.144336, 36.976517 ], [ -122.144268, 36.976573 ], [ -122.144243, 36.976703 ], [ -122.144184, 36.976841 ], [ -122.144158, 36.976875 ], [ -122.14415, 36.976903 ], [ -122.144073, 36.976965 ], [ -122.144006, 36.976953 ], [ -122.143957, 36.976931 ], [ -122.143867, 36.97687 ], [ -122.143798, 36.976801 ], [ -122.143728, 36.976716 ], [ -122.143703, 36.976692 ], [ -122.143702, 36.976651 ], [ -122.143711, 36.976616 ], [ -122.143642, 36.976562 ], [ -122.143565, 36.976576 ], [ -122.143488, 36.976618 ], [ -122.143367, 36.976591 ], [ -122.143316, 36.976591 ], [ -122.143264, 36.97655 ], [ -122.143101, 36.97651 ], [ -122.143015, 36.976483 ], [ -122.142963, 36.976449 ], [ -122.142766, 36.976346 ], [ -122.142632, 36.976285 ], [ -122.142232, 36.975999 ], [ -122.141475, 36.975611 ], [ -122.141427, 36.975591 ], [ -122.14138, 36.975557 ], [ -122.141216, 36.975468 ], [ -122.141027, 36.975373 ], [ -122.140984, 36.97536 ], [ -122.140321, 36.974831 ], [ -122.140282, 36.974814 ], [ -122.140157, 36.974718 ], [ -122.140062, 36.974606 ], [ -122.139933, 36.9745 ], [ -122.139864, 36.974466 ], [ -122.139804, 36.974411 ], [ -122.139786, 36.974343 ], [ -122.139717, 36.974274 ], [ -122.1397, 36.974178 ], [ -122.139725, 36.974116 ], [ -122.139682, 36.974082 ], [ -122.139579, 36.974097 ], [ -122.139536, 36.974117 ], [ -122.139502, 36.974118 ], [ -122.139442, 36.974104 ], [ -122.139162, 36.973906 ], [ -122.139046, 36.973818 ], [ -122.138864, 36.973647 ], [ -122.138839, 36.973616 ], [ -122.138649, 36.973428 ], [ -122.138614, 36.973384 ], [ -122.138497, 36.973289 ], [ -122.138399, 36.97321 ], [ -122.138347, 36.973203 ], [ -122.138309, 36.973183 ], [ -122.13827, 36.973156 ], [ -122.13827, 36.973094 ], [ -122.138252, 36.973011 ], [ -122.137864, 36.972629 ], [ -122.137838, 36.972598 ], [ -122.137476, 36.972246 ], [ -122.136924, 36.971672 ], [ -122.136794, 36.971515 ], [ -122.136768, 36.97146 ], [ -122.136742, 36.971433 ], [ -122.136725, 36.971385 ], [ -122.136699, 36.971364 ], [ -122.136655, 36.971214 ], [ -122.13659, 36.971118 ], [ -122.136525, 36.970974 ], [ -122.136482, 36.970912 ], [ -122.136464, 36.970748 ], [ -122.136438, 36.970714 ], [ -122.136438, 36.970679 ], [ -122.136386, 36.970631 ], [ -122.136386, 36.970604 ], [ -122.136343, 36.970563 ], [ -122.136256, 36.970457 ], [ -122.135963, 36.970194 ], [ -122.135847, 36.970071 ], [ -122.135773, 36.969982 ], [ -122.135773, 36.969955 ], [ -122.135747, 36.969927 ], [ -122.13573, 36.969886 ], [ -122.135696, 36.969852 ], [ -122.135687, 36.969825 ], [ -122.135644, 36.969777 ], [ -122.135592, 36.969705 ], [ -122.135575, 36.969688 ], [ -122.135574, 36.969619 ], [ -122.135583, 36.969599 ], [ -122.13574, 36.96944 ], [ -122.135762, 36.969412 ], [ -122.135779, 36.969371 ], [ -122.135872, 36.969261 ], [ -122.135902, 36.969195 ], [ -122.135919, 36.969134 ], [ -122.135956, 36.968897 ], [ -122.135981, 36.968663 ], [ -122.136083, 36.96856 ], [ -122.13614, 36.968417 ], [ -122.136151, 36.968374 ], [ -122.136133, 36.968353 ], [ -122.135884, 36.968155 ], [ -122.135789, 36.968142 ], [ -122.135763, 36.968115 ], [ -122.135883, 36.968004 ], [ -122.135865, 36.967984 ], [ -122.135805, 36.967936 ], [ -122.135668, 36.96793 ], [ -122.135599, 36.967951 ], [ -122.135561, 36.967972 ], [ -122.135428, 36.968075 ], [ -122.135343, 36.968117 ], [ -122.1353, 36.968131 ], [ -122.135261, 36.968121 ], [ -122.135086, 36.968097 ], [ -122.134949, 36.968229 ], [ -122.134898, 36.968366 ], [ -122.134839, 36.968421 ], [ -122.134813, 36.968421 ], [ -122.134778, 36.968394 ], [ -122.134795, 36.968318 ], [ -122.134855, 36.968202 ], [ -122.13488, 36.968167 ], [ -122.134888, 36.968126 ], [ -122.135161, 36.96785 ], [ -122.13517, 36.967816 ], [ -122.135161, 36.967774 ], [ -122.135178, 36.967706 ], [ -122.135199, 36.967661 ], [ -122.135151, 36.967603 ], [ -122.135082, 36.967535 ], [ -122.135065, 36.96748 ], [ -122.135047, 36.967274 ], [ -122.134995, 36.967212 ], [ -122.134797, 36.967035 ], [ -122.134779, 36.966952 ], [ -122.134762, 36.966918 ], [ -122.134667, 36.966843 ], [ -122.134624, 36.966874 ], [ -122.134565, 36.966933 ], [ -122.134535, 36.966991 ], [ -122.134549, 36.967153 ], [ -122.134506, 36.967204 ], [ -122.134288, 36.967401 ], [ -122.134131, 36.967639 ], [ -122.13402, 36.967732 ], [ -122.133908, 36.967712 ], [ -122.133574, 36.967748 ], [ -122.133227, 36.967732 ], [ -122.133154, 36.967722 ], [ -122.133025, 36.967688 ], [ -122.13299, 36.967668 ], [ -122.1329, 36.967627 ], [ -122.132836, 36.967579 ], [ -122.13281, 36.96758 ], [ -122.132732, 36.967539 ], [ -122.132655, 36.967518 ], [ -122.132604, 36.967491 ], [ -122.132561, 36.967478 ], [ -122.132509, 36.967451 ], [ -122.132432, 36.96743 ], [ -122.132406, 36.96741 ], [ -122.132346, 36.967376 ], [ -122.132174, 36.967294 ], [ -122.132088, 36.967281 ], [ -122.132019, 36.967247 ], [ -122.131933, 36.967185 ], [ -122.131934, 36.967083 ], [ -122.131812, 36.96698 ], [ -122.131786, 36.966966 ], [ -122.131709, 36.966953 ], [ -122.131666, 36.96694 ], [ -122.131614, 36.966905 ], [ -122.131541, 36.966871 ], [ -122.131476, 36.966831 ], [ -122.131425, 36.966865 ], [ -122.131392, 36.967064 ], [ -122.131298, 36.96714 ], [ -122.131139, 36.967117 ], [ -122.13086, 36.967088 ], [ -122.130821, 36.967067 ], [ -122.130662, 36.966951 ], [ -122.130585, 36.966931 ], [ -122.130533, 36.966904 ], [ -122.13049, 36.966897 ], [ -122.13043, 36.96686 ], [ -122.130391, 36.966843 ], [ -122.130228, 36.966713 ], [ -122.130104, 36.96681 ], [ -122.129881, 36.966749 ], [ -122.129726, 36.966702 ], [ -122.129692, 36.966681 ], [ -122.129614, 36.966661 ], [ -122.129563, 36.966634 ], [ -122.129528, 36.966627 ], [ -122.129485, 36.966613 ], [ -122.129227, 36.966484 ], [ -122.129146, 36.96645 ], [ -122.129064, 36.966385 ], [ -122.129029, 36.966348 ], [ -122.129021, 36.96632 ], [ -122.128995, 36.9663 ], [ -122.128995, 36.966279 ], [ -122.128986, 36.966259 ], [ -122.12896, 36.966238 ], [ -122.128942, 36.966135 ], [ -122.128917, 36.966115 ], [ -122.128889, 36.965772 ], [ -122.128863, 36.965751 ], [ -122.128863, 36.965724 ], [ -122.128768, 36.965635 ], [ -122.128742, 36.965546 ], [ -122.128733, 36.965491 ], [ -122.128755, 36.965385 ], [ -122.128758, 36.965374 ], [ -122.128655, 36.965292 ], [ -122.128612, 36.965286 ], [ -122.128427, 36.965156 ], [ -122.128112, 36.964903 ], [ -122.127838, 36.964911 ], [ -122.127808, 36.964922 ], [ -122.127667, 36.96494 ], [ -122.127431, 36.964924 ], [ -122.127289, 36.964907 ], [ -122.12725, 36.964887 ], [ -122.126988, 36.964665 ], [ -122.126841, 36.964532 ], [ -122.126858, 36.96438 ], [ -122.126806, 36.964326 ], [ -122.126702, 36.964244 ], [ -122.126585, 36.964243 ], [ -122.12648, 36.964331 ], [ -122.126403, 36.964403 ], [ -122.126378, 36.964451 ], [ -122.126352, 36.964479 ], [ -122.126335, 36.964513 ], [ -122.126301, 36.964555 ], [ -122.126293, 36.964582 ], [ -122.126216, 36.964644 ], [ -122.126117, 36.964693 ], [ -122.126077, 36.964719 ], [ -122.125999, 36.964806 ], [ -122.125939, 36.964864 ], [ -122.125888, 36.964988 ], [ -122.125846, 36.965207 ], [ -122.125718, 36.965331 ], [ -122.125705, 36.965366 ], [ -122.125675, 36.965421 ], [ -122.125628, 36.965534 ], [ -122.12559, 36.965688 ], [ -122.125556, 36.965723 ], [ -122.125488, 36.965778 ], [ -122.125408, 36.965814 ], [ -122.125385, 36.965818 ], [ -122.125316, 36.965854 ], [ -122.124961, 36.965947 ], [ -122.124888, 36.965958 ], [ -122.12458, 36.966041 ], [ -122.124349, 36.966117 ], [ -122.124169, 36.966186 ], [ -122.123869, 36.966208 ], [ -122.123577, 36.966209 ], [ -122.12329, 36.966179 ], [ -122.12326, 36.966162 ], [ -122.123063, 36.9661 ], [ -122.12293, 36.966084 ], [ -122.1229, 36.966067 ], [ -122.122668, 36.965999 ], [ -122.122557, 36.965972 ], [ -122.122505, 36.965944 ], [ -122.122419, 36.965924 ], [ -122.122359, 36.96589 ], [ -122.122291, 36.965876 ], [ -122.122213, 36.965829 ], [ -122.122145, 36.965815 ], [ -122.122119, 36.965795 ], [ -122.122093, 36.965795 ], [ -122.122059, 36.965774 ], [ -122.121999, 36.965761 ], [ -122.121887, 36.965706 ], [ -122.121827, 36.965693 ], [ -122.121441, 36.965495 ], [ -122.121407, 36.965468 ], [ -122.121381, 36.965468 ], [ -122.121184, 36.965376 ], [ -122.121012, 36.965263 ], [ -122.12096, 36.965222 ], [ -122.120853, 36.965108 ], [ -122.12059, 36.964784 ], [ -122.120565, 36.964736 ], [ -122.120522, 36.964689 ], [ -122.120487, 36.964627 ], [ -122.120444, 36.964579 ], [ -122.120341, 36.964408 ], [ -122.120298, 36.96436 ], [ -122.119804, 36.963959 ], [ -122.119731, 36.963861 ], [ -122.119572, 36.96367 ], [ -122.119507, 36.963601 ], [ -122.119481, 36.96356 ], [ -122.119424, 36.963104 ], [ -122.119403, 36.963046 ], [ -122.119368, 36.962923 ], [ -122.11935, 36.96271 ], [ -122.119367, 36.962642 ], [ -122.119402, 36.962607 ], [ -122.119436, 36.96258 ], [ -122.11959, 36.962559 ], [ -122.119667, 36.962497 ], [ -122.119658, 36.96238 ], [ -122.119606, 36.962325 ], [ -122.119426, 36.962182 ], [ -122.119357, 36.962182 ], [ -122.119332, 36.962203 ], [ -122.119319, 36.962268 ], [ -122.119272, 36.962381 ], [ -122.119187, 36.962464 ], [ -122.119067, 36.96256 ], [ -122.118982, 36.962608 ], [ -122.11886, 36.962621 ], [ -122.118759, 36.962595 ], [ -122.118536, 36.96249 ], [ -122.118424, 36.962418 ], [ -122.11839, 36.962391 ], [ -122.118192, 36.962275 ], [ -122.118036, 36.962191 ], [ -122.117905, 36.96219 ], [ -122.117793, 36.962204 ], [ -122.117138, 36.962381 ], [ -122.116916, 36.962457 ], [ -122.11665, 36.962526 ], [ -122.116616, 36.962526 ], [ -122.116586, 36.962506 ], [ -122.11647, 36.962444 ], [ -122.116308, 36.962575 ], [ -122.116203, 36.962653 ], [ -122.116072, 36.962668 ], [ -122.115219, 36.962688 ], [ -122.114988, 36.962668 ], [ -122.114868, 36.962648 ], [ -122.114844, 36.962631 ], [ -122.114791, 36.962593 ], [ -122.114696, 36.962518 ], [ -122.114679, 36.962484 ], [ -122.114567, 36.962361 ], [ -122.114524, 36.96232 ], [ -122.114507, 36.962279 ], [ -122.11443, 36.96219 ], [ -122.114187, 36.962003 ], [ -122.114164, 36.961999 ], [ -122.114112, 36.961971 ], [ -122.114082, 36.961968 ], [ -122.114052, 36.961951 ], [ -122.113966, 36.96193 ], [ -122.113906, 36.961896 ], [ -122.113692, 36.961842 ], [ -122.113657, 36.961822 ], [ -122.113589, 36.961808 ], [ -122.113511, 36.961767 ], [ -122.113426, 36.961747 ], [ -122.113366, 36.961713 ], [ -122.113306, 36.961699 ], [ -122.113271, 36.961679 ], [ -122.113203, 36.961665 ], [ -122.113117, 36.961617 ], [ -122.113074, 36.961611 ], [ -122.113052, 36.961597 ], [ -122.112868, 36.961508 ], [ -122.112542, 36.961269 ], [ -122.11243, 36.961174 ], [ -122.112413, 36.961132 ], [ -122.11237, 36.961091 ], [ -122.112352, 36.960948 ], [ -122.112352, 36.960893 ], [ -122.112617, 36.960666 ], [ -122.112617, 36.960611 ], [ -122.112398, 36.960433 ], [ -122.112317, 36.960395 ], [ -122.112149, 36.960283 ], [ -122.111849, 36.960064 ], [ -122.111703, 36.959969 ], [ -122.111553, 36.959887 ], [ -122.11145, 36.959825 ], [ -122.111269, 36.95973 ], [ -122.111218, 36.959716 ], [ -122.111115, 36.959669 ], [ -122.111038, 36.959628 ], [ -122.111004, 36.959621 ], [ -122.110686, 36.959478 ], [ -122.110377, 36.959328 ], [ -122.110077, 36.959164 ], [ -122.109982, 36.959102 ], [ -122.10994, 36.959096 ], [ -122.109631, 36.958925 ], [ -122.109437, 36.958788 ], [ -122.109262, 36.958655 ], [ -122.109124, 36.958495 ], [ -122.109081, 36.958433 ], [ -122.108995, 36.958241 ], [ -122.108977, 36.95807 ], [ -122.108985, 36.957884 ], [ -122.108968, 36.957864 ], [ -122.108779, 36.957714 ], [ -122.108676, 36.957686 ], [ -122.108625, 36.957659 ], [ -122.108548, 36.957635 ], [ -122.108454, 36.957612 ], [ -122.108428, 36.957591 ], [ -122.108402, 36.957591 ], [ -122.108187, 36.957441 ], [ -122.108153, 36.957441 ], [ -122.10811, 36.957434 ], [ -122.107896, 36.957284 ], [ -122.107527, 36.957258 ], [ -122.107399, 36.957237 ], [ -122.107377, 36.957224 ], [ -122.107107, 36.957108 ], [ -122.106944, 36.956999 ], [ -122.106901, 36.956961 ], [ -122.106866, 36.956916 ], [ -122.106824, 36.956875 ], [ -122.106824, 36.956855 ], [ -122.106652, 36.956691 ], [ -122.106429, 36.956513 ], [ -122.106334, 36.956458 ], [ -122.106111, 36.956397 ], [ -122.106008, 36.956336 ], [ -122.105974, 36.956305 ], [ -122.105965, 36.95624 ], [ -122.105931, 36.956206 ], [ -122.105828, 36.956124 ], [ -122.105588, 36.956138 ], [ -122.105537, 36.956179 ], [ -122.105537, 36.956248 ], [ -122.105486, 36.956289 ], [ -122.105434, 36.956289 ], [ -122.105408, 36.956283 ], [ -122.105348, 36.956248 ], [ -122.105295, 36.95624 ], [ -122.105177, 36.956249 ], [ -122.104954, 36.956304 ], [ -122.104881, 36.956308 ], [ -122.104543, 36.956312 ], [ -122.104382, 36.956284 ], [ -122.104234, 36.956245 ], [ -122.103865, 36.955964 ], [ -122.10384, 36.955965 ], [ -122.103818, 36.955951 ], [ -122.103771, 36.95593 ], [ -122.103548, 36.955876 ], [ -122.103359, 36.955746 ], [ -122.103265, 36.955747 ], [ -122.103137, 36.955843 ], [ -122.10303, 36.95586 ], [ -122.10288, 36.955892 ], [ -122.102846, 36.955912 ], [ -122.102811, 36.955919 ], [ -122.102683, 36.955988 ], [ -122.102631, 36.956023 ], [ -122.102323, 36.956106 ], [ -122.102041, 36.95612 ], [ -122.101955, 36.956121 ], [ -122.101758, 36.9561 ], [ -122.101655, 36.95608 ], [ -122.101629, 36.956067 ], [ -122.101578, 36.956026 ], [ -122.101586, 36.955936 ], [ -122.101637, 36.95582 ], [ -122.101551, 36.955751 ], [ -122.101483, 36.955738 ], [ -122.101431, 36.95571 ], [ -122.1012, 36.95554 ], [ -122.101024, 36.955417 ], [ -122.100586, 36.95513 ], [ -122.100333, 36.954993 ], [ -122.10023, 36.954945 ], [ -122.100153, 36.954904 ], [ -122.100103, 36.954889 ], [ -122.100016, 36.95485 ], [ -122.099981, 36.954823 ], [ -122.099887, 36.954816 ], [ -122.099846, 36.954821 ], [ -122.099707, 36.954851 ], [ -122.099562, 36.954961 ], [ -122.099485, 36.954975 ], [ -122.099425, 36.955023 ], [ -122.099408, 36.955119 ], [ -122.099374, 36.955154 ], [ -122.099262, 36.955243 ], [ -122.099237, 36.955243 ], [ -122.099185, 36.955277 ], [ -122.099091, 36.955298 ], [ -122.099065, 36.955319 ], [ -122.098928, 36.955354 ], [ -122.098731, 36.955368 ], [ -122.098611, 36.9553 ], [ -122.09856, 36.955255 ], [ -122.098517, 36.955204 ], [ -122.098388, 36.955101 ], [ -122.098302, 36.955115 ], [ -122.098183, 36.955205 ], [ -122.098166, 36.95528 ], [ -122.098132, 36.955315 ], [ -122.098089, 36.955349 ], [ -122.098018, 36.955392 ], [ -122.097918, 36.955411 ], [ -122.0978, 36.955403 ], [ -122.097626, 36.955378 ], [ -122.097549, 36.955337 ], [ -122.097489, 36.955323 ], [ -122.097377, 36.955255 ], [ -122.097369, 36.955234 ], [ -122.097369, 36.955145 ], [ -122.097403, 36.955097 ], [ -122.097326, 36.955036 ], [ -122.097124, 36.955039 ], [ -122.097047, 36.955053 ], [ -122.097017, 36.955064 ], [ -122.096936, 36.955119 ], [ -122.096837, 36.955208 ], [ -122.096837, 36.955229 ], [ -122.096803, 36.955263 ], [ -122.096709, 36.955339 ], [ -122.096649, 36.95538 ], [ -122.096529, 36.955408 ], [ -122.096418, 36.955408 ], [ -122.095904, 36.955389 ], [ -122.095514, 36.955352 ], [ -122.095398, 36.955336 ], [ -122.095364, 36.955336 ], [ -122.095304, 36.955302 ], [ -122.095218, 36.955281 ], [ -122.095124, 36.955227 ], [ -122.09509, 36.955199 ], [ -122.095038, 36.955076 ], [ -122.095012, 36.954966 ], [ -122.094935, 36.954877 ], [ -122.094883, 36.954836 ], [ -122.094832, 36.954843 ], [ -122.094798, 36.954864 ], [ -122.094763, 36.954871 ], [ -122.094566, 36.954974 ], [ -122.094301, 36.955105 ], [ -122.09425, 36.95514 ], [ -122.094215, 36.955133 ], [ -122.094147, 36.955092 ], [ -122.09407, 36.95503 ], [ -122.093984, 36.954935 ], [ -122.093846, 36.954825 ], [ -122.093803, 36.954805 ], [ -122.093641, 36.954764 ], [ -122.093555, 36.954764 ], [ -122.093366, 36.954778 ], [ -122.093287, 36.954794 ], [ -122.093165, 36.95481 ], [ -122.093024, 36.954807 ], [ -122.092964, 36.95478 ], [ -122.092887, 36.954739 ], [ -122.092389, 36.954363 ], [ -122.092183, 36.954198 ], [ -122.092174, 36.954178 ], [ -122.092174, 36.954123 ], [ -122.092251, 36.954047 ], [ -122.09226, 36.95402 ], [ -122.092131, 36.953917 ], [ -122.092088, 36.95389 ], [ -122.092028, 36.95387 ], [ -122.091994, 36.953849 ], [ -122.091925, 36.953829 ], [ -122.091874, 36.953822 ], [ -122.09184, 36.953849 ], [ -122.091823, 36.953925 ], [ -122.091728, 36.954001 ], [ -122.091677, 36.954008 ], [ -122.091574, 36.954083 ], [ -122.091557, 36.954152 ], [ -122.091557, 36.954193 ], [ -122.091592, 36.954351 ], [ -122.091592, 36.954371 ], [ -122.091481, 36.954461 ], [ -122.091292, 36.954509 ], [ -122.09125, 36.954537 ], [ -122.091207, 36.954544 ], [ -122.091155, 36.954568 ], [ -122.091078, 36.954613 ], [ -122.091012, 36.954622 ], [ -122.090976, 36.954606 ], [ -122.090753, 36.954449 ], [ -122.090316, 36.954416 ], [ -122.090255, 36.954389 ], [ -122.090221, 36.954381 ], [ -122.090195, 36.954368 ], [ -122.089998, 36.954232 ], [ -122.089878, 36.954211 ], [ -122.089741, 36.954143 ], [ -122.089707, 36.954116 ], [ -122.089672, 36.954116 ], [ -122.089604, 36.954082 ], [ -122.089509, 36.954068 ], [ -122.089469, 36.954056 ], [ -122.089389, 36.954021 ], [ -122.089244, 36.953918 ], [ -122.089175, 36.953877 ], [ -122.089081, 36.953877 ], [ -122.088957, 36.95397 ], [ -122.08891, 36.95396 ], [ -122.088884, 36.953939 ], [ -122.088854, 36.953936 ], [ -122.088824, 36.953919 ], [ -122.088635, 36.953906 ], [ -122.088584, 36.953947 ], [ -122.088584, 36.953975 ], [ -122.088593, 36.954023 ], [ -122.088696, 36.954146 ], [ -122.088859, 36.954317 ], [ -122.088872, 36.954361 ], [ -122.088825, 36.954392 ], [ -122.088366, 36.954057 ], [ -122.088258, 36.953989 ], [ -122.088224, 36.953989 ], [ -122.088164, 36.953955 ], [ -122.088053, 36.953921 ], [ -122.08786, 36.953904 ], [ -122.08783, 36.953894 ], [ -122.087697, 36.953877 ], [ -122.087667, 36.953867 ], [ -122.087579, 36.953852 ], [ -122.087457, 36.953844 ], [ -122.087393, 36.953888 ], [ -122.08729, 36.953978 ], [ -122.087265, 36.95404 ], [ -122.087252, 36.954098 ], [ -122.087274, 36.954671 ], [ -122.08718, 36.954746 ], [ -122.087129, 36.954719 ], [ -122.087086, 36.954685 ], [ -122.087064, 36.954538 ], [ -122.087042, 36.954219 ], [ -122.08705, 36.954088 ], [ -122.08708, 36.9539 ], [ -122.087101, 36.953862 ], [ -122.087114, 36.95379 ], [ -122.087131, 36.953759 ], [ -122.087159, 36.953524 ], [ -122.087161, 36.953512 ], [ -122.087144, 36.953457 ], [ -122.087092, 36.953354 ], [ -122.086774, 36.952957 ], [ -122.086646, 36.952806 ], [ -122.086585, 36.952745 ], [ -122.08656, 36.952704 ], [ -122.086495, 36.952644 ], [ -122.08647, 36.952608 ], [ -122.086379, 36.952519 ], [ -122.086251, 36.952416 ], [ -122.086088, 36.952396 ], [ -122.085505, 36.952404 ], [ -122.085428, 36.952473 ], [ -122.08548, 36.952652 ], [ -122.08548, 36.952672 ], [ -122.085446, 36.952707 ], [ -122.085352, 36.952775 ], [ -122.085318, 36.952782 ], [ -122.085258, 36.952817 ], [ -122.085198, 36.952831 ], [ -122.085138, 36.952865 ], [ -122.085078, 36.952879 ], [ -122.084975, 36.952934 ], [ -122.084924, 36.952941 ], [ -122.084898, 36.952962 ], [ -122.084855, 36.952976 ], [ -122.084722, 36.952993 ], [ -122.084624, 36.952983 ], [ -122.084598, 36.952969 ], [ -122.084512, 36.952901 ], [ -122.084384, 36.952819 ], [ -122.084315, 36.952805 ], [ -122.084187, 36.952806 ], [ -122.083913, 36.952957 ], [ -122.08387, 36.952964 ], [ -122.083844, 36.952985 ], [ -122.083622, 36.952999 ], [ -122.083585, 36.952977 ], [ -122.083562, 36.952973 ], [ -122.083527, 36.952958 ], [ -122.083399, 36.952869 ], [ -122.083328, 36.952799 ], [ -122.083313, 36.952678 ], [ -122.083458, 36.95254 ], [ -122.083543, 36.952444 ], [ -122.083561, 36.952361 ], [ -122.08356, 36.952327 ], [ -122.083393, 36.952197 ], [ -122.083329, 36.952163 ], [ -122.083277, 36.952129 ], [ -122.083157, 36.952095 ], [ -122.08275, 36.952051 ], [ -122.082712, 36.952041 ], [ -122.082635, 36.952028 ], [ -122.082455, 36.951946 ], [ -122.082352, 36.951884 ], [ -122.082163, 36.951871 ], [ -122.082095, 36.951885 ], [ -122.082001, 36.951947 ], [ -122.081906, 36.95204 ], [ -122.081795, 36.952167 ], [ -122.081735, 36.952242 ], [ -122.081607, 36.952346 ], [ -122.081496, 36.95236 ], [ -122.081333, 36.952374 ], [ -122.081213, 36.952463 ], [ -122.081196, 36.952642 ], [ -122.081239, 36.952683 ], [ -122.081265, 36.952731 ], [ -122.081231, 36.952765 ], [ -122.081154, 36.95282 ], [ -122.0811, 36.952829 ], [ -122.080948, 36.952814 ], [ -122.080725, 36.952657 ], [ -122.080665, 36.952643 ], [ -122.080605, 36.95265 ], [ -122.080562, 36.952678 ], [ -122.080468, 36.95276 ], [ -122.080451, 36.952856 ], [ -122.08046, 36.952904 ], [ -122.080529, 36.952969 ], [ -122.080559, 36.953007 ], [ -122.080477, 36.953083 ], [ -122.080435, 36.95309 ], [ -122.080409, 36.95311 ], [ -122.080272, 36.953145 ], [ -122.080238, 36.953172 ], [ -122.080178, 36.953186 ], [ -122.080109, 36.953228 ], [ -122.080066, 36.953235 ], [ -122.079989, 36.953283 ], [ -122.079946, 36.953297 ], [ -122.079784, 36.953338 ], [ -122.079741, 36.953366 ], [ -122.079608, 36.953383 ], [ -122.079197, 36.953364 ], [ -122.079038, 36.953319 ], [ -122.078927, 36.953292 ], [ -122.078468, 36.953249 ], [ -122.078438, 36.953232 ], [ -122.078198, 36.953164 ], [ -122.077907, 36.95313 ], [ -122.077877, 36.953126 ], [ -122.077847, 36.953123 ], [ -122.077796, 36.953096 ], [ -122.077767, 36.953093 ], [ -122.077646, 36.953079 ], [ -122.077573, 36.953062 ], [ -122.077401, 36.953042 ], [ -122.07735, 36.953015 ], [ -122.076836, 36.952876 ], [ -122.076759, 36.952838 ], [ -122.076724, 36.952831 ], [ -122.076621, 36.952783 ], [ -122.076398, 36.952626 ], [ -122.076338, 36.952578 ], [ -122.07633, 36.952551 ], [ -122.076304, 36.952523 ], [ -122.07627, 36.952448 ], [ -122.076248, 36.952314 ], [ -122.076217, 36.951645 ], [ -122.076209, 36.951573 ], [ -122.076195, 36.951429 ], [ -122.076127, 36.951093 ], [ -122.076045, 36.95085 ], [ -122.075942, 36.950617 ], [ -122.075882, 36.9505 ], [ -122.075839, 36.950446 ], [ -122.07571, 36.950343 ], [ -122.075667, 36.950336 ], [ -122.075444, 36.950337 ], [ -122.075419, 36.950316 ], [ -122.075367, 36.950303 ], [ -122.075256, 36.950289 ], [ -122.0752, 36.950286 ], [ -122.075059, 36.950262 ], [ -122.074724, 36.950009 ], [ -122.074656, 36.949996 ], [ -122.074553, 36.950003 ], [ -122.074442, 36.950099 ], [ -122.074356, 36.950298 ], [ -122.074288, 36.950367 ], [ -122.074237, 36.950408 ], [ -122.074194, 36.950422 ], [ -122.074134, 36.950381 ], [ -122.074125, 36.950319 ], [ -122.074082, 36.950114 ], [ -122.074056, 36.950018 ], [ -122.07403, 36.94997 ], [ -122.074005, 36.949942 ], [ -122.073979, 36.949881 ], [ -122.07391, 36.949792 ], [ -122.073833, 36.949716 ], [ -122.073653, 36.949573 ], [ -122.07355, 36.949559 ], [ -122.073512, 36.949563 ], [ -122.073473, 36.949573 ], [ -122.073375, 36.949642 ], [ -122.073293, 36.949718 ], [ -122.073242, 36.949834 ], [ -122.073216, 36.949917 ], [ -122.073157, 36.950061 ], [ -122.073088, 36.95013 ], [ -122.072994, 36.950206 ], [ -122.0729, 36.950267 ], [ -122.072429, 36.950324 ], [ -122.072377, 36.950296 ], [ -122.072352, 36.950276 ], [ -122.072335, 36.950241 ], [ -122.072317, 36.949926 ], [ -122.072283, 36.949795 ], [ -122.072248, 36.949761 ], [ -122.07216, 36.949698 ], [ -122.072081, 36.94969 ], [ -122.07164, 36.949701 ], [ -122.071494, 36.949729 ], [ -122.071434, 36.94977 ], [ -122.071357, 36.949763 ], [ -122.071289, 36.949722 ], [ -122.071074, 36.94961 ], [ -122.070894, 36.949517 ], [ -122.070629, 36.949367 ], [ -122.070326, 36.949208 ], [ -122.070304, 36.949204 ], [ -122.070174, 36.949128 ], [ -122.07014, 36.949114 ], [ -122.070071, 36.949073 ], [ -122.069977, 36.948984 ], [ -122.069977, 36.94895 ], [ -122.069951, 36.948916 ], [ -122.069849, 36.948834 ], [ -122.069823, 36.94882 ], [ -122.069585, 36.948791 ], [ -122.069394, 36.948739 ], [ -122.069317, 36.948691 ], [ -122.069266, 36.948677 ], [ -122.069086, 36.948691 ], [ -122.068906, 36.948781 ], [ -122.068846, 36.948815 ], [ -122.068815, 36.948825 ], [ -122.068778, 36.948836 ], [ -122.068521, 36.948823 ], [ -122.068251, 36.948793 ], [ -122.068101, 36.948756 ], [ -122.068007, 36.948694 ], [ -122.067964, 36.94866 ], [ -122.067959, 36.948644 ], [ -122.067947, 36.948605 ], [ -122.067912, 36.948557 ], [ -122.067886, 36.948502 ], [ -122.067809, 36.948413 ], [ -122.067689, 36.948317 ], [ -122.067604, 36.948324 ], [ -122.067518, 36.948379 ], [ -122.067424, 36.948462 ], [ -122.06739, 36.948503 ], [ -122.067364, 36.948558 ], [ -122.067347, 36.948744 ], [ -122.06733, 36.948833 ], [ -122.067202, 36.948936 ], [ -122.067159, 36.94895 ], [ -122.067086, 36.94896 ], [ -122.066902, 36.94895 ], [ -122.066876, 36.94893 ], [ -122.066833, 36.948923 ], [ -122.06673, 36.948862 ], [ -122.066653, 36.948738 ], [ -122.06661, 36.94869 ], [ -122.066507, 36.948608 ], [ -122.066465, 36.948608 ], [ -122.066413, 36.948653 ], [ -122.06637, 36.948705 ], [ -122.066349, 36.948718 ], [ -122.06631, 36.948691 ], [ -122.06631, 36.948622 ], [ -122.066319, 36.948561 ], [ -122.066293, 36.948451 ], [ -122.06626, 36.948378 ], [ -122.06625, 36.948355 ], [ -122.06619, 36.948286 ], [ -122.065933, 36.948081 ], [ -122.065736, 36.948075 ], [ -122.065474, 36.948098 ], [ -122.065342, 36.948124 ], [ -122.06529, 36.948151 ], [ -122.064969, 36.948351 ], [ -122.064845, 36.94842 ], [ -122.064794, 36.948454 ], [ -122.06464, 36.948503 ], [ -122.064468, 36.948517 ], [ -122.064349, 36.9486 ], [ -122.064272, 36.948655 ], [ -122.064169, 36.948737 ], [ -122.064066, 36.948765 ], [ -122.063993, 36.948775 ], [ -122.063715, 36.948958 ], [ -122.063664, 36.948978 ], [ -122.063552, 36.949006 ], [ -122.063527, 36.948999 ], [ -122.06327, 36.949007 ], [ -122.063244, 36.948986 ], [ -122.063098, 36.948946 ], [ -122.062901, 36.948932 ], [ -122.062822, 36.948948 ], [ -122.06273, 36.948974 ], [ -122.062473, 36.949002 ], [ -122.062434, 36.949012 ], [ -122.062383, 36.949019 ], [ -122.062225, 36.949064 ], [ -122.0621, 36.949082 ], [ -122.06195, 36.949127 ], [ -122.061556, 36.949155 ], [ -122.061436, 36.949183 ], [ -122.061145, 36.949327 ], [ -122.060914, 36.949431 ], [ -122.060809, 36.949483 ], [ -122.060632, 36.949572 ], [ -122.060512, 36.949638 ], [ -122.060486, 36.949658 ], [ -122.060486, 36.949679 ], [ -122.060418, 36.949734 ], [ -122.060375, 36.949762 ], [ -122.059664, 36.949818 ], [ -122.059652, 36.949821 ], [ -122.059561, 36.949846 ], [ -122.059291, 36.950032 ], [ -122.059236, 36.950059 ], [ -122.058936, 36.950039 ], [ -122.05879, 36.950019 ], [ -122.05867, 36.949992 ], [ -122.057985, 36.949815 ], [ -122.057925, 36.949781 ], [ -122.057865, 36.949767 ], [ -122.057753, 36.949713 ], [ -122.057625, 36.949685 ], [ -122.057291, 36.949631 ], [ -122.057196, 36.949577 ], [ -122.057196, 36.949529 ], [ -122.057231, 36.949498 ], [ -122.057316, 36.949439 ], [ -122.057342, 36.949439 ], [ -122.057427, 36.949391 ], [ -122.057547, 36.949363 ], [ -122.057599, 36.949335 ], [ -122.057684, 36.94928 ], [ -122.057753, 36.949225 ], [ -122.057787, 36.949191 ], [ -122.05777, 36.949074 ], [ -122.057727, 36.949026 ], [ -122.05765, 36.948965 ], [ -122.057624, 36.948965 ], [ -122.057513, 36.949068 ], [ -122.057509, 36.949092 ], [ -122.05747, 36.94913 ], [ -122.057453, 36.949178 ], [ -122.057333, 36.949274 ], [ -122.05729, 36.949302 ], [ -122.057213, 36.949329 ], [ -122.057179, 36.94935 ], [ -122.057123, 36.949361 ], [ -122.056982, 36.949337 ], [ -122.056931, 36.949309 ], [ -122.056871, 36.949262 ], [ -122.056845, 36.9492 ], [ -122.056828, 36.949118 ], [ -122.056733, 36.949042 ], [ -122.056549, 36.94906 ], [ -122.056391, 36.949115 ], [ -122.056322, 36.949132 ], [ -122.056292, 36.949153 ], [ -122.056237, 36.949177 ], [ -122.056194, 36.949201 ], [ -122.056125, 36.949215 ], [ -122.05604, 36.949284 ], [ -122.05604, 36.949325 ], [ -122.056023, 36.949346 ], [ -122.055971, 36.949387 ], [ -122.055937, 36.94938 ], [ -122.055916, 36.949367 ], [ -122.055847, 36.949307 ], [ -122.055817, 36.949271 ], [ -122.055817, 36.94925 ], [ -122.055783, 36.949216 ], [ -122.055628, 36.949093 ], [ -122.055547, 36.94909 ], [ -122.055316, 36.949111 ], [ -122.055046, 36.949183 ], [ -122.054969, 36.949225 ], [ -122.054892, 36.949239 ], [ -122.05484, 36.949211 ], [ -122.054815, 36.949191 ], [ -122.054806, 36.949122 ], [ -122.054789, 36.94906 ], [ -122.054754, 36.949012 ], [ -122.054626, 36.94891 ], [ -122.054506, 36.948903 ], [ -122.054026, 36.948945 ], [ -122.053915, 36.948966 ], [ -122.053895, 36.948975 ], [ -122.053855, 36.949001 ], [ -122.053786, 36.949063 ], [ -122.053769, 36.949111 ], [ -122.053727, 36.949159 ], [ -122.053727, 36.949179 ], [ -122.053624, 36.949262 ], [ -122.053581, 36.94929 ], [ -122.053495, 36.949276 ], [ -122.053333, 36.94916 ], [ -122.053213, 36.949146 ], [ -122.053144, 36.949146 ], [ -122.05299, 36.949291 ], [ -122.052973, 36.949325 ], [ -122.052939, 36.949366 ], [ -122.05287, 36.949504 ], [ -122.05287, 36.949573 ], [ -122.052973, 36.949668 ], [ -122.052982, 36.949696 ], [ -122.052939, 36.94973 ], [ -122.052913, 36.949744 ], [ -122.052862, 36.949717 ], [ -122.052733, 36.949662 ], [ -122.052519, 36.949491 ], [ -122.052416, 36.949395 ], [ -122.052416, 36.949354 ], [ -122.05227, 36.949183 ], [ -122.052185, 36.949114 ], [ -122.052125, 36.949121 ], [ -122.051859, 36.9493 ], [ -122.051718, 36.94941 ], [ -122.051636, 36.949452 ], [ -122.051611, 36.949459 ], [ -122.051585, 36.949459 ], [ -122.051534, 36.949425 ], [ -122.051525, 36.949342 ], [ -122.051422, 36.94926 ], [ -122.051225, 36.949281 ], [ -122.051114, 36.949322 ], [ -122.050921, 36.949292 ], [ -122.050763, 36.949303 ], [ -122.050686, 36.949344 ], [ -122.0506, 36.949365 ], [ -122.05054, 36.949399 ], [ -122.050486, 36.949408 ], [ -122.050219, 36.949397 ], [ -122.050052, 36.949345 ], [ -122.050009, 36.949318 ], [ -122.049966, 36.949304 ], [ -122.049863, 36.949284 ], [ -122.049812, 36.949257 ], [ -122.049743, 36.949202 ], [ -122.049765, 36.949047 ], [ -122.049923, 36.948666 ], [ -122.049863, 36.948618 ], [ -122.049794, 36.948632 ], [ -122.049567, 36.94877 ], [ -122.049336, 36.948921 ], [ -122.049156, 36.949045 ], [ -122.049101, 36.949069 ], [ -122.049058, 36.949094 ], [ -122.048989, 36.949114 ], [ -122.048736, 36.949105 ], [ -122.048578, 36.949074 ], [ -122.048527, 36.949115 ], [ -122.048527, 36.949335 ], [ -122.04851, 36.94939 ], [ -122.048415, 36.949466 ], [ -122.048373, 36.949493 ], [ -122.047807, 36.949645 ], [ -122.047737, 36.949661 ], [ -122.047662, 36.949684 ], [ -122.04749, 36.949674 ], [ -122.04743, 36.949639 ], [ -122.047387, 36.949633 ], [ -122.047268, 36.949557 ], [ -122.047173, 36.949537 ], [ -122.047105, 36.949503 ], [ -122.047066, 36.949475 ], [ -122.047002, 36.949441 ], [ -122.046659, 36.949188 ], [ -122.046522, 36.949168 ], [ -122.046445, 36.949237 ], [ -122.046419, 36.949353 ], [ -122.046419, 36.949491 ], [ -122.046424, 36.949528 ], [ -122.046411, 36.949559 ], [ -122.046317, 36.949635 ], [ -122.046214, 36.949697 ], [ -122.046154, 36.949718 ], [ -122.04612, 36.949738 ], [ -122.046094, 36.949738 ], [ -122.046008, 36.949787 ], [ -122.045983, 36.949787 ], [ -122.045953, 36.949807 ], [ -122.045811, 36.949866 ], [ -122.045751, 36.949842 ], [ -122.045717, 36.949815 ], [ -122.045683, 36.949835 ], [ -122.045649, 36.949848 ], [ -122.045623, 36.949835 ], [ -122.04552, 36.949808 ], [ -122.045332, 36.949788 ], [ -122.045272, 36.949823 ], [ -122.045186, 36.949898 ], [ -122.045169, 36.949953 ], [ -122.045135, 36.950029 ], [ -122.045135, 36.950049 ], [ -122.045117, 36.95007 ], [ -122.044998, 36.950166 ], [ -122.044955, 36.950194 ], [ -122.044792, 36.950242 ], [ -122.044608, 36.950219 ], [ -122.044424, 36.950188 ], [ -122.044385, 36.950216 ], [ -122.044278, 36.950315 ], [ -122.044167, 36.950463 ], [ -122.044064, 36.950553 ], [ -122.043952, 36.950567 ], [ -122.043884, 36.950567 ], [ -122.043636, 36.95054 ], [ -122.043558, 36.95054 ], [ -122.043516, 36.950581 ], [ -122.04349, 36.950719 ], [ -122.043436, 36.950751 ], [ -122.04331, 36.950733 ], [ -122.043284, 36.950733 ], [ -122.043263, 36.950747 ], [ -122.043199, 36.950809 ], [ -122.043164, 36.950905 ], [ -122.04313, 36.950939 ], [ -122.043002, 36.951042 ], [ -122.042702, 36.951119 ], [ -122.042599, 36.951187 ], [ -122.042522, 36.951256 ], [ -122.042471, 36.951311 ], [ -122.042453, 36.951359 ], [ -122.042436, 36.95138 ], [ -122.042334, 36.951463 ], [ -122.042308, 36.951463 ], [ -122.042282, 36.951483 ], [ -122.042222, 36.951504 ], [ -122.042137, 36.951593 ], [ -122.042111, 36.951614 ], [ -122.042042, 36.9518 ], [ -122.041785, 36.95204 ], [ -122.041768, 36.952075 ], [ -122.041743, 36.952191 ], [ -122.041717, 36.952274 ], [ -122.041691, 36.952298 ], [ -122.041511, 36.952528 ], [ -122.041494, 36.952576 ], [ -122.04146, 36.952611 ], [ -122.04146, 36.952631 ], [ -122.041374, 36.9527 ], [ -122.041297, 36.95268 ], [ -122.041263, 36.952659 ], [ -122.041203, 36.952639 ], [ -122.04098, 36.952632 ], [ -122.04086, 36.95266 ], [ -122.040834, 36.952674 ], [ -122.0408, 36.952701 ], [ -122.040766, 36.952736 ], [ -122.040749, 36.952805 ], [ -122.040715, 36.952832 ], [ -122.04068, 36.952839 ], [ -122.040655, 36.952818 ], [ -122.040603, 36.952805 ], [ -122.040483, 36.952791 ], [ -122.040372, 36.952798 ], [ -122.040278, 36.952792 ], [ -122.040153, 36.952809 ], [ -122.040046, 36.95284 ], [ -122.039866, 36.952786 ], [ -122.039712, 36.952772 ], [ -122.039669, 36.952772 ], [ -122.039507, 36.952793 ], [ -122.039404, 36.952855 ], [ -122.039288, 36.952873 ], [ -122.039224, 36.95289 ], [ -122.039138, 36.952883 ], [ -122.03907, 36.952849 ], [ -122.038907, 36.952719 ], [ -122.038783, 36.952637 ], [ -122.038718, 36.952603 ], [ -122.038667, 36.952589 ], [ -122.038324, 36.952597 ], [ -122.038273, 36.952576 ], [ -122.038161, 36.952542 ], [ -122.038016, 36.952522 ], [ -122.037964, 36.95257 ], [ -122.037964, 36.952598 ], [ -122.037896, 36.952646 ], [ -122.037819, 36.952653 ], [ -122.037782, 36.952675 ], [ -122.037742, 36.95268 ], [ -122.037583, 36.952774 ], [ -122.037493, 36.952757 ], [ -122.037467, 36.952743 ], [ -122.037386, 36.952681 ], [ -122.037292, 36.95262 ], [ -122.037108, 36.952469 ], [ -122.036988, 36.952387 ], [ -122.036876, 36.95236 ], [ -122.036731, 36.952346 ], [ -122.036679, 36.952374 ], [ -122.036662, 36.952395 ], [ -122.036636, 36.952415 ], [ -122.036619, 36.952518 ], [ -122.036585, 36.952546 ], [ -122.036559, 36.952559 ], [ -122.03614, 36.952444 ], [ -122.036105, 36.952437 ], [ -122.036028, 36.952396 ], [ -122.035878, 36.952261 ], [ -122.035797, 36.952163 ], [ -122.035685, 36.952074 ], [ -122.035643, 36.95206 ], [ -122.035514, 36.952033 ], [ -122.035488, 36.952013 ], [ -122.035428, 36.951992 ], [ -122.035308, 36.951889 ], [ -122.035223, 36.951826 ], [ -122.034897, 36.951801 ], [ -122.034803, 36.951746 ], [ -122.034803, 36.951719 ], [ -122.034786, 36.951698 ], [ -122.034717, 36.951643 ], [ -122.034572, 36.95163 ], [ -122.034501, 36.951694 ], [ -122.034477, 36.951767 ], [ -122.034443, 36.951802 ], [ -122.034409, 36.951829 ], [ -122.034075, 36.951569 ], [ -122.033604, 36.951632 ], [ -122.033544, 36.951687 ], [ -122.033527, 36.95179 ], [ -122.033424, 36.951868 ], [ -122.033269, 36.951859 ], [ -122.033184, 36.951846 ], [ -122.033038, 36.95175 ], [ -122.033, 36.951753 ], [ -122.032918, 36.951778 ], [ -122.032832, 36.951792 ], [ -122.032546, 36.951754 ], [ -122.032276, 36.951731 ], [ -122.032181, 36.951711 ], [ -122.032096, 36.951663 ], [ -122.032053, 36.951625 ], [ -122.032036, 36.951601 ], [ -122.032027, 36.951574 ], [ -122.031967, 36.951505 ], [ -122.031899, 36.95145 ], [ -122.031847, 36.95145 ], [ -122.031685, 36.951561 ], [ -122.031616, 36.951581 ], [ -122.031565, 36.951568 ], [ -122.031513, 36.951533 ], [ -122.031513, 36.951478 ], [ -122.031547, 36.951279 ], [ -122.03153, 36.951259 ], [ -122.031385, 36.951142 ], [ -122.031333, 36.951136 ], [ -122.031291, 36.95117 ], [ -122.031265, 36.951301 ], [ -122.031156, 36.95138 ], [ -122.030939, 36.951514 ], [ -122.030828, 36.9515 ], [ -122.030742, 36.951501 ], [ -122.030451, 36.951529 ], [ -122.030352, 36.951519 ], [ -122.030254, 36.951495 ], [ -122.030142, 36.951481 ], [ -122.029911, 36.95164 ], [ -122.029825, 36.951667 ], [ -122.029517, 36.95175 ], [ -122.029414, 36.951785 ], [ -122.029213, 36.951802 ], [ -122.02884, 36.95182 ], [ -122.028493, 36.951776 ], [ -122.028416, 36.951763 ], [ -122.028172, 36.951698 ], [ -122.028112, 36.951664 ], [ -122.027881, 36.951603 ], [ -122.027435, 36.951583 ], [ -122.027341, 36.951563 ], [ -122.027264, 36.951521 ], [ -122.027187, 36.951487 ], [ -122.027033, 36.951364 ], [ -122.026973, 36.951151 ], [ -122.026913, 36.951083 ], [ -122.026853, 36.951035 ], [ -122.026853, 36.950966 ], [ -122.026947, 36.950877 ], [ -122.026951, 36.950813 ], [ -122.026956, 36.95076 ], [ -122.02693, 36.950736 ], [ -122.026889, 36.950687 ], [ -122.02687, 36.950664 ], [ -122.02681, 36.950625 ], [ -122.026784, 36.950651 ], [ -122.026784, 36.950822 ], [ -122.026733, 36.950857 ], [ -122.02669, 36.950829 ], [ -122.026673, 36.950774 ], [ -122.026604, 36.950672 ], [ -122.026579, 36.950603 ], [ -122.026562, 36.950459 ], [ -122.026536, 36.95039 ], [ -122.026476, 36.950329 ], [ -122.026425, 36.950299 ], [ -122.026365, 36.950349 ], [ -122.026318, 36.950459 ], [ -122.026322, 36.950823 ], [ -122.026296, 36.951009 ], [ -122.026219, 36.951071 ], [ -122.026193, 36.951084 ], [ -122.025988, 36.951057 ], [ -122.025919, 36.951071 ], [ -122.02588, 36.951099 ], [ -122.025765, 36.951209 ], [ -122.025722, 36.951319 ], [ -122.025739, 36.951394 ], [ -122.025859, 36.951504 ], [ -122.025885, 36.951552 ], [ -122.025893, 36.951847 ], [ -122.025876, 36.951929 ], [ -122.02585, 36.952005 ], [ -122.025824, 36.952026 ], [ -122.025807, 36.95206 ], [ -122.025773, 36.952177 ], [ -122.025696, 36.952376 ], [ -122.025653, 36.952431 ], [ -122.025584, 36.952486 ], [ -122.025541, 36.952507 ], [ -122.02543, 36.952493 ], [ -122.025387, 36.952528 ], [ -122.025323, 36.952679 ], [ -122.02528, 36.952803 ], [ -122.025259, 36.952906 ], [ -122.025199, 36.952954 ], [ -122.025164, 36.952954 ], [ -122.025096, 36.953009 ], [ -122.025027, 36.953174 ], [ -122.025001, 36.953256 ], [ -122.024959, 36.953304 ], [ -122.024933, 36.953373 ], [ -122.024941, 36.953764 ], [ -122.024907, 36.953957 ], [ -122.024813, 36.954184 ], [ -122.024753, 36.954259 ], [ -122.024727, 36.95428 ], [ -122.024684, 36.954403 ], [ -122.024658, 36.954424 ], [ -122.024641, 36.954472 ], [ -122.024581, 36.954541 ], [ -122.024547, 36.954623 ], [ -122.02453, 36.954816 ], [ -122.024487, 36.954864 ], [ -122.024367, 36.955118 ], [ -122.024341, 36.955187 ], [ -122.024315, 36.955214 ], [ -122.02423, 36.9554 ], [ -122.024212, 36.955482 ], [ -122.021827, 36.955993 ], [ -122.017109, 36.957007 ], [ -122.016885, 36.957131 ], [ -122.012833, 36.961986 ], [ -122.011954, 36.96304 ], [ -122.011868, 36.963109 ], [ -122.011868, 36.96326 ], [ -122.011842, 36.963438 ], [ -122.011782, 36.96348 ], [ -122.011405, 36.96348 ], [ -122.011019, 36.963454 ], [ -122.010994, 36.963433 ], [ -122.010008, 36.963332 ], [ -122.009982, 36.963319 ], [ -122.009884, 36.963295 ], [ -122.008962, 36.963238 ], [ -122.008945, 36.963218 ], [ -122.008915, 36.963207 ], [ -122.008684, 36.963174 ], [ -122.008525, 36.963164 ], [ -122.008474, 36.963122 ], [ -122.008217, 36.963096 ], [ -122.008123, 36.963054 ], [ -122.007754, 36.963021 ], [ -122.00772, 36.963 ], [ -122.007634, 36.962987 ], [ -122.00709, 36.962868 ], [ -122.00694, 36.962865 ], [ -122.006889, 36.962823 ], [ -122.006838, 36.962818 ], [ -122.006776, 36.962812 ], [ -122.006591, 36.962796 ], [ -122.00653, 36.962791 ], [ -122.006366, 36.962776 ], [ -122.006338, 36.962772 ], [ -122.006272, 36.962763 ], [ -122.006135, 36.962694 ], [ -122.006058, 36.962681 ], [ -122.005787, 36.962613 ], [ -122.005771, 36.962609 ], [ -122.005597, 36.962585 ], [ -122.005172, 36.962526 ], [ -122.005115, 36.962518 ], [ -122.004927, 36.962388 ], [ -122.004867, 36.962388 ], [ -122.00479, 36.96234 ], [ -122.004241, 36.962217 ], [ -122.003856, 36.962115 ], [ -122.003642, 36.961999 ], [ -122.003393, 36.961931 ], [ -122.003367, 36.961951 ], [ -122.003153, 36.961911 ], [ -122.002999, 36.961835 ], [ -122.002879, 36.961815 ], [ -122.002793, 36.961795 ], [ -122.002742, 36.961753 ], [ -122.002729, 36.961076 ], [ -122.002477, 36.961088 ], [ -122.002494, 36.961314 ], [ -122.001268, 36.961344 ], [ -122.001217, 36.961296 ], [ -122.001157, 36.961296 ], [ -122.001096, 36.961353 ], [ -122.001099, 36.961658 ], [ -122.001073, 36.961847 ], [ -122.000904, 36.96188 ], [ -122.000874, 36.961887 ], [ -122.000554, 36.961886 ], [ -122.000353, 36.961886 ], [ -121.999912, 36.961873 ], [ -121.999874, 36.961884 ], [ -121.999831, 36.961905 ], [ -121.999561, 36.961925 ], [ -121.99931, 36.961944 ], [ -121.999216, 36.961966 ], [ -121.999123, 36.961994 ], [ -121.99891, 36.962103 ], [ -121.998741, 36.962198 ], [ -121.998647, 36.962233 ], [ -121.998538, 36.962338 ], [ -121.998293, 36.962539 ], [ -121.99825, 36.962567 ], [ -121.998144, 36.962586 ], [ -121.998062, 36.962576 ], [ -121.998032, 36.962556 ], [ -121.997967, 36.962526 ], [ -121.997639, 36.962312 ], [ -121.997518, 36.962217 ], [ -121.9975, 36.962169 ], [ -121.997378, 36.962026 ], [ -121.99706, 36.961754 ], [ -121.997014, 36.961714 ], [ -121.996902, 36.961625 ], [ -121.996739, 36.961613 ], [ -121.996687, 36.961586 ], [ -121.996653, 36.961559 ], [ -121.996635, 36.961518 ], [ -121.9966, 36.961199 ], [ -121.996587, 36.961168 ], [ -121.996543, 36.961107 ], [ -121.996499, 36.961074 ], [ -121.996452, 36.961038 ], [ -121.996311, 36.960931 ], [ -121.996286, 36.960913 ], [ -121.996262, 36.9609 ], [ -121.996213, 36.960874 ], [ -121.99619, 36.960871 ], [ -121.996109, 36.960834 ], [ -121.996086, 36.96083 ], [ -121.996017, 36.960796 ], [ -121.995949, 36.960774 ], [ -121.995931, 36.960769 ], [ -121.995897, 36.960749 ], [ -121.995871, 36.960744 ], [ -121.995802, 36.960715 ], [ -121.995767, 36.960695 ], [ -121.995749, 36.960689 ], [ -121.995699, 36.960675 ], [ -121.995664, 36.960669 ], [ -121.995587, 36.960628 ], [ -121.995535, 36.960615 ], [ -121.995509, 36.960601 ], [ -121.995415, 36.960575 ], [ -121.99538, 36.960555 ], [ -121.99532, 36.960535 ], [ -121.995251, 36.960501 ], [ -121.995037, 36.960441 ], [ -121.994936, 36.960434 ], [ -121.994848, 36.960429 ], [ -121.99478, 36.960444 ], [ -121.994619, 36.960556 ], [ -121.994501, 36.960632 ], [ -121.994424, 36.960674 ], [ -121.994369, 36.960685 ], [ -121.994287, 36.960669 ], [ -121.994175, 36.960608 ], [ -121.994097, 36.960544 ], [ -121.994083, 36.96053 ], [ -121.994028, 36.960472 ], [ -121.993837, 36.960323 ], [ -121.993752, 36.960324 ], [ -121.993607, 36.960335 ], [ -121.993303, 36.960359 ], [ -121.993196, 36.96035 ], [ -121.993058, 36.960262 ], [ -121.993045, 36.960147 ], [ -121.993044, 36.960135 ], [ -121.993058, 36.959984 ], [ -121.993086, 36.959924 ], [ -121.993166, 36.959752 ], [ -121.993182, 36.959687 ], [ -121.993167, 36.959505 ], [ -121.993149, 36.959487 ], [ -121.99314, 36.959463 ], [ -121.99295, 36.95929 ], [ -121.992923, 36.959259 ], [ -121.992905, 36.95915 ], [ -121.992908, 36.959105 ], [ -121.992962, 36.958977 ], [ -121.992981, 36.958822 ], [ -121.992962, 36.958711 ], [ -121.992958, 36.958688 ], [ -121.992923, 36.958654 ], [ -121.992828, 36.95858 ], [ -121.992717, 36.958594 ], [ -121.992641, 36.95865 ], [ -121.992493, 36.958769 ], [ -121.992319, 36.958874 ], [ -121.992259, 36.958888 ], [ -121.992124, 36.958986 ], [ -121.99209, 36.95902 ], [ -121.992092, 36.959117 ], [ -121.991999, 36.959193 ], [ -121.991973, 36.959207 ], [ -121.991913, 36.959194 ], [ -121.991844, 36.95916 ], [ -121.991818, 36.95914 ], [ -121.991758, 36.959141 ], [ -121.991572, 36.959273 ], [ -121.991513, 36.959288 ], [ -121.991487, 36.959309 ], [ -121.991402, 36.959344 ], [ -121.991369, 36.959372 ], [ -121.991301, 36.959396 ], [ -121.991207, 36.959415 ], [ -121.991037, 36.959513 ], [ -121.991011, 36.959506 ], [ -121.990917, 36.959507 ], [ -121.990806, 36.959494 ], [ -121.990597, 36.959527 ], [ -121.990482, 36.95956 ], [ -121.99026, 36.959596 ], [ -121.990184, 36.959645 ], [ -121.99015, 36.95968 ], [ -121.990109, 36.959783 ], [ -121.990082, 36.959959 ], [ -121.990061, 36.960018 ], [ -121.989926, 36.96016 ], [ -121.989778, 36.960307 ], [ -121.989749, 36.960337 ], [ -121.989654, 36.960524 ], [ -121.989607, 36.96065 ], [ -121.989576, 36.960752 ], [ -121.989566, 36.961233 ], [ -121.989585, 36.961336 ], [ -121.989526, 36.961385 ], [ -121.989474, 36.961351 ], [ -121.989446, 36.961221 ], [ -121.989403, 36.961173 ], [ -121.989358, 36.96107 ], [ -121.989335, 36.961042 ], [ -121.989324, 36.961029 ], [ -121.989303, 36.960816 ], [ -121.989346, 36.960537 ], [ -121.989363, 36.960506 ], [ -121.989374, 36.96042 ], [ -121.989404, 36.960211 ], [ -121.989421, 36.960086 ], [ -121.989308, 36.959998 ], [ -121.989265, 36.959992 ], [ -121.989252, 36.959992 ], [ -121.989231, 36.959992 ], [ -121.989188, 36.959999 ], [ -121.989086, 36.960028 ], [ -121.989026, 36.959994 ], [ -121.989016, 36.959932 ], [ -121.988934, 36.959871 ], [ -121.988879, 36.959906 ], [ -121.988871, 36.959934 ], [ -121.988795, 36.960003 ], [ -121.988769, 36.960004 ], [ -121.988726, 36.95997 ], [ -121.988717, 36.959935 ], [ -121.988622, 36.959861 ], [ -121.988486, 36.959883 ], [ -121.988409, 36.959897 ], [ -121.988332, 36.959946 ], [ -121.988222, 36.959985 ], [ -121.988184, 36.95999 ], [ -121.988, 36.960015 ], [ -121.987983, 36.960018 ], [ -121.987889, 36.96004 ], [ -121.987703, 36.960166 ], [ -121.987609, 36.960194 ], [ -121.98749, 36.960201 ], [ -121.987361, 36.96021 ], [ -121.987305, 36.960211 ], [ -121.98713, 36.960212 ], [ -121.986994, 36.960214 ], [ -121.986741, 36.960193 ], [ -121.986612, 36.960152 ], [ -121.986582, 36.960143 ], [ -121.986439, 36.960134 ], [ -121.986392, 36.960127 ], [ -121.98628, 36.960132 ], [ -121.986263, 36.960133 ], [ -121.986239, 36.960149 ], [ -121.986178, 36.960155 ], [ -121.986153, 36.960171 ], [ -121.986069, 36.960182 ], [ -121.986022, 36.960202 ], [ -121.98596, 36.960215 ], [ -121.985818, 36.960198 ], [ -121.98566, 36.960182 ], [ -121.985471, 36.960196 ], [ -121.985446, 36.960199 ], [ -121.985426, 36.960209 ], [ -121.985383, 36.960223 ], [ -121.985336, 36.96025 ], [ -121.985313, 36.960247 ], [ -121.985256, 36.960274 ], [ -121.984925, 36.960226 ], [ -121.984766, 36.960206 ], [ -121.98474, 36.960213 ], [ -121.984665, 36.960175 ], [ -121.984232, 36.960156 ], [ -121.98422, 36.960151 ], [ -121.984082, 36.960119 ], [ -121.983805, 36.960041 ], [ -121.983592, 36.959951 ], [ -121.983482, 36.959887 ], [ -121.983447, 36.959859 ], [ -121.983394, 36.959789 ], [ -121.983339, 36.959631 ], [ -121.98334, 36.959597 ], [ -121.983385, 36.959531 ], [ -121.983457, 36.959451 ], [ -121.983676, 36.959279 ], [ -121.983692, 36.959268 ], [ -121.983806, 36.95913 ], [ -121.983829, 36.959084 ], [ -121.983749, 36.958899 ], [ -121.983704, 36.958821 ], [ -121.983697, 36.95881 ], [ -121.983671, 36.958783 ], [ -121.983671, 36.958762 ], [ -121.983644, 36.958728 ], [ -121.983618, 36.958707 ], [ -121.983549, 36.95865 ], [ -121.983287, 36.958412 ], [ -121.983254, 36.958382 ], [ -121.983174, 36.958319 ], [ -121.983073, 36.958239 ], [ -121.983039, 36.958216 ], [ -121.982921, 36.958137 ], [ -121.982891, 36.958124 ], [ -121.982814, 36.958076 ], [ -121.982779, 36.958077 ], [ -121.982758, 36.958063 ], [ -121.982589, 36.957991 ], [ -121.982433, 36.957926 ], [ -121.982284, 36.957863 ], [ -121.982263, 36.957855 ], [ -121.982082, 36.957771 ], [ -121.981987, 36.957713 ], [ -121.981961, 36.957714 ], [ -121.981892, 36.957673 ], [ -121.981858, 36.957667 ], [ -121.981772, 36.957626 ], [ -121.98171, 36.957582 ], [ -121.981504, 36.957436 ], [ -121.981468, 36.957327 ], [ -121.981407, 36.957258 ], [ -121.981195, 36.957096 ], [ -121.981105, 36.957048 ], [ -121.980984, 36.956967 ], [ -121.980958, 36.95696 ], [ -121.980851, 36.956965 ], [ -121.980754, 36.957038 ], [ -121.980702, 36.957011 ], [ -121.980659, 36.956977 ], [ -121.980653, 36.956891 ], [ -121.980637, 36.956871 ], [ -121.980623, 36.956854 ], [ -121.980536, 36.956786 ], [ -121.98034, 36.956774 ], [ -121.980262, 36.956761 ], [ -121.980146, 36.956687 ], [ -121.979986, 36.956557 ], [ -121.979697, 36.956569 ], [ -121.979661, 36.956554 ], [ -121.979622, 36.956527 ], [ -121.979254, 36.956235 ], [ -121.979228, 36.956221 ], [ -121.979061, 36.956213 ], [ -121.978972, 36.956238 ], [ -121.978844, 36.956266 ], [ -121.978793, 36.956301 ], [ -121.978521, 36.95638 ], [ -121.978437, 36.956358 ], [ -121.978176, 36.956204 ], [ -121.978046, 36.956102 ], [ -121.977899, 36.955966 ], [ -121.977898, 36.955932 ], [ -121.977872, 36.955912 ], [ -121.977842, 36.955623 ], [ -121.977831, 36.955424 ], [ -121.977727, 36.955342 ], [ -121.977524, 36.955241 ], [ -121.97733, 36.955092 ], [ -121.977273, 36.955036 ], [ -121.97726, 36.955024 ], [ -121.977234, 36.954993 ], [ -121.976914, 36.954738 ], [ -121.976878, 36.954628 ], [ -121.976783, 36.954554 ], [ -121.976646, 36.954569 ], [ -121.976552, 36.954542 ], [ -121.976465, 36.954481 ], [ -121.976456, 36.954433 ], [ -121.976472, 36.95435 ], [ -121.976522, 36.954295 ], [ -121.976547, 36.954212 ], [ -121.976576, 36.954146 ], [ -121.976581, 36.954105 ], [ -121.976587, 36.95406 ], [ -121.976518, 36.954006 ], [ -121.976476, 36.95402 ], [ -121.976222, 36.954209 ], [ -121.976201, 36.954217 ], [ -121.975949, 36.954252 ], [ -121.975889, 36.954287 ], [ -121.975851, 36.954298 ], [ -121.975808, 36.954281 ], [ -121.975778, 36.954261 ], [ -121.975776, 36.954137 ], [ -121.975707, 36.954083 ], [ -121.975656, 36.954097 ], [ -121.975563, 36.95416 ], [ -121.975494, 36.954174 ], [ -121.975332, 36.954193 ], [ -121.975283, 36.954209 ], [ -121.975179, 36.954233 ], [ -121.974854, 36.95427 ], [ -121.974727, 36.954313 ], [ -121.974637, 36.954328 ], [ -121.974617, 36.954342 ], [ -121.974591, 36.954362 ], [ -121.974565, 36.954397 ], [ -121.974489, 36.95446 ], [ -121.974421, 36.95446 ], [ -121.97426, 36.954579 ], [ -121.973764, 36.954557 ], [ -121.973129, 36.954398 ], [ -121.973042, 36.95435 ], [ -121.972999, 36.954337 ], [ -121.972913, 36.954269 ], [ -121.972912, 36.954214 ], [ -121.972852, 36.954174 ], [ -121.972717, 36.954292 ], [ -121.972683, 36.954344 ], [ -121.972624, 36.954396 ], [ -121.972515, 36.954528 ], [ -121.972397, 36.954691 ], [ -121.97217, 36.954896 ], [ -121.972078, 36.954971 ], [ -121.971975, 36.955056 ], [ -121.971882, 36.955115 ], [ -121.971814, 36.955147 ], [ -121.971703, 36.955176 ], [ -121.97161, 36.955245 ], [ -121.971611, 36.955294 ], [ -121.97162, 36.955342 ], [ -121.971681, 36.955403 ], [ -121.971657, 36.955527 ], [ -121.971641, 36.955561 ], [ -121.971607, 36.955596 ], [ -121.97137, 36.955791 ], [ -121.971346, 36.955895 ], [ -121.971322, 36.955957 ], [ -121.971174, 36.95613 ], [ -121.971137, 36.956189 ], [ -121.970681, 36.956596 ], [ -121.970343, 36.956868 ], [ -121.970214, 36.956934 ], [ -121.970127, 36.956987 ], [ -121.96997, 36.957099 ], [ -121.969928, 36.957113 ], [ -121.969834, 36.957162 ], [ -121.969766, 36.957176 ], [ -121.969545, 36.957296 ], [ -121.969408, 36.957358 ], [ -121.969393, 36.957366 ], [ -121.969291, 36.957422 ], [ -121.969197, 36.957457 ], [ -121.969172, 36.957478 ], [ -121.96902, 36.957499 ], [ -121.969, 36.957508 ], [ -121.968951, 36.957563 ], [ -121.968934, 36.957597 ], [ -121.968866, 36.957653 ], [ -121.968824, 36.957681 ], [ -121.968747, 36.957689 ], [ -121.96868, 36.957731 ], [ -121.968654, 36.957752 ], [ -121.96863, 36.957828 ], [ -121.968554, 36.95789 ], [ -121.968528, 36.957904 ], [ -121.968503, 36.957904 ], [ -121.968477, 36.957925 ], [ -121.968355, 36.958045 ], [ -121.968232, 36.958155 ], [ -121.968144, 36.958211 ], [ -121.96808, 36.958246 ], [ -121.968046, 36.958253 ], [ -121.968012, 36.958274 ], [ -121.967739, 36.958352 ], [ -121.967706, 36.958373 ], [ -121.967671, 36.958374 ], [ -121.967587, 36.958426 ], [ -121.967519, 36.958458 ], [ -121.96748, 36.958464 ], [ -121.967442, 36.958486 ], [ -121.967365, 36.958508 ], [ -121.967331, 36.958529 ], [ -121.967221, 36.958557 ], [ -121.967127, 36.958586 ], [ -121.967085, 36.958614 ], [ -121.967016, 36.958628 ], [ -121.966966, 36.958663 ], [ -121.966923, 36.958677 ], [ -121.966889, 36.958698 ], [ -121.966813, 36.958726 ], [ -121.966779, 36.958747 ], [ -121.966702, 36.958776 ], [ -121.966668, 36.958797 ], [ -121.966602, 36.958809 ], [ -121.966507, 36.95886 ], [ -121.966464, 36.958874 ], [ -121.96643, 36.958895 ], [ -121.966362, 36.95891 ], [ -121.966252, 36.958966 ], [ -121.966201, 36.95898 ], [ -121.966167, 36.959001 ], [ -121.966022, 36.95904 ], [ -121.965984, 36.959055 ], [ -121.965885, 36.959059 ], [ -121.965817, 36.959046 ], [ -121.965713, 36.958985 ], [ -121.965662, 36.958986 ], [ -121.965628, 36.959013 ], [ -121.965612, 36.959103 ], [ -121.965579, 36.959131 ], [ -121.965494, 36.959187 ], [ -121.965379, 36.959243 ], [ -121.965265, 36.959327 ], [ -121.965145, 36.959447 ], [ -121.965141, 36.959465 ], [ -121.965088, 36.959535 ], [ -121.965031, 36.959687 ], [ -121.964938, 36.959763 ], [ -121.96487, 36.959802 ], [ -121.964747, 36.959855 ], [ -121.963999, 36.960461 ], [ -121.963897, 36.96051 ], [ -121.963871, 36.96051 ], [ -121.963812, 36.960545 ], [ -121.963769, 36.96056 ], [ -121.96349, 36.960762 ], [ -121.963367, 36.960825 ], [ -121.963041, 36.961048 ], [ -121.962965, 36.961111 ], [ -121.962966, 36.961145 ], [ -121.962984, 36.961235 ], [ -121.963027, 36.961276 ], [ -121.963062, 36.961317 ], [ -121.963071, 36.961337 ], [ -121.963088, 36.961358 ], [ -121.963116, 36.961495 ], [ -121.963091, 36.96155 ], [ -121.962957, 36.96171 ], [ -121.962813, 36.961842 ], [ -121.962829, 36.962358 ], [ -121.962815, 36.962502 ], [ -121.962765, 36.962606 ], [ -121.962706, 36.96271 ], [ -121.962673, 36.962758 ], [ -121.962487, 36.962919 ], [ -121.962411, 36.962954 ], [ -121.962267, 36.963038 ], [ -121.962237, 36.963052 ], [ -121.962097, 36.963156 ], [ -121.962067, 36.963164 ], [ -121.961962, 36.96324 ], [ -121.961919, 36.963255 ], [ -121.961885, 36.963275 ], [ -121.961783, 36.963318 ], [ -121.96174, 36.963325 ], [ -121.961639, 36.963381 ], [ -121.961596, 36.963389 ], [ -121.961571, 36.963409 ], [ -121.961511, 36.963424 ], [ -121.961486, 36.963445 ], [ -121.961375, 36.96348 ], [ -121.96129, 36.963522 ], [ -121.96123, 36.963537 ], [ -121.961196, 36.963558 ], [ -121.96112, 36.963579 ], [ -121.961018, 36.963649 ], [ -121.960993, 36.963687 ], [ -121.960968, 36.963711 ], [ -121.96096, 36.963739 ], [ -121.960918, 36.963794 ], [ -121.960842, 36.963871 ], [ -121.960834, 36.963905 ], [ -121.960858, 36.964074 ], [ -121.960881, 36.964173 ], [ -121.960894, 36.964204 ], [ -121.960921, 36.964341 ], [ -121.960894, 36.964517 ], [ -121.960853, 36.964614 ], [ -121.960811, 36.964656 ], [ -121.960727, 36.964763 ], [ -121.960482, 36.964975 ], [ -121.960465, 36.96501 ], [ -121.96044, 36.965038 ], [ -121.960409, 36.965108 ], [ -121.96043, 36.965234 ], [ -121.96042, 36.965263 ], [ -121.960308, 36.965362 ], [ -121.960223, 36.965411 ], [ -121.960164, 36.965433 ], [ -121.96013, 36.965454 ], [ -121.960078, 36.965461 ], [ -121.960002, 36.965503 ], [ -121.959934, 36.965518 ], [ -121.959909, 36.965538 ], [ -121.959798, 36.965601 ], [ -121.959756, 36.965616 ], [ -121.959612, 36.96572 ], [ -121.95951, 36.96577 ], [ -121.959195, 36.965855 ], [ -121.959122, 36.96588 ], [ -121.959075, 36.965887 ], [ -121.959016, 36.965898 ], [ -121.958837, 36.965952 ], [ -121.958675, 36.966012 ], [ -121.95845, 36.966086 ], [ -121.95836, 36.966098 ], [ -121.958232, 36.966133 ], [ -121.958134, 36.966165 ], [ -121.958011, 36.96617 ], [ -121.95796, 36.966205 ], [ -121.957935, 36.966236 ], [ -121.957858, 36.966302 ], [ -121.957788, 36.966341 ], [ -121.957697, 36.9664 ], [ -121.957681, 36.966421 ], [ -121.957638, 36.966456 ], [ -121.957622, 36.966518 ], [ -121.957623, 36.96658 ], [ -121.957693, 36.966696 ], [ -121.957694, 36.966717 ], [ -121.957702, 36.966737 ], [ -121.957677, 36.966765 ], [ -121.957678, 36.966813 ], [ -121.957687, 36.966847 ], [ -121.957895, 36.967017 ], [ -121.957913, 36.96712 ], [ -121.957872, 36.96721 ], [ -121.957822, 36.967273 ], [ -121.957822, 36.967293 ], [ -121.95778, 36.967335 ], [ -121.957721, 36.967415 ], [ -121.957401, 36.967682 ], [ -121.957347, 36.967725 ], [ -121.957298, 36.967767 ], [ -121.957256, 36.967794 ], [ -121.957171, 36.967816 ], [ -121.957107, 36.967841 ], [ -121.957074, 36.967845 ], [ -121.956847, 36.967874 ], [ -121.956601, 36.968045 ], [ -121.956567, 36.968077 ], [ -121.956582, 36.968211 ], [ -121.956578, 36.968242 ], [ -121.956461, 36.968367 ], [ -121.956428, 36.968498 ], [ -121.956381, 36.968549 ], [ -121.956327, 36.968609 ], [ -121.956282, 36.968869 ], [ -121.956264, 36.968891 ], [ -121.956246, 36.968913 ], [ -121.956111, 36.969024 ], [ -121.956052, 36.969059 ], [ -121.955966, 36.969074 ], [ -121.955899, 36.969129 ], [ -121.955883, 36.969226 ], [ -121.955858, 36.969281 ], [ -121.955823, 36.969331 ], [ -121.955818, 36.969349 ], [ -121.955774, 36.969409 ], [ -121.955749, 36.969434 ], [ -121.955749, 36.969454 ], [ -121.955707, 36.969496 ], [ -121.955644, 36.969579 ], [ -121.955607, 36.969638 ], [ -121.955588, 36.969655 ], [ -121.955447, 36.969791 ], [ -121.955142, 36.970045 ], [ -121.95494, 36.970233 ], [ -121.954669, 36.970463 ], [ -121.954171, 36.970874 ], [ -121.954061, 36.970937 ], [ -121.953881, 36.970959 ], [ -121.953724, 36.971006 ], [ -121.953626, 36.971017 ], [ -121.953566, 36.971054 ], [ -121.953532, 36.971059 ], [ -121.953473, 36.971098 ], [ -121.953307, 36.971172 ], [ -121.953121, 36.971304 ], [ -121.952985, 36.971437 ], [ -121.952923, 36.971499 ], [ -121.952889, 36.971527 ], [ -121.952873, 36.971616 ], [ -121.952875, 36.971775 ], [ -121.952861, 36.97194 ], [ -121.953004, 36.972069 ], [ -121.953121, 36.972219 ], [ -121.953148, 36.972267 ], [ -121.953179, 36.97244 ], [ -121.953167, 36.972447 ], [ -121.952975, 36.972454 ], [ -121.952753, 36.972196 ], [ -121.952753, 36.972168 ], [ -121.952709, 36.972127 ], [ -121.95264, 36.972045 ], [ -121.952631, 36.972008 ], [ -121.952484, 36.971889 ], [ -121.952423, 36.971862 ], [ -121.952121, 36.971651 ], [ -121.951966, 36.971584 ], [ -121.951829, 36.971565 ], [ -121.950645, 36.971608 ], [ -121.95041, 36.971634 ], [ -121.950336, 36.971661 ], [ -121.950205, 36.971685 ], [ -121.94989, 36.971763 ], [ -121.94986, 36.971774 ], [ -121.949711, 36.971793 ], [ -121.949587, 36.971832 ], [ -121.949438, 36.971851 ], [ -121.949347, 36.971876 ], [ -121.949012, 36.971968 ], [ -121.948876, 36.972015 ], [ -121.948842, 36.972036 ], [ -121.948799, 36.972043 ], [ -121.948749, 36.972078 ], [ -121.94868, 36.972099 ], [ -121.948646, 36.97212 ], [ -121.948604, 36.972127 ], [ -121.948528, 36.972169 ], [ -121.948485, 36.972177 ], [ -121.948451, 36.972198 ], [ -121.948188, 36.972324 ], [ -121.948086, 36.972376 ], [ -121.948049, 36.972395 ], [ -121.947954, 36.972444 ], [ -121.947806, 36.972541 ], [ -121.947763, 36.972556 ], [ -121.947433, 36.972789 ], [ -121.947378, 36.972814 ], [ -121.947365, 36.972823 ], [ -121.947204, 36.97294 ], [ -121.947145, 36.972961 ], [ -121.946696, 36.973289 ], [ -121.946459, 36.973415 ], [ -121.946399, 36.973437 ], [ -121.946374, 36.973457 ], [ -121.946306, 36.973472 ], [ -121.946272, 36.973493 ], [ -121.946229, 36.9735 ], [ -121.946144, 36.973549 ], [ -121.945987, 36.973626 ], [ -121.945852, 36.973717 ], [ -121.945712, 36.973822 ], [ -121.945286, 36.974051 ], [ -121.945126, 36.974138 ], [ -121.94508, 36.974159 ], [ -121.944957, 36.974242 ], [ -121.944902, 36.974271 ], [ -121.944614, 36.974497 ], [ -121.944532, 36.97456 ], [ -121.944458, 36.974619 ], [ -121.944269, 36.974718 ], [ -121.944178, 36.974766 ], [ -121.944042, 36.974837 ], [ -121.943982, 36.974858 ], [ -121.943906, 36.974917 ], [ -121.943757, 36.975048 ], [ -121.943627, 36.975164 ], [ -121.9434, 36.975428 ], [ -121.943249, 36.975619 ], [ -121.943055, 36.975796 ], [ -121.943055, 36.975817 ], [ -121.94268, 36.976125 ], [ -121.942573, 36.976214 ], [ -121.942379, 36.976354 ], [ -121.942302, 36.976396 ], [ -121.942259, 36.976411 ], [ -121.942116, 36.976511 ], [ -121.942035, 36.97655 ], [ -121.941929, 36.976627 ], [ -121.941704, 36.976749 ], [ -121.941378, 36.976928 ], [ -121.941042, 36.977083 ], [ -121.940928, 36.97716 ], [ -121.940749, 36.977244 ], [ -121.940579, 36.977287 ], [ -121.940534, 36.97731 ], [ -121.940512, 36.977314 ], [ -121.940443, 36.977351 ], [ -121.940384, 36.977372 ], [ -121.94035, 36.9774 ], [ -121.940282, 36.977435 ], [ -121.94015, 36.977526 ], [ -121.939986, 36.977654 ], [ -121.939473, 36.978056 ], [ -121.939241, 36.978237 ], [ -121.939199, 36.978258 ], [ -121.938977, 36.978315 ], [ -121.93851, 36.978373 ], [ -121.938469, 36.978379 ], [ -121.937983, 36.978446 ], [ -121.937659, 36.978475 ], [ -121.937269, 36.978511 ], [ -121.936919, 36.978535 ], [ -121.936611, 36.978545 ], [ -121.936342, 36.978531 ], [ -121.935978, 36.978504 ], [ -121.935527, 36.978408 ], [ -121.935408, 36.978391 ], [ -121.935261, 36.97837 ], [ -121.934966, 36.978335 ], [ -121.934828, 36.978302 ], [ -121.934751, 36.978261 ], [ -121.934717, 36.978255 ], [ -121.934682, 36.978234 ], [ -121.934648, 36.978228 ], [ -121.934613, 36.978208 ], [ -121.9344, 36.978177 ], [ -121.934347, 36.978169 ], [ -121.934309, 36.978159 ], [ -121.934182, 36.978139 ], [ -121.934159, 36.978136 ], [ -121.934026, 36.978107 ], [ -121.933713, 36.978079 ], [ -121.933524, 36.978077 ], [ -121.933304, 36.978076 ], [ -121.933225, 36.978075 ], [ -121.932988, 36.978073 ], [ -121.932909, 36.978073 ], [ -121.932381, 36.977931 ], [ -121.932366, 36.977929 ], [ -121.932017, 36.977883 ], [ -121.931636, 36.977862 ], [ -121.931408, 36.97782 ], [ -121.931344, 36.977803 ], [ -121.931074, 36.977761 ], [ -121.930924, 36.977732 ], [ -121.930851, 36.977722 ], [ -121.930702, 36.977686 ], [ -121.930478, 36.977633 ], [ -121.930405, 36.977623 ], [ -121.930297, 36.9776 ], [ -121.930152, 36.977579 ], [ -121.929959, 36.977552 ], [ -121.929758, 36.977527 ], [ -121.929693, 36.97752 ], [ -121.929286, 36.977432 ], [ -121.928951, 36.977387 ], [ -121.92858, 36.977363 ], [ -121.928519, 36.97736 ], [ -121.928451, 36.977381 ], [ -121.928417, 36.977402 ], [ -121.928289, 36.977438 ], [ -121.928255, 36.977459 ], [ -121.928204, 36.977453 ], [ -121.928141, 36.977206 ], [ -121.927998, 36.977093 ], [ -121.927572, 36.976922 ], [ -121.925477, 36.976358 ], [ -121.923465, 36.975682 ], [ -121.920823, 36.974617 ], [ -121.91832, 36.973606 ], [ -121.915145, 36.972291 ], [ -121.912938, 36.971406 ], [ -121.913747, 36.970137 ], [ -121.913726, 36.970098 ], [ -121.913738, 36.970076 ], [ -121.913677, 36.970046 ], [ -121.913653, 36.970061 ], [ -121.913611, 36.970073 ], [ -121.912777, 36.97136 ], [ -121.906468, 36.96895 ], [ -121.906167, 36.969049 ], [ -121.905568, 36.968748 ], [ -121.904769, 36.967748 ], [ -121.894678, 36.961837 ], [ -121.893579, 36.960936 ], [ -121.888606, 36.956918 ], [ -121.880195, 36.950121 ], [ -121.8761, 36.94634 ], [ -121.872605, 36.943112 ], [ -121.868099, 36.938373 ], [ -121.868089, 36.938362 ], [ -121.868063, 36.938307 ], [ -121.868037, 36.93828 ], [ -121.867969, 36.938163 ], [ -121.867855, 36.938025 ], [ -121.867696, 36.937832 ], [ -121.867696, 36.937805 ], [ -121.867533, 36.937639 ], [ -121.867328, 36.937439 ], [ -121.866954, 36.937128 ], [ -121.866773, 36.936978 ], [ -121.866583, 36.936958 ], [ -121.866523, 36.936974 ], [ -121.866344, 36.937023 ], [ -121.866285, 36.937012 ], [ -121.86626, 36.936991 ], [ -121.866192, 36.936915 ], [ -121.866217, 36.936681 ], [ -121.866192, 36.93655 ], [ -121.866166, 36.936482 ], [ -121.866115, 36.936385 ], [ -121.866072, 36.936337 ], [ -121.866063, 36.936296 ], [ -121.866038, 36.936271 ], [ -121.866029, 36.936247 ], [ -121.865935, 36.936123 ], [ -121.865893, 36.936075 ], [ -121.865884, 36.936034 ], [ -121.865858, 36.93601 ], [ -121.86585, 36.935986 ], [ -121.86579, 36.93591 ], [ -121.865716, 36.935834 ], [ -121.865696, 36.935813 ], [ -121.865679, 36.935758 ], [ -121.865662, 36.935724 ], [ -121.865636, 36.935696 ], [ -121.865619, 36.935641 ], [ -121.865594, 36.935614 ], [ -121.865517, 36.935476 ], [ -121.865448, 36.935386 ], [ -121.865329, 36.935249 ], [ -121.865235, 36.935131 ], [ -121.865192, 36.93509 ], [ -121.865081, 36.934849 ], [ -121.865047, 36.934746 ], [ -121.865021, 36.934698 ], [ -121.86491, 36.934553 ], [ -121.864884, 36.934525 ], [ -121.864773, 36.934425 ], [ -121.864679, 36.934329 ], [ -121.864637, 36.934277 ], [ -121.864461, 36.934107 ], [ -121.864389, 36.934009 ], [ -121.864303, 36.933912 ], [ -121.864252, 36.933823 ], [ -121.864192, 36.933754 ], [ -121.86415, 36.933678 ], [ -121.864107, 36.933623 ], [ -121.863782, 36.933344 ], [ -121.863654, 36.933216 ], [ -121.863564, 36.933099 ], [ -121.863509, 36.933037 ], [ -121.863402, 36.932899 ], [ -121.863261, 36.932741 ], [ -121.863174, 36.932634 ], [ -121.863082, 36.93252 ], [ -121.862953, 36.932383 ], [ -121.862851, 36.932265 ], [ -121.86274, 36.932176 ], [ -121.862637, 36.932072 ], [ -121.862347, 36.931838 ], [ -121.862312, 36.931831 ], [ -121.862244, 36.93179 ], [ -121.862159, 36.931721 ], [ -121.862167, 36.931687 ], [ -121.862144, 36.931494 ], [ -121.862125, 36.931473 ], [ -121.862108, 36.931335 ], [ -121.862022, 36.931232 ], [ -121.861826, 36.931046 ], [ -121.861811, 36.93101 ], [ -121.861783, 36.930839 ], [ -121.86174, 36.930798 ], [ -121.861723, 36.930774 ], [ -121.861578, 36.930633 ], [ -121.861527, 36.930564 ], [ -121.861519, 36.930551 ], [ -121.861364, 36.930288 ], [ -121.861304, 36.930219 ], [ -121.861296, 36.930192 ], [ -121.861253, 36.93013 ], [ -121.861211, 36.930082 ], [ -121.861211, 36.930054 ], [ -121.861168, 36.929985 ], [ -121.861108, 36.929916 ], [ -121.861108, 36.929889 ], [ -121.861082, 36.929841 ], [ -121.861057, 36.92982 ], [ -121.861048, 36.929792 ], [ -121.860988, 36.92971 ], [ -121.860971, 36.929675 ], [ -121.860937, 36.929627 ], [ -121.860809, 36.929475 ], [ -121.860809, 36.929455 ], [ -121.860792, 36.92942 ], [ -121.860766, 36.9294 ], [ -121.860647, 36.929262 ], [ -121.860459, 36.929076 ], [ -121.860356, 36.928952 ], [ -121.860348, 36.928924 ], [ -121.860313, 36.928883 ], [ -121.860288, 36.928821 ], [ -121.860262, 36.9288 ], [ -121.860254, 36.928762 ], [ -121.860228, 36.928738 ], [ -121.860211, 36.928676 ], [ -121.860194, 36.928635 ], [ -121.86016, 36.928593 ], [ -121.86016, 36.928573 ], [ -121.860143, 36.928538 ], [ -121.860074, 36.928463 ], [ -121.860074, 36.928442 ], [ -121.860032, 36.928352 ], [ -121.859963, 36.928249 ], [ -121.859929, 36.928208 ], [ -121.859921, 36.928166 ], [ -121.859878, 36.928104 ], [ -121.859681, 36.927884 ], [ -121.859493, 36.927657 ], [ -121.859493, 36.927636 ], [ -121.859468, 36.927615 ], [ -121.859459, 36.927588 ], [ -121.859382, 36.927471 ], [ -121.85937, 36.927436 ], [ -121.859314, 36.927347 ], [ -121.859306, 36.927305 ], [ -121.859271, 36.927271 ], [ -121.859259, 36.927209 ], [ -121.859208, 36.927123 ], [ -121.859135, 36.927002 ], [ -121.859109, 36.926981 ], [ -121.859101, 36.926954 ], [ -121.859058, 36.926899 ], [ -121.859024, 36.926823 ], [ -121.858955, 36.926727 ], [ -121.858887, 36.926603 ], [ -121.858861, 36.926575 ], [ -121.858819, 36.926499 ], [ -121.85875, 36.926416 ], [ -121.858597, 36.926162 ], [ -121.858571, 36.926134 ], [ -121.85852, 36.926065 ], [ -121.858434, 36.925962 ], [ -121.858426, 36.925934 ], [ -121.858383, 36.925872 ], [ -121.85834, 36.925824 ], [ -121.85834, 36.92579 ], [ -121.858315, 36.925741 ], [ -121.858289, 36.925721 ], [ -121.858255, 36.925631 ], [ -121.858229, 36.925607 ], [ -121.858212, 36.925583 ], [ -121.858195, 36.925542 ], [ -121.858067, 36.92539 ], [ -121.858067, 36.925356 ], [ -121.858041, 36.925335 ], [ -121.858024, 36.925287 ], [ -121.857973, 36.925232 ], [ -121.857947, 36.925183 ], [ -121.857922, 36.925156 ], [ -121.857871, 36.925083 ], [ -121.857853, 36.925066 ], [ -121.857854, 36.925039 ], [ -121.857794, 36.924935 ], [ -121.857768, 36.924915 ], [ -121.85776, 36.924887 ], [ -121.857674, 36.924784 ], [ -121.857349, 36.924357 ], [ -121.857264, 36.924253 ], [ -121.857264, 36.924233 ], [ -121.85723, 36.924177 ], [ -121.85711, 36.924033 ], [ -121.857033, 36.923926 ], [ -121.857016, 36.923909 ], [ -121.857016, 36.923881 ], [ -121.856991, 36.923861 ], [ -121.856961, 36.923757 ], [ -121.856931, 36.923695 ], [ -121.856905, 36.923674 ], [ -121.856888, 36.923613 ], [ -121.856854, 36.923564 ], [ -121.856828, 36.923502 ], [ -121.856786, 36.923454 ], [ -121.856769, 36.923399 ], [ -121.856743, 36.923378 ], [ -121.856726, 36.923316 ], [ -121.8567, 36.923296 ], [ -121.856675, 36.923213 ], [ -121.856581, 36.923103 ], [ -121.856564, 36.923027 ], [ -121.856487, 36.922855 ], [ -121.856436, 36.922806 ], [ -121.856421, 36.922744 ], [ -121.856393, 36.922717 ], [ -121.856359, 36.922627 ], [ -121.856333, 36.922607 ], [ -121.856291, 36.922462 ], [ -121.856265, 36.922414 ], [ -121.856239, 36.922393 ], [ -121.856222, 36.922317 ], [ -121.856197, 36.922297 ], [ -121.856182, 36.922262 ], [ -121.856154, 36.922235 ], [ -121.856137, 36.922173 ], [ -121.856086, 36.922111 ], [ -121.856077, 36.922083 ], [ -121.855966, 36.921945 ], [ -121.855957, 36.921918 ], [ -121.855915, 36.921856 ], [ -121.855829, 36.921752 ], [ -121.855667, 36.92158 ], [ -121.855633, 36.921535 ], [ -121.855607, 36.921511 ], [ -121.855599, 36.92147 ], [ -121.855565, 36.921429 ], [ -121.855565, 36.921408 ], [ -121.855547, 36.92138 ], [ -121.855411, 36.921215 ], [ -121.855385, 36.921146 ], [ -121.855257, 36.920988 ], [ -121.85524, 36.920932 ], [ -121.855197, 36.92087 ], [ -121.85512, 36.920685 ], [ -121.855078, 36.920622 ], [ -121.855035, 36.920574 ], [ -121.855018, 36.920478 ], [ -121.854958, 36.920395 ], [ -121.854886, 36.920164 ], [ -121.854849, 36.920015 ], [ -121.854839, 36.919975 ], [ -121.854796, 36.919934 ], [ -121.854762, 36.919889 ], [ -121.854736, 36.919865 ], [ -121.854736, 36.919837 ], [ -121.854693, 36.919796 ], [ -121.854617, 36.919703 ], [ -121.854412, 36.919506 ], [ -121.854343, 36.919417 ], [ -121.854318, 36.919355 ], [ -121.854309, 36.91932 ], [ -121.854284, 36.9193 ], [ -121.854266, 36.919251 ], [ -121.854198, 36.919183 ], [ -121.854198, 36.919155 ], [ -121.854181, 36.919121 ], [ -121.854155, 36.919093 ], [ -121.85407, 36.918941 ], [ -121.854027, 36.918893 ], [ -121.854027, 36.918866 ], [ -121.854002, 36.918845 ], [ -121.853985, 36.91879 ], [ -121.853959, 36.918769 ], [ -121.85395, 36.918742 ], [ -121.853874, 36.918652 ], [ -121.853874, 36.918625 ], [ -121.853831, 36.918583 ], [ -121.853831, 36.918562 ], [ -121.853822, 36.918542 ], [ -121.853797, 36.918521 ], [ -121.85378, 36.918466 ], [ -121.853737, 36.918418 ], [ -121.85372, 36.918363 ], [ -121.853677, 36.918314 ], [ -121.853566, 36.918039 ], [ -121.853378, 36.917811 ], [ -121.853365, 36.917749 ], [ -121.853242, 36.91746 ], [ -121.853199, 36.917419 ], [ -121.853131, 36.917336 ], [ -121.853131, 36.917315 ], [ -121.853079, 36.917233 ], [ -121.853011, 36.91715 ], [ -121.853003, 36.917129 ], [ -121.853003, 36.917102 ], [ -121.852977, 36.917078 ], [ -121.85296, 36.917054 ], [ -121.852951, 36.917026 ], [ -121.852926, 36.917005 ], [ -121.852909, 36.91695 ], [ -121.852883, 36.91693 ], [ -121.852866, 36.916881 ], [ -121.852815, 36.916833 ], [ -121.852815, 36.916799 ], [ -121.852806, 36.916778 ], [ -121.852738, 36.916709 ], [ -121.852738, 36.916682 ], [ -121.852721, 36.916647 ], [ -121.852695, 36.916626 ], [ -121.852593, 36.916516 ], [ -121.852593, 36.916495 ], [ -121.852584, 36.916475 ], [ -121.852524, 36.916413 ], [ -121.852507, 36.916337 ], [ -121.852464, 36.916296 ], [ -121.852465, 36.916275 ], [ -121.852456, 36.916254 ], [ -121.85243, 36.916234 ], [ -121.852422, 36.916179 ], [ -121.852388, 36.91613 ], [ -121.852319, 36.916048 ], [ -121.852311, 36.916006 ], [ -121.852089, 36.915744 ], [ -121.852063, 36.915689 ], [ -121.852029, 36.915648 ], [ -121.851982, 36.915472 ], [ -121.851952, 36.915331 ], [ -121.851816, 36.915007 ], [ -121.851756, 36.914925 ], [ -121.851747, 36.914897 ], [ -121.851491, 36.914587 ], [ -121.851243, 36.914298 ], [ -121.851226, 36.914215 ], [ -121.851201, 36.914167 ], [ -121.851158, 36.914118 ], [ -121.851137, 36.914029 ], [ -121.850945, 36.913691 ], [ -121.850885, 36.913629 ], [ -121.850872, 36.913595 ], [ -121.850842, 36.913547 ], [ -121.850774, 36.913464 ], [ -121.85074, 36.913416 ], [ -121.850723, 36.913381 ], [ -121.850629, 36.913271 ], [ -121.850629, 36.913243 ], [ -121.850603, 36.913219 ], [ -121.850586, 36.913195 ], [ -121.850518, 36.913071 ], [ -121.850492, 36.913044 ], [ -121.850432, 36.912947 ], [ -121.850415, 36.912906 ], [ -121.850338, 36.912823 ], [ -121.850338, 36.912795 ], [ -121.850236, 36.912623 ], [ -121.85021, 36.912561 ], [ -121.850185, 36.912541 ], [ -121.850176, 36.912513 ], [ -121.850065, 36.912382 ], [ -121.849775, 36.912058 ], [ -121.849689, 36.911941 ], [ -121.849681, 36.911913 ], [ -121.849638, 36.911872 ], [ -121.849544, 36.911748 ], [ -121.849535, 36.91172 ], [ -121.849484, 36.911665 ], [ -121.849365, 36.911496 ], [ -121.849348, 36.911479 ], [ -121.849348, 36.911452 ], [ -121.849339, 36.911431 ], [ -121.849313, 36.91141 ], [ -121.849296, 36.911362 ], [ -121.849271, 36.911341 ], [ -121.849262, 36.911314 ], [ -121.849168, 36.911169 ], [ -121.8491, 36.911086 ], [ -121.849057, 36.911004 ], [ -121.84898, 36.910914 ], [ -121.848733, 36.91059 ], [ -121.848716, 36.910556 ], [ -121.848451, 36.910211 ], [ -121.848425, 36.910156 ], [ -121.8484, 36.910125 ], [ -121.848366, 36.910094 ], [ -121.848357, 36.910039 ], [ -121.848297, 36.909935 ], [ -121.848263, 36.909908 ], [ -121.848246, 36.909784 ], [ -121.848203, 36.909736 ], [ -121.848203, 36.909715 ], [ -121.848178, 36.909605 ], [ -121.848144, 36.90955 ], [ -121.848041, 36.909302 ], [ -121.847879, 36.908971 ], [ -121.847819, 36.908868 ], [ -121.847794, 36.908847 ], [ -121.847785, 36.908819 ], [ -121.847751, 36.908778 ], [ -121.847725, 36.908723 ], [ -121.847683, 36.908682 ], [ -121.847452, 36.908385 ], [ -121.847333, 36.90824 ], [ -121.847318, 36.908206 ], [ -121.84729, 36.908178 ], [ -121.847281, 36.908151 ], [ -121.847247, 36.90811 ], [ -121.84723, 36.908075 ], [ -121.847153, 36.907985 ], [ -121.847145, 36.907958 ], [ -121.846991, 36.907772 ], [ -121.846991, 36.907751 ], [ -121.846914, 36.907627 ], [ -121.846871, 36.907572 ], [ -121.846854, 36.907531 ], [ -121.846479, 36.906952 ], [ -121.84641, 36.906869 ], [ -121.846197, 36.906586 ], [ -121.84618, 36.906552 ], [ -121.845949, 36.906249 ], [ -121.845693, 36.905932 ], [ -121.845685, 36.905904 ], [ -121.845642, 36.905856 ], [ -121.845616, 36.905801 ], [ -121.845591, 36.905773 ], [ -121.845556, 36.905718 ], [ -121.845522, 36.905649 ], [ -121.845262, 36.905249 ], [ -121.845232, 36.905187 ], [ -121.845151, 36.905063 ], [ -121.845121, 36.905001 ], [ -121.845078, 36.90496 ], [ -121.84507, 36.904919 ], [ -121.845027, 36.904877 ], [ -121.845002, 36.904839 ], [ -121.844984, 36.904822 ], [ -121.844984, 36.904795 ], [ -121.844976, 36.904774 ], [ -121.84495, 36.904753 ], [ -121.844925, 36.904684 ], [ -121.844882, 36.904622 ], [ -121.844873, 36.904595 ], [ -121.844839, 36.904553 ], [ -121.844797, 36.904464 ], [ -121.8446, 36.904174 ], [ -121.84437, 36.903878 ], [ -121.844361, 36.90385 ], [ -121.844318, 36.903802 ], [ -121.84431, 36.903778 ], [ -121.844284, 36.903754 ], [ -121.844284, 36.903733 ], [ -121.844259, 36.903685 ], [ -121.844233, 36.903664 ], [ -121.844225, 36.903637 ], [ -121.844182, 36.903575 ], [ -121.844156, 36.903547 ], [ -121.843994, 36.90334 ], [ -121.843994, 36.90332 ], [ -121.843985, 36.903299 ], [ -121.843934, 36.903251 ], [ -121.843934, 36.90323 ], [ -121.843883, 36.903141 ], [ -121.84384, 36.903099 ], [ -121.843746, 36.902982 ], [ -121.843746, 36.902961 ], [ -121.843738, 36.902941 ], [ -121.843712, 36.90292 ], [ -121.84367, 36.902851 ], [ -121.843653, 36.90281 ], [ -121.843576, 36.90272 ], [ -121.843439, 36.902534 ], [ -121.843391, 36.902476 ], [ -121.843132, 36.902162 ], [ -121.842824, 36.901762 ], [ -121.842803, 36.9017 ], [ -121.842773, 36.901645 ], [ -121.84273, 36.901604 ], [ -121.842628, 36.901473 ], [ -121.842619, 36.901445 ], [ -121.842466, 36.901266 ], [ -121.842414, 36.901197 ], [ -121.842406, 36.901169 ], [ -121.842338, 36.901087 ], [ -121.842269, 36.900963 ], [ -121.842227, 36.900914 ], [ -121.842227, 36.900894 ], [ -121.84221, 36.900859 ], [ -121.842184, 36.900838 ], [ -121.842167, 36.900783 ], [ -121.842124, 36.900735 ], [ -121.842107, 36.90068 ], [ -121.842022, 36.900549 ], [ -121.841988, 36.900508 ], [ -121.841988, 36.900487 ], [ -121.841749, 36.900067 ], [ -121.841706, 36.899984 ], [ -121.84168, 36.899963 ], [ -121.841663, 36.899915 ], [ -121.841638, 36.899894 ], [ -121.841629, 36.899867 ], [ -121.841595, 36.899818 ], [ -121.841586, 36.899791 ], [ -121.841535, 36.899715 ], [ -121.841527, 36.899688 ], [ -121.841475, 36.899619 ], [ -121.841458, 36.899584 ], [ -121.841416, 36.899529 ], [ -121.841399, 36.899495 ], [ -121.841253, 36.899322 ], [ -121.841253, 36.899302 ], [ -121.841245, 36.899281 ], [ -121.841219, 36.899257 ], [ -121.841202, 36.899233 ], [ -121.841177, 36.899157 ], [ -121.841143, 36.899081 ], [ -121.841108, 36.899033 ], [ -121.841032, 36.898895 ], [ -121.841006, 36.898867 ], [ -121.840989, 36.898833 ], [ -121.840963, 36.898805 ], [ -121.840946, 36.898771 ], [ -121.840916, 36.898735 ], [ -121.840895, 36.898702 ], [ -121.840886, 36.898674 ], [ -121.840844, 36.898633 ], [ -121.84081, 36.898585 ], [ -121.840801, 36.898557 ], [ -121.840562, 36.898282 ], [ -121.840395, 36.898109 ], [ -121.84028, 36.897957 ], [ -121.84028, 36.897937 ], [ -121.840127, 36.897682 ], [ -121.840101, 36.897661 ], [ -121.840092, 36.897627 ], [ -121.839887, 36.897365 ], [ -121.839888, 36.897337 ], [ -121.839862, 36.897313 ], [ -121.839845, 36.897289 ], [ -121.839819, 36.897234 ], [ -121.839691, 36.897075 ], [ -121.839691, 36.897055 ], [ -121.839674, 36.89702 ], [ -121.839648, 36.896999 ], [ -121.83964, 36.896972 ], [ -121.839572, 36.896875 ], [ -121.839555, 36.896841 ], [ -121.839512, 36.896779 ], [ -121.839435, 36.89668 ], [ -121.839367, 36.896593 ], [ -121.839367, 36.896572 ], [ -121.83935, 36.896544 ], [ -121.839213, 36.896379 ], [ -121.839213, 36.896351 ], [ -121.83917, 36.89631 ], [ -121.839162, 36.896269 ], [ -121.839128, 36.896221 ], [ -121.839102, 36.896172 ], [ -121.838974, 36.896007 ], [ -121.838889, 36.895876 ], [ -121.838837, 36.895807 ], [ -121.838675, 36.89561 ], [ -121.83865, 36.895586 ], [ -121.838635, 36.895552 ], [ -121.838607, 36.895524 ], [ -121.838598, 36.895497 ], [ -121.838556, 36.895435 ], [ -121.838526, 36.8954 ], [ -121.838368, 36.895169 ], [ -121.838351, 36.895152 ], [ -121.838351, 36.895125 ], [ -121.838317, 36.895069 ], [ -121.838265, 36.895007 ], [ -121.838248, 36.894973 ], [ -121.838223, 36.894945 ], [ -121.838172, 36.89487 ], [ -121.838043, 36.894697 ], [ -121.837933, 36.894559 ], [ -121.837933, 36.894539 ], [ -121.837924, 36.894518 ], [ -121.837873, 36.89447 ], [ -121.837873, 36.894449 ], [ -121.837856, 36.894415 ], [ -121.837822, 36.894387 ], [ -121.837634, 36.894152 ], [ -121.837634, 36.894132 ], [ -121.837583, 36.894049 ], [ -121.83754, 36.893994 ], [ -121.837523, 36.893953 ], [ -121.837463, 36.893884 ], [ -121.837454, 36.893856 ], [ -121.837412, 36.893815 ], [ -121.837267, 36.893608 ], [ -121.837139, 36.893442 ], [ -121.837139, 36.893415 ], [ -121.837113, 36.893391 ], [ -121.837096, 36.893367 ], [ -121.837087, 36.893339 ], [ -121.837062, 36.893318 ], [ -121.837053, 36.893291 ], [ -121.837019, 36.893249 ], [ -121.836996, 36.893208 ], [ -121.836968, 36.893181 ], [ -121.836959, 36.893153 ], [ -121.836917, 36.893098 ], [ -121.8369, 36.893063 ], [ -121.836763, 36.89285 ], [ -121.83672, 36.892808 ], [ -121.83672, 36.892788 ], [ -121.836663, 36.892677 ], [ -121.836635, 36.89265 ], [ -121.836601, 36.89256 ], [ -121.836575, 36.89254 ], [ -121.836567, 36.892512 ], [ -121.83649, 36.892422 ], [ -121.836349, 36.892236 ], [ -121.836259, 36.892105 ], [ -121.836157, 36.891967 ], [ -121.836037, 36.891823 ], [ -121.836029, 36.891795 ], [ -121.835858, 36.891526 ], [ -121.83579, 36.891443 ], [ -121.83579, 36.891423 ], [ -121.835773, 36.891388 ], [ -121.835747, 36.891368 ], [ -121.83573, 36.891306 ], [ -121.835679, 36.891244 ], [ -121.835662, 36.891209 ], [ -121.835632, 36.891175 ], [ -121.835585, 36.891106 ], [ -121.835577, 36.891078 ], [ -121.835525, 36.891023 ], [ -121.835525, 36.891002 ], [ -121.835491, 36.89094 ], [ -121.835431, 36.890878 ], [ -121.835432, 36.890858 ], [ -121.835423, 36.890837 ], [ -121.83538, 36.890795 ], [ -121.83538, 36.890775 ], [ -121.835363, 36.89074 ], [ -121.835175, 36.89052 ], [ -121.835167, 36.890492 ], [ -121.835133, 36.890458 ], [ -121.835116, 36.890403 ], [ -121.835057, 36.890329 ], [ -121.834851, 36.890065 ], [ -121.834595, 36.889755 ], [ -121.83451, 36.889658 ], [ -121.83439, 36.889506 ], [ -121.83439, 36.889486 ], [ -121.834373, 36.889458 ], [ -121.834288, 36.889348 ], [ -121.834271, 36.889293 ], [ -121.834211, 36.889224 ], [ -121.834202, 36.889189 ], [ -121.834142, 36.88912 ], [ -121.834117, 36.889058 ], [ -121.834066, 36.888982 ], [ -121.834023, 36.888879 ], [ -121.83398, 36.888838 ], [ -121.83398, 36.88881 ], [ -121.833929, 36.88872 ], [ -121.833886, 36.888679 ], [ -121.833852, 36.888631 ], [ -121.833827, 36.888576 ], [ -121.833571, 36.888265 ], [ -121.833417, 36.888066 ], [ -121.833409, 36.888038 ], [ -121.833323, 36.887935 ], [ -121.833297, 36.887886 ], [ -121.833272, 36.887859 ], [ -121.833238, 36.887797 ], [ -121.833212, 36.887769 ], [ -121.833084, 36.887586 ], [ -121.833067, 36.887569 ], [ -121.833067, 36.887548 ], [ -121.833059, 36.887528 ], [ -121.833007, 36.88748 ], [ -121.833007, 36.887459 ], [ -121.83299, 36.887424 ], [ -121.832948, 36.88739 ], [ -121.832939, 36.887362 ], [ -121.832896, 36.887314 ], [ -121.832879, 36.88728 ], [ -121.832854, 36.887252 ], [ -121.832828, 36.887204 ], [ -121.832803, 36.887176 ], [ -121.832606, 36.886914 ], [ -121.83241, 36.886604 ], [ -121.832248, 36.886366 ], [ -121.832231, 36.886349 ], [ -121.832231, 36.886321 ], [ -121.832222, 36.886301 ], [ -121.832196, 36.88628 ], [ -121.832179, 36.886218 ], [ -121.832154, 36.886197 ], [ -121.832137, 36.886135 ], [ -121.831983, 36.885901 ], [ -121.831915, 36.885818 ], [ -121.831727, 36.88557 ], [ -121.831719, 36.885542 ], [ -121.831684, 36.885508 ], [ -121.831676, 36.88548 ], [ -121.831608, 36.885377 ], [ -121.831565, 36.885329 ], [ -121.831556, 36.885274 ], [ -121.831514, 36.885211 ], [ -121.831198, 36.884818 ], [ -121.831189, 36.884791 ], [ -121.83113, 36.884729 ], [ -121.83113, 36.884708 ], [ -121.831104, 36.884667 ], [ -121.831002, 36.884543 ], [ -121.830805, 36.884329 ], [ -121.830797, 36.884287 ], [ -121.830754, 36.884239 ], [ -121.830739, 36.884177 ], [ -121.830711, 36.88415 ], [ -121.830697, 36.884115 ], [ -121.830669, 36.884088 ], [ -121.83066, 36.88406 ], [ -121.830592, 36.883977 ], [ -121.830583, 36.883943 ], [ -121.830507, 36.883846 ], [ -121.830498, 36.883819 ], [ -121.830447, 36.88377 ], [ -121.830447, 36.883743 ], [ -121.830438, 36.883722 ], [ -121.830413, 36.883701 ], [ -121.830387, 36.883619 ], [ -121.830327, 36.883529 ], [ -121.830293, 36.883446 ], [ -121.830191, 36.883247 ], [ -121.830148, 36.883205 ], [ -121.830131, 36.883164 ], [ -121.830106, 36.883143 ], [ -121.830106, 36.883123 ], [ -121.830088, 36.883088 ], [ -121.830063, 36.883067 ], [ -121.829986, 36.882978 ], [ -121.829832, 36.882778 ], [ -121.829747, 36.882626 ], [ -121.829704, 36.882571 ], [ -121.829696, 36.882543 ], [ -121.829628, 36.882467 ], [ -121.829628, 36.882447 ], [ -121.829602, 36.882399 ], [ -121.829602, 36.882378 ], [ -121.829551, 36.88233 ], [ -121.829551, 36.882302 ], [ -121.829525, 36.882281 ], [ -121.829508, 36.882219 ], [ -121.829457, 36.882157 ], [ -121.82944, 36.882095 ], [ -121.829389, 36.88204 ], [ -121.829389, 36.882006 ], [ -121.82932, 36.881937 ], [ -121.829303, 36.881868 ], [ -121.829261, 36.88182 ], [ -121.829231, 36.881723 ], [ -121.829184, 36.881627 ], [ -121.829141, 36.881585 ], [ -121.828971, 36.88134 ], [ -121.828954, 36.881323 ], [ -121.828939, 36.881261 ], [ -121.828911, 36.881234 ], [ -121.828902, 36.881206 ], [ -121.82886, 36.881144 ], [ -121.828851, 36.881116 ], [ -121.8288, 36.881041 ], [ -121.828787, 36.881006 ], [ -121.828749, 36.880944 ], [ -121.82874, 36.880896 ], [ -121.828723, 36.880861 ], [ -121.828681, 36.88082 ], [ -121.828527, 36.880648 ], [ -121.828279, 36.880351 ], [ -121.828245, 36.880303 ], [ -121.828237, 36.880275 ], [ -121.828126, 36.880144 ], [ -121.828126, 36.880124 ], [ -121.828117, 36.880103 ], [ -121.828092, 36.880079 ], [ -121.828075, 36.880055 ], [ -121.82804, 36.879986 ], [ -121.827964, 36.879896 ], [ -121.827955, 36.879868 ], [ -121.827853, 36.879717 ], [ -121.827836, 36.879682 ], [ -121.82781, 36.879662 ], [ -121.827793, 36.879613 ], [ -121.827554, 36.879241 ], [ -121.827536, 36.879199 ], [ -121.827503, 36.879158 ], [ -121.827486, 36.879103 ], [ -121.82746, 36.879079 ], [ -121.827443, 36.879055 ], [ -121.827383, 36.878945 ], [ -121.827298, 36.878848 ], [ -121.827298, 36.87882 ], [ -121.827273, 36.878796 ], [ -121.827255, 36.878772 ], [ -121.827238, 36.878738 ], [ -121.827153, 36.878627 ], [ -121.827025, 36.878414 ], [ -121.826974, 36.878352 ], [ -121.826829, 36.878138 ], [ -121.826812, 36.878069 ], [ -121.826752, 36.877979 ], [ -121.826624, 36.877821 ], [ -121.826475, 36.877626 ], [ -121.826351, 36.877462 ], [ -121.826231, 36.877317 ], [ -121.826231, 36.877297 ], [ -121.826223, 36.877262 ], [ -121.826197, 36.877242 ], [ -121.82618, 36.87718 ], [ -121.826163, 36.87709 ], [ -121.826121, 36.877028 ], [ -121.82612, 36.877 ], [ -121.826078, 36.876959 ], [ -121.826069, 36.876925 ], [ -121.825993, 36.876828 ], [ -121.825984, 36.8768 ], [ -121.825958, 36.87678 ], [ -121.825941, 36.876731 ], [ -121.825813, 36.876552 ], [ -121.825788, 36.876525 ], [ -121.825771, 36.876456 ], [ -121.825728, 36.876414 ], [ -121.825728, 36.876387 ], [ -121.825668, 36.876283 ], [ -121.825643, 36.876263 ], [ -121.825626, 36.876207 ], [ -121.825498, 36.876049 ], [ -121.825498, 36.876028 ], [ -121.825489, 36.876007 ], [ -121.825447, 36.875966 ], [ -121.825429, 36.875904 ], [ -121.825404, 36.875883 ], [ -121.825387, 36.875821 ], [ -121.82525, 36.875608 ], [ -121.825242, 36.87558 ], [ -121.825173, 36.87547 ], [ -121.825139, 36.875201 ], [ -121.825105, 36.87516 ], [ -121.825088, 36.875118 ], [ -121.825046, 36.87507 ], [ -121.825011, 36.875008 ], [ -121.824968, 36.874956 ], [ -121.824805, 36.874824 ], [ -121.824641, 36.874566 ], [ -121.824573, 36.874385 ], [ -121.824409, 36.874055 ], [ -121.824381, 36.874017 ], [ -121.82434, 36.873929 ], [ -121.824238, 36.87377 ], [ -121.824183, 36.873693 ], [ -121.824053, 36.873544 ], [ -121.823951, 36.873434 ], [ -121.823889, 36.873363 ], [ -121.823827, 36.873286 ], [ -121.8238, 36.873248 ], [ -121.823759, 36.873116 ], [ -121.823615, 36.87289 ], [ -121.823342, 36.872456 ], [ -121.82326, 36.872325 ], [ -121.823252, 36.872307 ], [ -121.823225, 36.872272 ], [ -121.823211, 36.872247 ], [ -121.823198, 36.872231 ], [ -121.823171, 36.872182 ], [ -121.823157, 36.872165 ], [ -121.823123, 36.872099 ], [ -121.82311, 36.872084 ], [ -121.823102, 36.872066 ], [ -121.823089, 36.87205 ], [ -121.823067, 36.872019 ], [ -121.823034, 36.871956 ], [ -121.823021, 36.871941 ], [ -121.823013, 36.871923 ], [ -121.823, 36.871907 ], [ -121.822992, 36.871889 ], [ -121.822979, 36.871874 ], [ -121.822966, 36.871841 ], [ -121.822952, 36.871825 ], [ -121.822944, 36.871807 ], [ -121.822931, 36.871792 ], [ -121.822918, 36.871759 ], [ -121.822904, 36.871742 ], [ -121.822896, 36.871725 ], [ -121.822883, 36.871709 ], [ -121.82287, 36.871676 ], [ -121.822856, 36.87166 ], [ -121.822842, 36.871627 ], [ -121.822822, 36.871594 ], [ -121.822814, 36.871576 ], [ -121.822801, 36.871561 ], [ -121.822781, 36.871511 ], [ -121.822767, 36.871495 ], [ -121.82274, 36.871429 ], [ -121.822726, 36.871412 ], [ -121.822685, 36.871314 ], [ -121.822665, 36.871275 ], [ -121.822617, 36.87116 ], [ -121.822603, 36.871143 ], [ -121.822569, 36.871055 ], [ -121.822555, 36.871039 ], [ -121.822507, 36.870923 ], [ -121.822494, 36.870907 ], [ -121.822425, 36.870737 ], [ -121.822411, 36.87072 ], [ -121.822384, 36.870649 ], [ -121.822371, 36.870634 ], [ -121.822342, 36.870587 ], [ -121.822329, 36.870572 ], [ -121.822322, 36.870554 ], [ -121.822309, 36.870539 ], [ -121.822301, 36.870521 ], [ -121.822281, 36.870489 ], [ -121.822268, 36.870473 ], [ -121.82226, 36.870455 ], [ -121.822234, 36.870429 ], [ -121.822226, 36.870411 ], [ -121.822213, 36.870396 ], [ -121.822193, 36.870363 ], [ -121.82218, 36.870348 ], [ -121.822172, 36.87033 ], [ -121.822151, 36.870301 ], [ -121.822124, 36.87027 ], [ -121.822116, 36.870252 ], [ -121.822056, 36.870176 ], [ -121.822048, 36.870159 ], [ -121.822035, 36.870143 ], [ -121.822027, 36.870126 ], [ -121.822001, 36.870099 ], [ -121.821981, 36.870066 ], [ -121.821967, 36.87005 ], [ -121.821959, 36.870032 ], [ -121.821933, 36.870006 ], [ -121.821925, 36.869988 ], [ -121.821912, 36.869973 ], [ -121.821904, 36.869955 ], [ -121.821857, 36.869896 ], [ -121.82185, 36.869878 ], [ -121.821824, 36.869848 ], [ -121.821816, 36.86983 ], [ -121.821803, 36.869814 ], [ -121.821795, 36.869796 ], [ -121.821769, 36.86977 ], [ -121.821761, 36.869752 ], [ -121.821741, 36.86972 ], [ -121.821728, 36.869704 ], [ -121.82172, 36.869686 ], [ -121.821694, 36.869661 ], [ -121.821686, 36.869643 ], [ -121.821673, 36.869627 ], [ -121.821665, 36.869609 ], [ -121.821652, 36.869594 ], [ -121.821598, 36.869517 ], [ -121.821556, 36.869451 ], [ -121.821549, 36.869433 ], [ -121.821536, 36.869418 ], [ -121.821522, 36.869385 ], [ -121.821509, 36.869369 ], [ -121.821501, 36.869351 ], [ -121.821481, 36.869319 ], [ -121.821468, 36.869303 ], [ -121.821446, 36.869272 ], [ -121.821433, 36.869242 ], [ -121.82142, 36.869226 ], [ -121.821412, 36.869208 ], [ -121.821399, 36.869193 ], [ -121.821385, 36.86916 ], [ -121.821351, 36.86911 ], [ -121.821344, 36.869092 ], [ -121.821331, 36.869077 ], [ -121.821317, 36.869044 ], [ -121.821303, 36.869028 ], [ -121.821296, 36.86901 ], [ -121.821283, 36.868995 ], [ -121.821269, 36.868962 ], [ -121.821249, 36.868929 ], [ -121.821241, 36.868912 ], [ -121.821228, 36.868896 ], [ -121.821194, 36.86883 ], [ -121.82116, 36.868786 ], [ -121.821146, 36.868753 ], [ -121.821132, 36.868737 ], [ -121.821119, 36.868704 ], [ -121.821105, 36.868687 ], [ -121.821071, 36.868621 ], [ -121.821058, 36.868606 ], [ -121.82105, 36.868588 ], [ -121.821037, 36.868572 ], [ -121.821023, 36.868539 ], [ -121.821009, 36.868522 ], [ -121.821002, 36.868504 ], [ -121.820989, 36.868489 ], [ -121.820975, 36.868456 ], [ -121.820961, 36.86844 ], [ -121.820954, 36.868422 ], [ -121.820941, 36.868407 ], [ -121.820933, 36.86839 ], [ -121.82092, 36.868374 ], [ -121.820907, 36.868341 ], [ -121.820892, 36.868327 ], [ -121.820866, 36.868281 ], [ -121.820852, 36.868264 ], [ -121.820818, 36.868198 ], [ -121.820805, 36.868183 ], [ -121.820797, 36.868165 ], [ -121.820784, 36.868149 ], [ -121.820776, 36.868131 ], [ -121.820763, 36.868116 ], [ -121.820755, 36.868098 ], [ -121.820722, 36.868055 ], [ -121.820695, 36.868006 ], [ -121.820682, 36.86799 ], [ -121.820674, 36.867973 ], [ -121.820661, 36.867958 ], [ -121.820654, 36.86794 ], [ -121.82064, 36.867924 ], [ -121.820632, 36.867906 ], [ -121.820606, 36.86788 ], [ -121.820592, 36.867863 ], [ -121.820584, 36.867846 ], [ -121.820435, 36.867687 ], [ -121.820407, 36.86766 ], [ -121.820332, 36.867572 ], [ -121.820271, 36.867495 ], [ -121.820263, 36.867477 ], [ -121.82025, 36.867462 ], [ -121.820242, 36.867444 ], [ -121.820202, 36.86738 ], [ -121.820141, 36.867286 ], [ -121.820127, 36.867253 ], [ -121.820113, 36.867237 ], [ -121.8201, 36.867204 ], [ -121.820086, 36.867187 ], [ -121.820072, 36.867154 ], [ -121.820059, 36.867138 ], [ -121.820045, 36.867105 ], [ -121.820031, 36.867088 ], [ -121.820018, 36.867055 ], [ -121.820004, 36.867039 ], [ -121.81999, 36.867006 ], [ -121.819977, 36.86699 ], [ -121.819956, 36.86694 ], [ -121.819942, 36.866924 ], [ -121.819929, 36.866891 ], [ -121.819915, 36.866874 ], [ -121.819901, 36.866841 ], [ -121.819888, 36.866825 ], [ -121.819874, 36.866792 ], [ -121.81986, 36.866775 ], [ -121.819853, 36.866757 ], [ -121.81984, 36.866742 ], [ -121.819826, 36.866709 ], [ -121.819812, 36.866693 ], [ -121.819805, 36.866675 ], [ -121.819792, 36.86666 ], [ -121.819778, 36.866627 ], [ -121.819725, 36.866545 ], [ -121.819717, 36.866528 ], [ -121.819702, 36.866514 ], [ -121.819676, 36.866467 ], [ -121.819648, 36.866434 ], [ -121.819621, 36.866385 ], [ -121.819606, 36.866371 ], [ -121.819587, 36.866341 ], [ -121.819574, 36.866326 ], [ -121.819566, 36.866308 ], [ -121.819553, 36.866292 ], [ -121.819545, 36.866274 ], [ -121.819512, 36.866231 ], [ -121.819504, 36.866214 ], [ -121.819477, 36.866182 ], [ -121.81947, 36.866164 ], [ -121.819457, 36.866149 ], [ -121.819408, 36.866071 ], [ -121.819395, 36.866055 ], [ -121.819368, 36.866006 ], [ -121.819354, 36.865989 ], [ -121.819341, 36.865956 ], [ -121.819327, 36.86594 ], [ -121.819319, 36.865923 ], [ -121.819306, 36.865907 ], [ -121.819293, 36.865874 ], [ -121.819279, 36.865858 ], [ -121.819265, 36.865825 ], [ -121.819245, 36.865792 ], [ -121.819237, 36.865774 ], [ -121.819224, 36.865759 ], [ -121.819211, 36.865726 ], [ -121.819197, 36.865709 ], [ -121.819176, 36.86566 ], [ -121.819156, 36.865627 ], [ -121.819142, 36.865594 ], [ -121.819122, 36.865561 ], [ -121.819108, 36.865528 ], [ -121.819094, 36.865511 ], [ -121.819074, 36.865462 ], [ -121.81906, 36.865445 ], [ -121.819047, 36.865413 ], [ -121.819033, 36.865396 ], [ -121.819012, 36.865347 ], [ -121.818992, 36.865314 ], [ -121.818984, 36.865296 ], [ -121.818971, 36.865281 ], [ -121.818958, 36.865248 ], [ -121.818944, 36.865231 ], [ -121.81893, 36.865198 ], [ -121.818917, 36.865182 ], [ -121.818909, 36.865164 ], [ -121.818889, 36.865132 ], [ -121.818876, 36.865116 ], [ -121.818868, 36.865098 ], [ -121.818855, 36.865083 ], [ -121.818847, 36.865065 ], [ -121.818834, 36.86505 ], [ -121.818827, 36.865032 ], [ -121.818766, 36.864957 ], [ -121.818758, 36.864939 ], [ -121.818732, 36.864913 ], [ -121.818724, 36.864895 ], [ -121.818698, 36.864863 ], [ -121.818683, 36.864849 ], [ -121.818664, 36.864819 ], [ -121.81865, 36.864803 ], [ -121.818642, 36.864785 ], [ -121.818616, 36.864759 ], [ -121.818602, 36.864742 ], [ -121.818594, 36.864725 ], [ -121.818581, 36.864709 ], [ -121.818573, 36.864692 ], [ -121.818547, 36.864665 ], [ -121.818513, 36.864599 ], [ -121.818499, 36.864583 ], [ -121.818486, 36.86455 ], [ -121.818472, 36.864533 ], [ -121.818452, 36.864484 ], [ -121.818438, 36.864467 ], [ -121.818397, 36.864366 ], [ -121.818363, 36.864281 ], [ -121.818349, 36.864264 ], [ -121.818308, 36.86416 ], [ -121.818294, 36.864143 ], [ -121.818281, 36.86411 ], [ -121.818267, 36.864094 ], [ -121.818253, 36.864061 ], [ -121.818233, 36.864028 ], [ -121.818205, 36.864001 ], [ -121.818164, 36.863956 ], [ -121.818116, 36.863918 ], [ -121.818089, 36.863891 ], [ -121.818041, 36.863852 ], [ -121.818014, 36.863819 ], [ -121.817999, 36.863805 ], [ -121.817973, 36.863759 ], [ -121.817959, 36.863742 ], [ -121.817925, 36.863676 ], [ -121.817911, 36.86366 ], [ -121.817891, 36.86361 ], [ -121.817877, 36.863594 ], [ -121.81785, 36.863528 ], [ -121.817836, 36.863511 ], [ -121.817802, 36.863429 ], [ -121.817781, 36.863391 ], [ -121.81774, 36.863292 ], [ -121.81772, 36.863259 ], [ -121.817706, 36.863226 ], [ -121.817686, 36.863193 ], [ -121.817672, 36.86316 ], [ -121.817658, 36.863143 ], [ -121.817645, 36.86311 ], [ -121.817631, 36.863094 ], [ -121.817623, 36.863076 ], [ -121.81761, 36.863061 ], [ -121.817603, 36.863043 ], [ -121.817566, 36.863002 ], [ -121.817549, 36.862984 ], [ -121.817501, 36.862946 ], [ -121.817487, 36.862929 ], [ -121.817467, 36.862918 ], [ -121.817426, 36.862874 ], [ -121.817418, 36.862857 ], [ -121.817371, 36.862797 ], [ -121.817356, 36.862769 ], [ -121.817344, 36.862748 ], [ -121.81733, 36.862731 ], [ -121.817303, 36.862682 ], [ -121.817289, 36.862665 ], [ -121.817281, 36.862648 ], [ -121.817268, 36.862632 ], [ -121.817255, 36.862599 ], [ -121.817241, 36.862583 ], [ -121.817221, 36.862533 ], [ -121.817207, 36.862517 ], [ -121.817166, 36.862418 ], [ -121.817152, 36.862402 ], [ -121.817043, 36.862127 ], [ -121.817043, 36.862109 ], [ -121.81692, 36.861797 ], [ -121.816906, 36.861781 ], [ -121.816865, 36.861682 ], [ -121.816851, 36.861665 ], [ -121.816838, 36.861632 ], [ -121.816824, 36.861616 ], [ -121.81681, 36.861583 ], [ -121.81679, 36.86155 ], [ -121.816782, 36.861532 ], [ -121.816762, 36.8615 ], [ -121.816749, 36.861484 ], [ -121.816741, 36.861466 ], [ -121.816728, 36.861451 ], [ -121.81672, 36.861433 ], [ -121.816674, 36.861374 ], [ -121.816666, 36.861357 ], [ -121.816639, 36.861325 ], [ -121.816632, 36.861307 ], [ -121.816605, 36.861281 ], [ -121.816598, 36.861264 ], [ -121.816585, 36.861248 ], [ -121.816577, 36.86123 ], [ -121.81655, 36.861204 ], [ -121.816543, 36.861186 ], [ -121.816516, 36.861154 ], [ -121.816489, 36.861105 ], [ -121.816462, 36.861077 ], [ -121.816454, 36.86106 ], [ -121.816441, 36.861044 ], [ -121.816414, 36.860995 ], [ -121.8164, 36.860979 ], [ -121.81638, 36.860945 ], [ -121.816359, 36.860918 ], [ -121.816345, 36.860885 ], [ -121.816332, 36.860869 ], [ -121.816318, 36.860836 ], [ -121.816304, 36.860819 ], [ -121.816284, 36.860764 ], [ -121.81627, 36.860748 ], [ -121.816256, 36.860715 ], [ -121.816236, 36.860682 ], [ -121.816222, 36.860649 ], [ -121.816202, 36.860616 ], [ -121.816188, 36.860583 ], [ -121.816174, 36.860566 ], [ -121.816154, 36.860517 ], [ -121.81614, 36.8605 ], [ -121.816113, 36.860435 ], [ -121.816099, 36.860418 ], [ -121.816079, 36.860369 ], [ -121.816065, 36.860352 ], [ -121.816038, 36.860281 ], [ -121.816024, 36.860264 ], [ -121.815997, 36.860198 ], [ -121.815983, 36.860182 ], [ -121.815956, 36.860116 ], [ -121.815942, 36.860099 ], [ -121.815914, 36.860033 ], [ -121.815901, 36.860017 ], [ -121.815867, 36.859929 ], [ -121.815853, 36.859913 ], [ -121.815826, 36.859847 ], [ -121.815812, 36.85983 ], [ -121.815778, 36.859748 ], [ -121.81575, 36.859693 ], [ -121.815737, 36.85966 ], [ -121.815723, 36.859643 ], [ -121.815689, 36.859561 ], [ -121.815675, 36.859544 ], [ -121.815641, 36.859456 ], [ -121.815627, 36.85944 ], [ -121.815593, 36.859358 ], [ -121.815579, 36.859341 ], [ -121.815552, 36.859275 ], [ -121.815538, 36.859259 ], [ -121.815511, 36.859193 ], [ -121.815491, 36.859154 ], [ -121.81547, 36.859105 ], [ -121.815456, 36.859088 ], [ -121.815436, 36.859039 ], [ -121.815422, 36.859022 ], [ -121.815395, 36.858956 ], [ -121.815381, 36.85894 ], [ -121.815361, 36.858891 ], [ -121.815347, 36.858874 ], [ -121.815326, 36.858825 ], [ -121.815313, 36.858808 ], [ -121.815292, 36.858753 ], [ -121.815279, 36.858737 ], [ -121.815258, 36.858687 ], [ -121.815244, 36.858671 ], [ -121.815224, 36.858621 ], [ -121.81521, 36.858605 ], [ -121.815197, 36.858572 ], [ -121.815183, 36.858555 ], [ -121.815169, 36.858522 ], [ -121.815156, 36.858506 ], [ -121.815135, 36.858456 ], [ -121.815121, 36.85844 ], [ -121.815108, 36.858407 ], [ -121.815094, 36.858391 ], [ -121.815086, 36.858373 ], [ -121.815073, 36.858358 ], [ -121.81506, 36.858325 ], [ -121.815046, 36.858308 ], [ -121.815032, 36.858275 ], [ -121.815019, 36.858259 ], [ -121.815005, 36.858226 ], [ -121.814991, 36.858209 ], [ -121.814978, 36.858176 ], [ -121.814964, 36.85816 ], [ -121.81495, 36.858127 ], [ -121.814909, 36.858061 ], [ -121.814902, 36.858043 ], [ -121.814882, 36.858011 ], [ -121.814867, 36.857997 ], [ -121.814855, 36.857967 ], [ -121.814841, 36.857951 ], [ -121.814833, 36.857934 ], [ -121.81482, 36.857918 ], [ -121.814807, 36.857885 ], [ -121.814794, 36.85787 ], [ -121.814786, 36.857852 ], [ -121.814773, 36.857836 ], [ -121.814759, 36.857803 ], [ -121.814745, 36.857786 ], [ -121.814711, 36.85772 ], [ -121.814697, 36.857704 ], [ -121.81469, 36.857686 ], [ -121.814677, 36.857671 ], [ -121.814669, 36.857653 ], [ -121.814656, 36.857638 ], [ -121.814643, 36.857605 ], [ -121.81463, 36.857589 ], [ -121.814622, 36.857572 ], [ -121.814608, 36.857557 ], [ -121.814595, 36.857528 ], [ -121.814581, 36.857511 ], [ -121.814554, 36.857462 ], [ -121.81454, 36.857445 ], [ -121.814527, 36.857413 ], [ -121.814513, 36.857396 ], [ -121.814505, 36.857379 ], [ -121.814492, 36.857363 ], [ -121.814479, 36.85733 ], [ -121.814465, 36.857314 ], [ -121.814457, 36.857296 ], [ -121.814444, 36.857281 ], [ -121.814431, 36.857248 ], [ -121.814417, 36.857231 ], [ -121.814383, 36.857165 ], [ -121.81437, 36.85715 ], [ -121.814362, 36.857132 ], [ -121.814349, 36.857116 ], [ -121.81428, 36.856967 ], [ -121.814267, 36.856951 ], [ -121.814253, 36.856918 ], [ -121.814239, 36.856902 ], [ -121.814219, 36.856852 ], [ -121.814205, 36.856836 ], [ -121.814185, 36.856786 ], [ -121.814171, 36.85677 ], [ -121.81415, 36.85672 ], [ -121.814137, 36.856704 ], [ -121.814123, 36.856671 ], [ -121.814109, 36.856654 ], [ -121.814089, 36.856605 ], [ -121.814075, 36.856588 ], [ -121.814062, 36.856555 ], [ -121.814048, 36.856539 ], [ -121.814034, 36.856506 ], [ -121.814014, 36.856473 ], [ -121.814006, 36.856455 ], [ -121.813993, 36.85644 ], [ -121.813966, 36.85639 ], [ -121.813952, 36.856374 ], [ -121.813925, 36.856325 ], [ -121.813877, 36.856264 ], [ -121.813869, 36.856247 ], [ -121.813795, 36.856154 ], [ -121.813787, 36.856137 ], [ -121.813761, 36.85611 ], [ -121.813753, 36.856093 ], [ -121.813728, 36.856062 ], [ -121.813698, 36.856016 ], [ -121.813685, 36.856 ], [ -121.813678, 36.855982 ], [ -121.813665, 36.855967 ], [ -121.813651, 36.855934 ], [ -121.813638, 36.855918 ], [ -121.81363, 36.8559 ], [ -121.813617, 36.855885 ], [ -121.813583, 36.855819 ], [ -121.81357, 36.855804 ], [ -121.813562, 36.855786 ], [ -121.813549, 36.85577 ], [ -121.813541, 36.855752 ], [ -121.813528, 36.855737 ], [ -121.813516, 36.855707 ], [ -121.813501, 36.855693 ], [ -121.813493, 36.855675 ], [ -121.81348, 36.85566 ], [ -121.813467, 36.855627 ], [ -121.813453, 36.85561 ], [ -121.813445, 36.855593 ], [ -121.813432, 36.855577 ], [ -121.813419, 36.855544 ], [ -121.813406, 36.855529 ], [ -121.813398, 36.855511 ], [ -121.813385, 36.855495 ], [ -121.813371, 36.855462 ], [ -121.813357, 36.855445 ], [ -121.813344, 36.855412 ], [ -121.81333, 36.855396 ], [ -121.813322, 36.855378 ], [ -121.813309, 36.855363 ], [ -121.813296, 36.85533 ], [ -121.813283, 36.855315 ], [ -121.813275, 36.855297 ], [ -121.813262, 36.855281 ], [ -121.813248, 36.855248 ], [ -121.813234, 36.855231 ], [ -121.813221, 36.855198 ], [ -121.813207, 36.855182 ], [ -121.813199, 36.855164 ], [ -121.813186, 36.855149 ], [ -121.813173, 36.855116 ], [ -121.813159, 36.855099 ], [ -121.813125, 36.855039 ], [ -121.813111, 36.855022 ], [ -121.813098, 36.854989 ], [ -121.813084, 36.854973 ], [ -121.81307, 36.85494 ], [ -121.813056, 36.854923 ], [ -121.813049, 36.854905 ], [ -121.813036, 36.85489 ], [ -121.813022, 36.854858 ], [ -121.812981, 36.854793 ], [ -121.812974, 36.854775 ], [ -121.812961, 36.854759 ], [ -121.812953, 36.854741 ], [ -121.81294, 36.854726 ], [ -121.812927, 36.854693 ], [ -121.812913, 36.854676 ], [ -121.812905, 36.854659 ], [ -121.812892, 36.854643 ], [ -121.812879, 36.85461 ], [ -121.812865, 36.854594 ], [ -121.812857, 36.854576 ], [ -121.812844, 36.854561 ], [ -121.812831, 36.854533 ], [ -121.812818, 36.854518 ], [ -121.81281, 36.8545 ], [ -121.812797, 36.854484 ], [ -121.812789, 36.854466 ], [ -121.812776, 36.854451 ], [ -121.812762, 36.854418 ], [ -121.812708, 36.854336 ], [ -121.8127, 36.854318 ], [ -121.812687, 36.854303 ], [ -121.812674, 36.85427 ], [ -121.812661, 36.854254 ], [ -121.812632, 36.854208 ], [ -121.812605, 36.854176 ], [ -121.812585, 36.854143 ], [ -121.812537, 36.854083 ], [ -121.812509, 36.854055 ], [ -121.812496, 36.854039 ], [ -121.812488, 36.854021 ], [ -121.812462, 36.853995 ], [ -121.812387, 36.853903 ], [ -121.812358, 36.853856 ], [ -121.812345, 36.853841 ], [ -121.812332, 36.853808 ], [ -121.812318, 36.853792 ], [ -121.812298, 36.853742 ], [ -121.812284, 36.853726 ], [ -121.812222, 36.853572 ], [ -121.812202, 36.853539 ], [ -121.812181, 36.853484 ], [ -121.812161, 36.853451 ], [ -121.812153, 36.853433 ], [ -121.81214, 36.853418 ], [ -121.812128, 36.853388 ], [ -121.812113, 36.853374 ], [ -121.812105, 36.853356 ], [ -121.812092, 36.853341 ], [ -121.812085, 36.853323 ], [ -121.812072, 36.853308 ], [ -121.812064, 36.85329 ], [ -121.812051, 36.853275 ], [ -121.812044, 36.853257 ], [ -121.812031, 36.853242 ], [ -121.812023, 36.853225 ], [ -121.811963, 36.853149 ], [ -121.811955, 36.853131 ], [ -121.811894, 36.853055 ], [ -121.811886, 36.853038 ], [ -121.811792, 36.85294 ], [ -121.811751, 36.852896 ], [ -121.81173, 36.852885 ], [ -121.811607, 36.852758 ], [ -121.810469, 36.850671 ] ] } },
{ "type": "Feature", "properties": { }, "geometry": { "type": "LineString", "coordinates": [ [ -122.336038, 37.108785 ], [ -122.335942, 37.108763 ], [ -122.33586, 37.10872 ], [ -122.335757, 37.108621 ], [ -122.335693, 37.108458 ], [ -122.33564, 37.108324 ], [ -122.335578, 37.108236 ], [ -122.335434, 37.108143 ], [ -122.335331, 37.108049 ], [ -122.335304, 37.108 ], [ -122.335242, 37.10795 ], [ -122.335071, 37.107698 ], [ -122.335043, 37.107511 ], [ -122.335105, 37.107445 ], [ -122.335304, 37.10734 ], [ -122.335304, 37.107307 ], [ -122.335221, 37.107214 ], [ -122.335221, 37.107115 ], [ -122.335297, 37.107055 ], [ -122.335503, 37.106983 ], [ -122.335647, 37.106961 ], [ -122.335689, 37.10699 ], [ -122.335743, 37.107027 ], [ -122.335798, 37.107137 ], [ -122.335832, 37.107335 ], [ -122.335914, 37.107555 ], [ -122.336038, 37.10767 ], [ -122.336141, 37.10773 ], [ -122.336347, 37.107791 ], [ -122.33669, 37.107763 ], [ -122.336861, 37.107714 ], [ -122.336916, 37.107681 ], [ -122.33695, 37.107532 ], [ -122.336985, 37.107466 ], [ -122.337046, 37.10745 ], [ -122.337211, 37.10745 ], [ -122.337417, 37.107357 ], [ -122.337499, 37.107395 ], [ -122.337582, 37.10751 ], [ -122.337588, 37.107571 ], [ -122.337787, 37.107648 ], [ -122.33789, 37.107741 ], [ -122.33789, 37.107834 ], [ -122.337842, 37.10795 ], [ -122.337685, 37.108076 ], [ -122.337527, 37.10817 ], [ -122.337534, 37.10823 ], [ -122.337568, 37.108258 ], [ -122.337644, 37.108236 ], [ -122.337746, 37.108131 ], [ -122.337966, 37.108049 ], [ -122.338028, 37.107999 ], [ -122.338089, 37.108005 ], [ -122.33809, 37.108137 ], [ -122.338048, 37.108252 ], [ -122.337891, 37.108395 ], [ -122.337767, 37.108455 ], [ -122.337541, 37.108472 ], [ -122.337513, 37.10851 ], [ -122.337685, 37.108587 ], [ -122.337651, 37.108692 ], [ -122.337657, 37.108785 ], [ -122.337733, 37.108835 ], [ -122.337932, 37.108835 ], [ -122.337959, 37.108824 ], [ -122.337987, 37.108708 ], [ -122.338076, 37.108653 ], [ -122.338206, 37.108686 ], [ -122.338584, 37.10884 ], [ -122.338721, 37.108922 ], [ -122.33892, 37.108999 ], [ -122.339057, 37.109104 ], [ -122.339071, 37.10917 ], [ -122.338748, 37.109181 ], [ -122.338577, 37.109164 ], [ -122.338495, 37.109192 ], [ -122.338515, 37.109258 ], [ -122.338556, 37.109302 ], [ -122.338556, 37.109422 ], [ -122.338495, 37.109488 ], [ -122.338389, 37.109538 ], [ -122.338344, 37.10956 ], [ -122.338138, 37.109587 ], [ -122.337946, 37.109648 ], [ -122.337815, 37.109642 ], [ -122.337562, 37.109604 ], [ -122.337479, 37.109565 ], [ -122.33739, 37.109483 ], [ -122.337218, 37.109236 ], [ -122.33715, 37.108983 ], [ -122.337102, 37.108923 ], [ -122.337026, 37.10889 ], [ -122.336704, 37.108824 ], [ -122.336484, 37.108763 ], [ -122.336038, 37.108785 ] ] } },
{ "type": "Feature", "properties": { }, "geometry": { "type": "LineString", "coordinates": [ [ -122.292952, 37.107352 ], [ -122.293103, 37.107389 ], [ -122.293446, 37.107631 ], [ -122.293805, 37.107943 ], [ -122.294002, 37.108115 ], [ -122.294057, 37.108181 ], [ -122.294427, 37.108489 ], [ -122.294578, 37.108692 ], [ -122.294873, 37.108972 ], [ -122.29514, 37.109324 ], [ -122.295504, 37.109582 ], [ -122.296063, 37.110125 ], [ -122.296245, 37.110302 ], [ -122.296334, 37.110418 ], [ -122.296608, 37.110648 ], [ -122.296739, 37.110912 ], [ -122.297013, 37.111094 ], [ -122.297377, 37.111264 ], [ -122.297706, 37.111441 ], [ -122.297754, 37.111467 ], [ -122.298145, 37.111759 ], [ -122.298303, 37.111835 ], [ -122.298467, 37.111973 ], [ -122.29857, 37.112127 ], [ -122.298653, 37.112182 ], [ -122.298735, 37.112182 ], [ -122.298865, 37.112132 ], [ -122.298941, 37.11205 ], [ -122.299016, 37.112017 ], [ -122.299311, 37.112094 ], [ -122.299805, 37.11233 ], [ -122.30047, 37.112824 ], [ -122.30056, 37.112891 ], [ -122.300821, 37.112979 ], [ -122.300951, 37.113006 ], [ -122.301136, 37.113067 ], [ -122.301198, 37.113138 ], [ -122.301225, 37.113215 ], [ -122.301218, 37.113429 ], [ -122.301493, 37.113402 ], [ -122.30174, 37.113484 ], [ -122.302332, 37.113759 ], [ -122.30244, 37.113809 ], [ -122.302906, 37.114105 ], [ -122.303091, 37.114199 ], [ -122.303455, 37.114496 ], [ -122.303503, 37.114562 ], [ -122.303572, 37.114748 ], [ -122.303654, 37.114798 ], [ -122.303805, 37.114842 ], [ -122.303976, 37.114946 ], [ -122.304148, 37.115095 ], [ -122.30447, 37.115089 ], [ -122.304717, 37.115133 ], [ -122.304951, 37.115287 ], [ -122.305225, 37.115386 ], [ -122.305328, 37.115446 ], [ -122.305438, 37.115562 ], [ -122.305609, 37.115903 ], [ -122.305664, 37.116062 ], [ -122.306, 37.116403 ], [ -122.306062, 37.116425 ], [ -122.30633, 37.116436 ], [ -122.306508, 37.116463 ], [ -122.307043, 37.116496 ], [ -122.307318, 37.116535 ], [ -122.307613, 37.116655 ], [ -122.307956, 37.116897 ], [ -122.308168, 37.117024 ], [ -122.308402, 37.117112 ], [ -122.308862, 37.117167 ], [ -122.309115, 37.117227 ], [ -122.309259, 37.117282 ], [ -122.309671, 37.117375 ], [ -122.310193, 37.117447 ], [ -122.310447, 37.117535 ], [ -122.31057, 37.117601 ], [ -122.310906, 37.117716 ], [ -122.311297, 37.117815 ], [ -122.311332, 37.117848 ], [ -122.311572, 37.117925 ], [ -122.311977, 37.11798 ], [ -122.312539, 37.117925 ], [ -122.312875, 37.117953 ], [ -122.313047, 37.11804 ], [ -122.313967, 37.117997 ], [ -122.31409, 37.117947 ], [ -122.314015, 37.117766 ], [ -122.314001, 37.117667 ], [ -122.314021, 37.117557 ], [ -122.314117, 37.117485 ], [ -122.314234, 37.117469 ], [ -122.314433, 37.117617 ], [ -122.314522, 37.117634 ], [ -122.31457, 37.117623 ], [ -122.314632, 37.117562 ], [ -122.314625, 37.117233 ], [ -122.314708, 37.117029 ], [ -122.314742, 37.116815 ], [ -122.314797, 37.116744 ], [ -122.314982, 37.116656 ], [ -122.315181, 37.116518 ], [ -122.315263, 37.116403 ], [ -122.315353, 37.116288 ], [ -122.315613, 37.116238 ], [ -122.315634, 37.116255 ], [ -122.315627, 37.116376 ], [ -122.315558, 37.116496 ], [ -122.315346, 37.1167 ], [ -122.315229, 37.116766 ], [ -122.315229, 37.116793 ], [ -122.315401, 37.116985 ], [ -122.315606, 37.117068 ], [ -122.315682, 37.117068 ], [ -122.316039, 37.116953 ], [ -122.316162, 37.116953 ], [ -122.316615, 37.117095 ], [ -122.316718, 37.117139 ], [ -122.31678, 37.117139 ], [ -122.317137, 37.117068 ], [ -122.317329, 37.117068 ], [ -122.317596, 37.117183 ], [ -122.317747, 37.117178 ], [ -122.31783, 37.11715 ], [ -122.317919, 37.117046 ], [ -122.317939, 37.116953 ], [ -122.318008, 37.116854 ], [ -122.318186, 37.116837 ], [ -122.318234, 37.116854 ], [ -122.318324, 37.11693 ], [ -122.318358, 37.116996 ], [ -122.318434, 37.117051 ], [ -122.318536, 37.117007 ], [ -122.318584, 37.116876 ], [ -122.318639, 37.116832 ], [ -122.318873, 37.116777 ], [ -122.318955, 37.116716 ], [ -122.319037, 37.116601 ], [ -122.319271, 37.116524 ], [ -122.319305, 37.116452 ], [ -122.319291, 37.116364 ], [ -122.319326, 37.116321 ], [ -122.31947, 37.116299 ], [ -122.319531, 37.116238 ], [ -122.31947, 37.116145 ], [ -122.319408, 37.116101 ], [ -122.319401, 37.115952 ], [ -122.319463, 37.115908 ], [ -122.319504, 37.115903 ], [ -122.319586, 37.115897 ], [ -122.31973, 37.115919 ], [ -122.319861, 37.115947 ], [ -122.320156, 37.115941 ], [ -122.320554, 37.115864 ], [ -122.320876, 37.115963 ], [ -122.321542, 37.115941 ], [ -122.322454, 37.115732 ], [ -122.322537, 37.115666 ], [ -122.322722, 37.115579 ], [ -122.322852, 37.115557 ], [ -122.322935, 37.115496 ], [ -122.323003, 37.115397 ], [ -122.323182, 37.115216 ], [ -122.323346, 37.115112 ], [ -122.323525, 37.115084 ], [ -122.323676, 37.115002 ], [ -122.323724, 37.114936 ], [ -122.323765, 37.114776 ], [ -122.323854, 37.114639 ], [ -122.323964, 37.114584 ], [ -122.324053, 37.114578 ], [ -122.324128, 37.114655 ], [ -122.324259, 37.114732 ], [ -122.324423, 37.114694 ], [ -122.324581, 37.114633 ], [ -122.324725, 37.114595 ], [ -122.324959, 37.114512 ], [ -122.325309, 37.114342 ], [ -122.32524, 37.114276 ], [ -122.325247, 37.114205 ], [ -122.325473, 37.114128 ], [ -122.32572, 37.114034 ], [ -122.325885, 37.113908 ], [ -122.326104, 37.113705 ], [ -122.326386, 37.1136 ], [ -122.326653, 37.113523 ], [ -122.32701, 37.113441 ], [ -122.32723, 37.113364 ], [ -122.327429, 37.113331 ], [ -122.327641, 37.113287 ], [ -122.32795, 37.113138 ], [ -122.328218, 37.112952 ], [ -122.328423, 37.11277 ], [ -122.328657, 37.112594 ], [ -122.328856, 37.112473 ], [ -122.32902, 37.112347 ], [ -122.329308, 37.11227 ], [ -122.329459, 37.112276 ], [ -122.329521, 37.112336 ], [ -122.329521, 37.112506 ], [ -122.329473, 37.113045 ], [ -122.329556, 37.113342 ], [ -122.329604, 37.113765 ], [ -122.3297, 37.113968 ], [ -122.329919, 37.114298 ], [ -122.330112, 37.114611 ], [ -122.330153, 37.114787 ], [ -122.33018, 37.114869 ], [ -122.330345, 37.115017 ], [ -122.330654, 37.115342 ], [ -122.330798, 37.11555 ], [ -122.331004, 37.115864 ], [ -122.331203, 37.116078 ], [ -122.331429, 37.116358 ], [ -122.331663, 37.116578 ], [ -122.331855, 37.116737 ], [ -122.332026, 37.116907 ], [ -122.332768, 37.117259 ], [ -122.333145, 37.117325 ], [ -122.333646, 37.117446 ], [ -122.333865, 37.117583 ], [ -122.33403, 37.117567 ], [ -122.334188, 37.117654 ], [ -122.334401, 37.117742 ], [ -122.334607, 37.117775 ], [ -122.334757, 37.117753 ], [ -122.334819, 37.117731 ], [ -122.335203, 37.117698 ], [ -122.335533, 37.117605 ], [ -122.335718, 37.117429 ], [ -122.335807, 37.117401 ], [ -122.335992, 37.117385 ], [ -122.336205, 37.117352 ], [ -122.336322, 37.117264 ], [ -122.33661, 37.117192 ], [ -122.336768, 37.117116 ], [ -122.336884, 37.11711 ], [ -122.336953, 37.117187 ], [ -122.337056, 37.117335 ], [ -122.337159, 37.117434 ], [ -122.337406, 37.11761 ], [ -122.337454, 37.117648 ], [ -122.337626, 37.118082 ], [ -122.33766, 37.118302 ], [ -122.337976, 37.118819 ], [ -122.338038, 37.119049 ], [ -122.338106, 37.119132 ], [ -122.338134, 37.119203 ], [ -122.338251, 37.119385 ], [ -122.338264, 37.119478 ], [ -122.338223, 37.119709 ], [ -122.338189, 37.119791 ], [ -122.338196, 37.119934 ], [ -122.338265, 37.120121 ], [ -122.338477, 37.120473 ], [ -122.338649, 37.12067 ], [ -122.338875, 37.120863 ], [ -122.338978, 37.120901 ], [ -122.339212, 37.120863 ], [ -122.339424, 37.120923 ], [ -122.339418, 37.121005 ], [ -122.339383, 37.12106 ], [ -122.339191, 37.121093 ], [ -122.338834, 37.121209 ], [ -122.33878, 37.121258 ], [ -122.338581, 37.121835 ], [ -122.338437, 37.122341 ], [ -122.338354, 37.12255 ], [ -122.338087, 37.123676 ], [ -122.338066, 37.123709 ], [ -122.338053, 37.123846 ], [ -122.338005, 37.123967 ], [ -122.337943, 37.12422 ], [ -122.337868, 37.124418 ], [ -122.337827, 37.12461 ], [ -122.337758, 37.124819 ], [ -122.337753, 37.124946 ], [ -122.33776, 37.125286 ], [ -122.337684, 37.125731 ], [ -122.337623, 37.126149 ], [ -122.33765, 37.126665 ], [ -122.337651, 37.126951 ], [ -122.337548, 37.1276 ], [ -122.337452, 37.127913 ], [ -122.33737, 37.128501 ], [ -122.337315, 37.128754 ], [ -122.337322, 37.129193 ], [ -122.337342, 37.129309 ], [ -122.337349, 37.129611 ], [ -122.337315, 37.129825 ], [ -122.337157, 37.130303 ], [ -122.337164, 37.130474 ], [ -122.337206, 37.130666 ], [ -122.337171, 37.130864 ], [ -122.337165, 37.131051 ], [ -122.337165, 37.131259 ], [ -122.33722, 37.131468 ], [ -122.337268, 37.131627 ], [ -122.337508, 37.131699 ], [ -122.337645, 37.131781 ], [ -122.337631, 37.131875 ], [ -122.33768, 37.131935 ], [ -122.337707, 37.132061 ], [ -122.337762, 37.13216 ], [ -122.337728, 37.132287 ], [ -122.337604, 37.132413 ], [ -122.337522, 37.132397 ], [ -122.33744, 37.132485 ], [ -122.337522, 37.132567 ], [ -122.337577, 37.132666 ], [ -122.337659, 37.132677 ], [ -122.337488, 37.13293 ], [ -122.337378, 37.133182 ], [ -122.337378, 37.133518 ], [ -122.337433, 37.133864 ], [ -122.337399, 37.134073 ], [ -122.337467, 37.134161 ], [ -122.337509, 37.134254 ], [ -122.337667, 37.134441 ], [ -122.337735, 37.134595 ], [ -122.337763, 37.134842 ], [ -122.337849, 37.13505 ], [ -122.337874, 37.135213 ], [ -122.337948, 37.135364 ], [ -122.337983, 37.135501 ], [ -122.338015, 37.135687 ], [ -122.338017, 37.135699 ], [ -122.338106, 37.135825 ], [ -122.338195, 37.135985 ], [ -122.338278, 37.136188 ], [ -122.33847, 37.13643 ], [ -122.338573, 37.136605 ], [ -122.338793, 37.136875 ], [ -122.338848, 37.136985 ], [ -122.339342, 37.137534 ], [ -122.339877, 37.138075 ], [ -122.340043, 37.138243 ], [ -122.340248, 37.138369 ], [ -122.34031, 37.138451 ], [ -122.340482, 37.138506 ], [ -122.340605, 37.138578 ], [ -122.340894, 37.138759 ], [ -122.341271, 37.138951 ], [ -122.341457, 37.13905 ], [ -122.3418, 37.13927 ], [ -122.342013, 37.13938 ], [ -122.342205, 37.139506 ], [ -122.34226, 37.13955 ], [ -122.342432, 37.139643 ], [ -122.342583, 37.139825 ], [ -122.34296, 37.140204 ], [ -122.342988, 37.140259 ], [ -122.343173, 37.140445 ], [ -122.343235, 37.140544 ], [ -122.343242, 37.140605 ], [ -122.343304, 37.140709 ], [ -122.343455, 37.140929 ], [ -122.343544, 37.141044 ], [ -122.343585, 37.141149 ], [ -122.343537, 37.141572 ], [ -122.343469, 37.141885 ], [ -122.343462, 37.142193 ], [ -122.343407, 37.142495 ], [ -122.343483, 37.142846 ], [ -122.34349, 37.14305 ], [ -122.343716, 37.143281 ], [ -122.343902, 37.143654 ], [ -122.343991, 37.143918 ], [ -122.344252, 37.144154 ], [ -122.344534, 37.144302 ], [ -122.344633, 37.144339 ], [ -122.345055, 37.1445 ], [ -122.345206, 37.144615 ], [ -122.345598, 37.145099 ], [ -122.345811, 37.145269 ], [ -122.346415, 37.145604 ], [ -122.346594, 37.145643 ], [ -122.346642, 37.145676 ], [ -122.346868, 37.14573 ], [ -122.347053, 37.145747 ], [ -122.34798, 37.145675 ], [ -122.348001, 37.145659 ], [ -122.34936, 37.145554 ], [ -122.349641, 37.145449 ], [ -122.349991, 37.145356 ], [ -122.349991, 37.145257 ], [ -122.349936, 37.145109 ], [ -122.350266, 37.145186 ], [ -122.350355, 37.145158 ], [ -122.350581, 37.145218 ], [ -122.350883, 37.145196 ], [ -122.351048, 37.145273 ], [ -122.351192, 37.145388 ], [ -122.35109, 37.145531 ], [ -122.351254, 37.145647 ], [ -122.351378, 37.145614 ], [ -122.351405, 37.145471 ], [ -122.351522, 37.145245 ], [ -122.351707, 37.145273 ], [ -122.351803, 37.145284 ], [ -122.351906, 37.145322 ], [ -122.352037, 37.145405 ], [ -122.352147, 37.145542 ], [ -122.352236, 37.145855 ], [ -122.351948, 37.145877 ], [ -122.351721, 37.145855 ], [ -122.35157, 37.145921 ], [ -122.351419, 37.146064 ], [ -122.351378, 37.146086 ], [ -122.351351, 37.146191 ], [ -122.351351, 37.146276 ], [ -122.351351, 37.146323 ], [ -122.351447, 37.146504 ], [ -122.351481, 37.146559 ], [ -122.351735, 37.146806 ], [ -122.351955, 37.146943 ], [ -122.352092, 37.146976 ], [ -122.352264, 37.146965 ], [ -122.352401, 37.146905 ], [ -122.35249, 37.146828 ], [ -122.352614, 37.146789 ], [ -122.352751, 37.146778 ], [ -122.352916, 37.146696 ], [ -122.353149, 37.146646 ], [ -122.353307, 37.146646 ], [ -122.353396, 37.146685 ], [ -122.353499, 37.146761 ], [ -122.353699, 37.146855 ], [ -122.353795, 37.14702 ], [ -122.353795, 37.14708 ], [ -122.353843, 37.14713 ], [ -122.353953, 37.147102 ], [ -122.35396, 37.147069 ], [ -122.353994, 37.147053 ], [ -122.354021, 37.146976 ], [ -122.354111, 37.146915 ], [ -122.354323, 37.146855 ], [ -122.354522, 37.147019 ], [ -122.354914, 37.147376 ], [ -122.355175, 37.14753 ], [ -122.355374, 37.147717 ], [ -122.355524, 37.147766 ], [ -122.355532, 37.147783 ], [ -122.355566, 37.147799 ], [ -122.355621, 37.147838 ], [ -122.355676, 37.147909 ], [ -122.355676, 37.147981 ], [ -122.355312, 37.147959 ], [ -122.355182, 37.147992 ], [ -122.355113, 37.148074 ], [ -122.355113, 37.148217 ], [ -122.355168, 37.148316 ], [ -122.355258, 37.148387 ], [ -122.355484, 37.148459 ], [ -122.355649, 37.148552 ], [ -122.355546, 37.14875 ], [ -122.355629, 37.148937 ], [ -122.355663, 37.149069 ], [ -122.355718, 37.149112 ], [ -122.355787, 37.149134 ], [ -122.355917, 37.149123 ], [ -122.356006, 37.14909 ], [ -122.35624, 37.149118 ], [ -122.356377, 37.149101 ], [ -122.356466, 37.149041 ], [ -122.356521, 37.148958 ], [ -122.356583, 37.148936 ], [ -122.356741, 37.148936 ], [ -122.35696, 37.148986 ], [ -122.357345, 37.149112 ], [ -122.357983, 37.149375 ], [ -122.358258, 37.149254 ], [ -122.358526, 37.149309 ], [ -122.358766, 37.149463 ], [ -122.35926, 37.149617 ], [ -122.359439, 37.149716 ], [ -122.359549, 37.149743 ], [ -122.359665, 37.149732 ], [ -122.359803, 37.149595 ], [ -122.359947, 37.149617 ], [ -122.360009, 37.1496 ], [ -122.360043, 37.149551 ], [ -122.360036, 37.149435 ], [ -122.360105, 37.149397 ], [ -122.360036, 37.149144 ], [ -122.360084, 37.149116 ], [ -122.360338, 37.149276 ], [ -122.360626, 37.149407 ], [ -122.360654, 37.149567 ], [ -122.36088, 37.14966 ], [ -122.360915, 37.149902 ], [ -122.361197, 37.150149 ], [ -122.360943, 37.150182 ], [ -122.360819, 37.150144 ], [ -122.360682, 37.15021 ], [ -122.360297, 37.150342 ], [ -122.360133, 37.150457 ], [ -122.359906, 37.150671 ], [ -122.359701, 37.151018 ], [ -122.359673, 37.151172 ], [ -122.359673, 37.151298 ], [ -122.359647, 37.152848 ], [ -122.359702, 37.153007 ], [ -122.359942, 37.153413 ], [ -122.359977, 37.153721 ], [ -122.35997, 37.154045 ], [ -122.35997, 37.154397 ], [ -122.360012, 37.154721 ], [ -122.36006, 37.15571 ], [ -122.360198, 37.156221 ], [ -122.360267, 37.156518 ], [ -122.360294, 37.156771 ], [ -122.360384, 37.157106 ], [ -122.360549, 37.157326 ], [ -122.360652, 37.15751 ], [ -122.360782, 37.157743 ], [ -122.360858, 37.157974 ], [ -122.360927, 37.1581 ], [ -122.360975, 37.158298 ], [ -122.360968, 37.158391 ], [ -122.360755, 37.15854 ], [ -122.360762, 37.158606 ], [ -122.360955, 37.15882 ], [ -122.361092, 37.159051 ], [ -122.36114, 37.159205 ], [ -122.361196, 37.16038 ], [ -122.361237, 37.16054 ], [ -122.361251, 37.160644 ], [ -122.36134, 37.160919 ], [ -122.361533, 37.161232 ], [ -122.361657, 37.161567 ], [ -122.361705, 37.161809 ], [ -122.361842, 37.162106 ], [ -122.361911, 37.16238 ], [ -122.361904, 37.162605 ], [ -122.361959, 37.162737 ], [ -122.362173, 37.163331 ], [ -122.362221, 37.163567 ], [ -122.362276, 37.163748 ], [ -122.36256, 37.164352 ], [ -122.362647, 37.164536 ], [ -122.362668, 37.164578 ], [ -122.362687, 37.16462 ], [ -122.362757, 37.16477 ], [ -122.362867, 37.164979 ], [ -122.363349, 37.16633 ], [ -122.363486, 37.166523 ], [ -122.363747, 37.16716 ], [ -122.36396, 37.167534 ], [ -122.364256, 37.168011 ], [ -122.364373, 37.168165 ], [ -122.364428, 37.168209 ], [ -122.364414, 37.16833 ], [ -122.364586, 37.168347 ], [ -122.36462, 37.16839 ], [ -122.364627, 37.168506 ], [ -122.364668, 37.168539 ], [ -122.364744, 37.168561 ], [ -122.364833, 37.168561 ], [ -122.364888, 37.168583 ], [ -122.364881, 37.168654 ], [ -122.364772, 37.168808 ], [ -122.365081, 37.169412 ], [ -122.365157, 37.169533 ], [ -122.365315, 37.169868 ], [ -122.365349, 37.17 ], [ -122.365459, 37.170154 ], [ -122.365557, 37.17025 ], [ -122.365638, 37.17033 ], [ -122.365796, 37.170511 ], [ -122.365878, 37.170626 ], [ -122.366036, 37.170725 ], [ -122.366139, 37.170818 ], [ -122.366345, 37.171022 ], [ -122.366552, 37.17128 ], [ -122.366641, 37.171434 ], [ -122.366806, 37.171642 ], [ -122.366895, 37.171725 ], [ -122.366943, 37.171802 ], [ -122.367053, 37.171939 ], [ -122.367122, 37.171934 ], [ -122.367294, 37.171862 ], [ -122.367335, 37.171867 ], [ -122.367355, 37.171906 ], [ -122.367232, 37.172005 ], [ -122.367177, 37.17206 ], [ -122.367211, 37.172131 ], [ -122.367239, 37.172285 ], [ -122.367356, 37.172417 ], [ -122.367397, 37.172516 ], [ -122.367473, 37.17262 ], [ -122.367596, 37.172697 ], [ -122.367624, 37.172791 ], [ -122.367617, 37.172884 ], [ -122.367803, 37.172906 ], [ -122.367837, 37.172928 ], [ -122.367988, 37.172988 ], [ -122.368318, 37.173208 ], [ -122.368483, 37.173334 ], [ -122.368654, 37.173416 ], [ -122.368785, 37.173444 ], [ -122.369059, 37.173493 ], [ -122.369231, 37.173515 ], [ -122.369348, 37.173592 ], [ -122.369417, 37.173559 ], [ -122.369506, 37.173559 ], [ -122.369588, 37.173537 ], [ -122.369746, 37.173559 ], [ -122.369822, 37.173476 ], [ -122.369815, 37.173405 ], [ -122.369726, 37.17335 ], [ -122.369801, 37.173295 ], [ -122.369849, 37.17335 ], [ -122.370048, 37.173515 ], [ -122.370158, 37.173509 ], [ -122.370248, 37.173537 ], [ -122.370261, 37.173559 ], [ -122.370151, 37.173581 ], [ -122.36987, 37.173625 ], [ -122.369946, 37.173702 ], [ -122.36998, 37.173779 ], [ -122.370069, 37.173828 ], [ -122.370145, 37.173855 ], [ -122.370248, 37.173861 ], [ -122.370351, 37.173993 ], [ -122.370413, 37.174031 ], [ -122.370502, 37.174102 ], [ -122.370571, 37.17413 ], [ -122.370626, 37.174168 ], [ -122.370811, 37.174152 ], [ -122.37088, 37.17408 ], [ -122.370941, 37.17408 ], [ -122.370976, 37.174163 ], [ -122.371031, 37.174251 ], [ -122.371079, 37.174289 ], [ -122.371148, 37.174294 ], [ -122.371189, 37.174366 ], [ -122.371203, 37.174443 ], [ -122.371258, 37.174421 ], [ -122.371244, 37.174492 ], [ -122.371264, 37.174542 ], [ -122.371347, 37.174586 ], [ -122.371265, 37.174641 ], [ -122.371299, 37.174767 ], [ -122.371423, 37.174882 ], [ -122.371567, 37.174992 ], [ -122.371656, 37.175047 ], [ -122.371739, 37.175058 ], [ -122.371794, 37.17514 ], [ -122.371883, 37.175256 ], [ -122.371835, 37.175311 ], [ -122.371835, 37.175393 ], [ -122.371945, 37.175442 ], [ -122.372, 37.175547 ], [ -122.372082, 37.175635 ], [ -122.37233, 37.17569 ], [ -122.372405, 37.175755 ], [ -122.372563, 37.175772 ], [ -122.372632, 37.175827 ], [ -122.372666, 37.175882 ], [ -122.372639, 37.175981 ], [ -122.372742, 37.176047 ], [ -122.372811, 37.176063 ], [ -122.372914, 37.176074 ], [ -122.373092, 37.176074 ], [ -122.373168, 37.176019 ], [ -122.373237, 37.176063 ], [ -122.373381, 37.17609 ], [ -122.373429, 37.176118 ], [ -122.373381, 37.176156 ], [ -122.373216, 37.176162 ], [ -122.373216, 37.1762 ], [ -122.373154, 37.176228 ], [ -122.373065, 37.176255 ], [ -122.373065, 37.176288 ], [ -122.373079, 37.176332 ], [ -122.37312, 37.176382 ], [ -122.373017, 37.176398 ], [ -122.373031, 37.176481 ], [ -122.373065, 37.176535 ], [ -122.373189, 37.176695 ], [ -122.373223, 37.176788 ], [ -122.373601, 37.177052 ], [ -122.373849, 37.177249 ], [ -122.374172, 37.177755 ], [ -122.37435, 37.177876 ], [ -122.374426, 37.17798 ], [ -122.374804, 37.178309 ], [ -122.374976, 37.178436 ], [ -122.375079, 37.178535 ], [ -122.375141, 37.178535 ], [ -122.375333, 37.178496 ], [ -122.375505, 37.178534 ], [ -122.375745, 37.178749 ], [ -122.375889, 37.17882 ], [ -122.375999, 37.17877 ], [ -122.376088, 37.178759 ], [ -122.376267, 37.178868 ], [ -122.376274, 37.179028 ], [ -122.376212, 37.179165 ], [ -122.376212, 37.179264 ], [ -122.37626, 37.179324 ], [ -122.376432, 37.179462 ], [ -122.376555, 37.179533 ], [ -122.376624, 37.179574 ], [ -122.376692, 37.179616 ], [ -122.377186, 37.179895 ], [ -122.377276, 37.179946 ], [ -122.37742, 37.18005 ], [ -122.377447, 37.180094 ], [ -122.37766, 37.180232 ], [ -122.377715, 37.180314 ], [ -122.377736, 37.180457 ], [ -122.377777, 37.180534 ], [ -122.3779, 37.180617 ], [ -122.378079, 37.180595 ], [ -122.378271, 37.180633 ], [ -122.378415, 37.180639 ], [ -122.378511, 37.18071 ], [ -122.378587, 37.180804 ], [ -122.378655, 37.180831 ], [ -122.378903, 37.180875 ], [ -122.378999, 37.180958 ], [ -122.378999, 37.181024 ], [ -122.379136, 37.181189 ], [ -122.379191, 37.181222 ], [ -122.379369, 37.181271 ], [ -122.379479, 37.181255 ], [ -122.37952, 37.181222 ], [ -122.379534, 37.181107 ], [ -122.379692, 37.18114 ], [ -122.379974, 37.181118 ], [ -122.38005, 37.181115 ], [ -122.380125, 37.181112 ], [ -122.380379, 37.181107 ], [ -122.380716, 37.181025 ], [ -122.380805, 37.180981 ], [ -122.380805, 37.180898 ], [ -122.380833, 37.180827 ], [ -122.380881, 37.180788 ], [ -122.3811, 37.180756 ], [ -122.381183, 37.180767 ], [ -122.381231, 37.180805 ], [ -122.381224, 37.180827 ], [ -122.381073, 37.180942 ], [ -122.381073, 37.181003 ], [ -122.381327, 37.181124 ], [ -122.38156, 37.1813 ], [ -122.381828, 37.181399 ], [ -122.38191, 37.181454 ], [ -122.381903, 37.181503 ], [ -122.381848, 37.181575 ], [ -122.381848, 37.181635 ], [ -122.381937, 37.181707 ], [ -122.382082, 37.181762 ], [ -122.382274, 37.181899 ], [ -122.382418, 37.182048 ], [ -122.3825, 37.182163 ], [ -122.382596, 37.18224 ], [ -122.382768, 37.182289 ], [ -122.382898, 37.182312 ], [ -122.382945, 37.182303 ], [ -122.383111, 37.182273 ], [ -122.383256, 37.182279 ], [ -122.383352, 37.182317 ], [ -122.383448, 37.182395 ], [ -122.383626, 37.182422 ], [ -122.383709, 37.182477 ], [ -122.38386, 37.182449 ], [ -122.384032, 37.182389 ], [ -122.384141, 37.182422 ], [ -122.384155, 37.18245 ], [ -122.384224, 37.182526 ], [ -122.384416, 37.182647 ], [ -122.384711, 37.182752 ], [ -122.385006, 37.182857 ], [ -122.385103, 37.182955 ], [ -122.385267, 37.183043 ], [ -122.385432, 37.183088 ], [ -122.385487, 37.183082 ], [ -122.38572, 37.183203 ], [ -122.38605, 37.183181 ], [ -122.386105, 37.183231 ], [ -122.386139, 37.183324 ], [ -122.386208, 37.183368 ], [ -122.386496, 37.183275 ], [ -122.386558, 37.183319 ], [ -122.386558, 37.183341 ], [ -122.386647, 37.18344 ], [ -122.386716, 37.18344 ], [ -122.38686, 37.183385 ], [ -122.387176, 37.183231 ], [ -122.387369, 37.18327 ], [ -122.387492, 37.183347 ], [ -122.387643, 37.183341 ], [ -122.387719, 37.183319 ], [ -122.387925, 37.183188 ], [ -122.388172, 37.183166 ], [ -122.388268, 37.183199 ], [ -122.388323, 37.183193 ], [ -122.388344, 37.183133 ], [ -122.388296, 37.183083 ], [ -122.388289, 37.183023 ], [ -122.388392, 37.182973 ], [ -122.388635, 37.182935 ], [ -122.388667, 37.18293 ], [ -122.388983, 37.182908 ], [ -122.389086, 37.182952 ], [ -122.38912, 37.183018 ], [ -122.389175, 37.183051 ], [ -122.389251, 37.18304 ], [ -122.38934, 37.182897 ], [ -122.389539, 37.182908 ], [ -122.389608, 37.182864 ], [ -122.389683, 37.182815 ], [ -122.389745, 37.18282 ], [ -122.389779, 37.182969 ], [ -122.390143, 37.183123 ], [ -122.390445, 37.183287 ], [ -122.390569, 37.183315 ], [ -122.390727, 37.18326 ], [ -122.390734, 37.183183 ], [ -122.390624, 37.183062 ], [ -122.390652, 37.183018 ], [ -122.390775, 37.183007 ], [ -122.390947, 37.183073 ], [ -122.391022, 37.183079 ], [ -122.391105, 37.183035 ], [ -122.391119, 37.182997 ], [ -122.391064, 37.182958 ], [ -122.391071, 37.182909 ], [ -122.391139, 37.18287 ], [ -122.391242, 37.182898 ], [ -122.391304, 37.18303 ], [ -122.391338, 37.183068 ], [ -122.391524, 37.183156 ], [ -122.391716, 37.183206 ], [ -122.39184, 37.183173 ], [ -122.391929, 37.183085 ], [ -122.391963, 37.18298 ], [ -122.391984, 37.182788 ], [ -122.392012, 37.182706 ], [ -122.392087, 37.182695 ], [ -122.392266, 37.182733 ], [ -122.39252, 37.182645 ], [ -122.392547, 37.182536 ], [ -122.39252, 37.182503 ], [ -122.392341, 37.182453 ], [ -122.392341, 37.182393 ], [ -122.392458, 37.182349 ], [ -122.392465, 37.182277 ], [ -122.392431, 37.182239 ], [ -122.392273, 37.182167 ], [ -122.392266, 37.182118 ], [ -122.392465, 37.182036 ], [ -122.392589, 37.181953 ], [ -122.392616, 37.181876 ], [ -122.392728, 37.181758 ], [ -122.392809, 37.181673 ], [ -122.392919, 37.181667 ], [ -122.392967, 37.181695 ], [ -122.392987, 37.181772 ], [ -122.393049, 37.181838 ], [ -122.3932, 37.181865 ], [ -122.393338, 37.181838 ], [ -122.393482, 37.181761 ], [ -122.393523, 37.181717 ], [ -122.393558, 37.181443 ], [ -122.393702, 37.181437 ], [ -122.393942, 37.181492 ], [ -122.393956, 37.181492 ], [ -122.394066, 37.181498 ], [ -122.394251, 37.181459 ], [ -122.394526, 37.181399 ], [ -122.394739, 37.181416 ], [ -122.3948, 37.181514 ], [ -122.394896, 37.181696 ], [ -122.394917, 37.181806 ], [ -122.394917, 37.181878 ], [ -122.394917, 37.181949 ], [ -122.394883, 37.182047 ], [ -122.39478, 37.182151 ], [ -122.394704, 37.182229 ], [ -122.394518, 37.182317 ], [ -122.394395, 37.182399 ], [ -122.394305, 37.182564 ], [ -122.394346, 37.182828 ], [ -122.39447, 37.18302 ], [ -122.394813, 37.183421 ], [ -122.39515, 37.183685 ], [ -122.395609, 37.18402 ], [ -122.395925, 37.184202 ], [ -122.395959, 37.184312 ], [ -122.395973, 37.184493 ], [ -122.396021, 37.18463 ], [ -122.3962, 37.184812 ], [ -122.396721, 37.185285 ], [ -122.39679, 37.185323 ], [ -122.396975, 37.185285 ], [ -122.397037, 37.185307 ], [ -122.397071, 37.185345 ], [ -122.397078, 37.185428 ], [ -122.396913, 37.185493 ], [ -122.396879, 37.185537 ], [ -122.396803, 37.185581 ], [ -122.396755, 37.185636 ], [ -122.396715, 37.185826 ], [ -122.396693, 37.185927 ], [ -122.396741, 37.186417 ], [ -122.396755, 37.186702 ], [ -122.396844, 37.1869 ], [ -122.396858, 37.186977 ], [ -122.397139, 37.187603 ], [ -122.397201, 37.187741 ], [ -122.397255, 37.187917 ], [ -122.397276, 37.188109 ], [ -122.397248, 37.188257 ], [ -122.397166, 37.188609 ], [ -122.397179, 37.188944 ], [ -122.397268, 37.189323 ], [ -122.397275, 37.189659 ], [ -122.397303, 37.189714 ], [ -122.397447, 37.189785 ], [ -122.397474, 37.189829 ], [ -122.397467, 37.189879 ], [ -122.397378, 37.189911 ], [ -122.39733, 37.189955 ], [ -122.397302, 37.190021 ], [ -122.397323, 37.19039 ], [ -122.397364, 37.190615 ], [ -122.39746, 37.190829 ], [ -122.397659, 37.191153 ], [ -122.397892, 37.191763 ], [ -122.398002, 37.192203 ], [ -122.398215, 37.192335 ], [ -122.398338, 37.192478 ], [ -122.398578, 37.192802 ], [ -122.398798, 37.192978 ], [ -122.398894, 37.193017 ], [ -122.39919, 37.192956 ], [ -122.399396, 37.192962 ], [ -122.399615, 37.19305 ], [ -122.399725, 37.19316 ], [ -122.399787, 37.193182 ], [ -122.399972, 37.193187 ], [ -122.4, 37.193211838709679 ] ] } }
]
}
