{
"type": "FeatureCollection",
"name": "regions",
"crs": { "type": "name", "properties": { "name": "urn:ogc:def:crs:OGC:1.3:CRS84" } },
"features": [
{ "type": "Feature", "properties": { "place": "Pacific Grove", "place_kind": "city", "county": "Monterey" }, "geometry": { "type": "Polygon", "coordinates": [ [ [ -121.946853, 36.622487 ], [ -121.944869, 36.625325 ], [ -121.942717, 36.630673 ], [ -121.941867, 36.633459 ], [ -121.941726, 36.636563 ], [ -121.941085, 36.637815 ], [ -121.939009, 36.640546 ], [ -121.935666, 36.642659 ], [ -121.928466, 36.642059 ], [ -121.916066, 36.633259 ], [ -121.901901, 36.621064 ], [ -121.901804, 36.618641 ], [ -121.921204, 36.6092 ], [ -121.920994, 36.608997 ], [ -121.919383, 36.607138 ], [ -121.916894, 36.604217 ], [ -121.922139, 36.601537 ], [ -121.922362, 36.601491 ], [ -121.923035, 36.602328 ], [ -121.923072, 36.602314 ], [ -121.923226, 36.602499 ], [ -121.931674, 36.598574 ], [ -121.933796, 36.597649 ], [ -121.934059, 36.597559 ], [ -121.934256, 36.597769 ], [ -121.936201, 36.600393 ], [ -121.937162, 36.601549 ], [ -121.937288, 36.601635 ], [ -121.932853, 36.603676 ], [ -121.933542, 36.604676 ], [ -121.933397, 36.604736 ], [ -121.932822, 36.605856 ], [ -121.929807, 36.606713 ], [ -121.930107, 36.607144 ], [ -121.931584, 36.606747 ], [ -121.931995, 36.607404 ], [ -121.932145, 36.607735 ], [ -121.932263, 36.608312 ], [ -121.932242, 36.608735 ], [ -121.932166, 36.609091 ], [ -121.931827, 36.609765 ], [ -121.931336, 36.610059 ], [ -121.930734, 36.610493 ], [ -121.930712, 36.610569 ], [ -121.930241, 36.611165 ], [ -121.929287, 36.612676 ], [ -121.929366, 36.612759 ], [ -121.931004, 36.613513 ], [ -121.931533, 36.613711 ], [ -121.931518, 36.613749 ], [ -121.933093, 36.61435 ], [ -121.933546, 36.614354 ], [ -121.9336, 36.613833 ], [ -121.934175, 36.613828 ], [ -121.934753, 36.614049 ], [ -121.93529, 36.614743 ], [ -121.936302, 36.615589 ], [ -121.93636, 36.615743 ], [ -121.936534, 36.615605 ], [ -121.936965, 36.615763 ], [ -121.936923, 36.615834 ], [ -121.93693, 36.615902 ], [ -121.937066, 36.616106 ], [ -121.937492, 36.616218 ], [ -121.937786, 36.616404 ], [ -121.939003, 36.617729 ], [ -121.940175, 36.617046 ], [ -121.941666, 36.618059 ], [ -121.948124, 36.621009 ], [ -121.946853, 36.622487 ] ] ] } },
{ "type": "Feature", "properties": { "place": "Santa Cruz", "place_kind": "city", "county": "Santa Cruz" }, "geometry": { "type": "MultiPolygon", "coordinates": [ [ [ [ -122.013916, 36.992881 ], [ -122.01309, 36.993337 ], [ -122.013042, 36.99294 ], [ -122.013186, 36.992842 ], [ -122.01278, 36.992376 ], [ -122.012548, 36.992174 ], [ -122.012376, 36.992182 ], [ -122.012222, 36.992314 ], [ -122.011532, 36.991768 ], [ -122.012083, 36.991982 ], [ -122.012026, 36.992037 ], [ -122.012561, 36.991897 ], [ -122.01272, 36.991955 ], [ -122.013165, 36.992382 ], [ -122.013916, 36.992881 ] ] ], [ [ [ -122.035367, 36.998669 ], [ -122.034946, 36.998901 ], [ -122.034368, 36.999418 ], [ -122.033644, 36.999709 ], [ -122.034846, 37.001717 ], [ -122.032903, 37.002413 ], [ -122.031771, 37.000453 ], [ -122.031075, 37.0007 ], [ -122.031036, 37.000635 ], [ -122.034275, 36.999341 ], [ -122.034836, 36.998845 ], [ -122.035308, 36.998618 ], [ -122.035367, 36.998669 ] ] ], [ [ [ -122.085246, 36.941254 ], [ -122.077907, 36.95313 ], [ -122.077401, 36.953042 ], [ -122.076836, 36.952876 ], [ -122.076621, 36.952783 ], [ -122.076338, 36.952578 ], [ -122.07627, 36.952448 ], [ -122.076248, 36.952314 ], [ -122.076217, 36.951645 ], [ -122.076127, 36.951093 ], [ -122.075882, 36.9505 ], [ -122.07571, 36.950343 ], [ -122.075444, 36.950337 ], [ -122.075059, 36.950262 ], [ -122.074724, 36.950009 ], [ -122.074656, 36.949996 ], [ -122.074553, 36.950003 ], [ -122.074442, 36.950099 ], [ -122.074356, 36.950298 ], [ -122.074194, 36.950422 ], [ -122.074134, 36.950381 ], [ -122.074056, 36.950018 ], [ -122.073979, 36.949881 ], [ -122.073653, 36.949573 ], [ -122.07355, 36.949559 ], [ -122.073473, 36.949573 ], [ -122.073293, 36.949718 ], [ -122.073157, 36.950061 ], [ -122.072994, 36.950206 ], [ -122.0729, 36.950267 ], [ -122.072429, 36.950324 ], [ -122.072335, 36.950241 ], [ -122.072283, 36.949795 ], [ -122.07216, 36.949698 ], [ -122.07164, 36.949701 ], [ -122.071434, 36.94977 ], [ -122.071357, 36.949763 ], [ -122.070071, 36.949073 ], [ -122.069977, 36.948984 ], [ -122.069951, 36.948916 ], [ -122.069823, 36.94882 ], [ -122.069585, 36.948791 ], [ -122.069266, 36.948677 ], [ -122.069086, 36.948691 ], [ -122.068815, 36.948825 ], [ -122.068861, 36.949059 ], [ -122.068733, 36.949079 ], [ -122.068342, 36.949041 ], [ -122.067823, 36.948865 ], [ -122.067725, 36.948862 ], [ -122.067661, 36.94892 ], [ -122.067731, 36.949158 ], [ -122.06789, 36.949418 ], [ -122.06801, 36.949755 ], [ -122.067973, 36.95006 ], [ -122.068065, 36.95059 ], [ -122.067991, 36.950704 ], [ -122.067803, 36.950764 ], [ -122.06776, 36.950808 ], [ -122.067765, 36.950882 ], [ -122.067802, 36.950939 ], [ -122.068142, 36.951118 ], [ -122.06815, 36.951186 ], [ -122.068112, 36.951264 ], [ -122.06802, 36.951305 ], [ -122.067722, 36.9513 ], [ -122.067652, 36.951331 ], [ -122.067621, 36.951423 ], [ -122.067667, 36.951527 ], [ -122.06792, 36.951702 ], [ -122.068073, 36.95186 ], [ -122.068168, 36.952013 ], [ -122.068253, 36.952312 ], [ -122.068315, 36.95242 ], [ -122.068833, 36.952822 ], [ -122.06929, 36.953258 ], [ -122.069472, 36.953332 ], [ -122.069711, 36.953324 ], [ -122.069965, 36.953383 ], [ -122.069939, 36.953442 ], [ -122.069662, 36.953739 ], [ -122.069439, 36.954238 ], [ -122.069229, 36.954315 ], [ -122.069069, 36.954491 ], [ -122.068728, 36.954633 ], [ -122.068675, 36.954617 ], [ -122.068655, 36.954518 ], [ -122.068874, 36.953994 ], [ -122.068869, 36.953792 ], [ -122.068431, 36.953288 ], [ -122.068122, 36.953303 ], [ -122.068082, 36.953282 ], [ -122.067983, 36.953174 ], [ -122.067768, 36.952819 ], [ -122.067696, 36.952742 ], [ -122.067599, 36.952736 ], [ -122.067329, 36.953572 ], [ -122.067257, 36.953711 ], [ -122.066962, 36.953942 ], [ -122.066539, 36.954167 ], [ -122.066542, 36.95455 ], [ -122.06646, 36.954647 ], [ -122.065947, 36.954976 ], [ -122.065705, 36.955324 ], [ -122.065269, 36.955799 ], [ -122.065364, 36.957737 ], [ -122.065318, 36.958872 ], [ -122.062624, 36.959236 ], [ -122.062671, 36.961081 ], [ -122.062957, 36.96116 ], [ -122.065236, 36.961312 ], [ -122.065454, 36.961572 ], [ -122.066342, 36.964997 ], [ -122.068303, 36.964976 ], [ -122.069087, 36.967859 ], [ -122.070839, 36.972474 ], [ -122.070316, 36.977571 ], [ -122.064893, 36.977383 ], [ -122.064907, 36.977942 ], [ -122.06075, 36.977989 ], [ -122.061323, 36.979218 ], [ -122.061013, 36.979645 ], [ -122.061039, 36.980172 ], [ -122.061191, 36.980653 ], [ -122.059972, 36.980648 ], [ -122.061482, 36.98186 ], [ -122.062095, 36.982288 ], [ -122.062819, 36.982717 ], [ -122.064897, 36.983732 ], [ -122.065318, 36.983976 ], [ -122.06608, 36.984497 ], [ -122.066681, 36.984992 ], [ -122.067181, 36.985467 ], [ -122.067786, 36.986173 ], [ -122.068303, 36.986931 ], [ -122.068602, 36.987531 ], [ -122.069117, 36.988841 ], [ -122.069277, 36.989646 ], [ -122.069322, 36.991089 ], [ -122.069372, 36.991436 ], [ -122.069514, 36.991732 ], [ -122.069778, 36.992029 ], [ -122.069853, 36.992165 ], [ -122.069883, 36.992306 ], [ -122.069824, 36.992659 ], [ -122.06984, 36.992761 ], [ -122.069992, 36.993032 ], [ -122.070068, 36.993305 ], [ -122.07005, 36.993498 ], [ -122.069955, 36.993692 ], [ -122.069368, 36.994379 ], [ -122.069204, 36.994676 ], [ -122.068918, 36.995679 ], [ -122.068894, 36.995869 ], [ -122.069127, 36.997133 ], [ -122.069059, 36.997377 ], [ -122.068785, 36.997849 ], [ -122.068706, 36.998048 ], [ -122.068638, 36.998359 ], [ -122.068653, 36.998705 ], [ -122.068728, 36.99898 ], [ -122.069105, 36.999715 ], [ -122.069541, 37.000733 ], [ -122.069678, 37.000999 ], [ -122.069859, 37.001223 ], [ -122.069944, 37.001277 ], [ -122.07084, 37.001445 ], [ -122.071592, 37.00144 ], [ -122.071833, 37.001551 ], [ -122.072194, 37.001884 ], [ -122.072495, 37.002244 ], [ -122.072875, 37.002804 ], [ -122.07309, 37.003248 ], [ -122.060793, 37.003594 ], [ -122.056936, 37.003406 ], [ -122.055932, 37.003119 ], [ -122.052709, 37.002354 ], [ -122.051008, 37.001574 ], [ -122.05246, 37.00982 ], [ -122.049793, 37.010773 ], [ -122.049674, 37.010849 ], [ -122.049356, 37.009604 ], [ -122.048576, 37.008735 ], [ -122.047221, 37.007725 ], [ -122.045918, 37.007141 ], [ -122.045627, 37.005808 ], [ -122.043416, 37.005925 ], [ -122.04325, 37.005375 ], [ -122.038289, 36.998107 ], [ -122.037876, 36.997571 ], [ -122.037109, 36.997947 ], [ -122.036471, 36.998132 ], [ -122.036659, 36.997417 ], [ -122.03668, 36.99718 ], [ -122.036655, 36.99696 ], [ -122.036474, 36.996748 ], [ -122.03601, 36.996391 ], [ -122.034716, 36.995867 ], [ -122.034338, 36.995751 ], [ -122.034184, 36.995662 ], [ -122.033901, 36.995423 ], [ -122.033772, 36.995149 ], [ -122.033669, 36.994744 ], [ -122.033442, 36.994332 ], [ -122.033287, 36.993684 ], [ -122.032825, 36.99274 ], [ -122.032663, 36.992623 ], [ -122.032591, 36.992185 ], [ -122.032485, 36.991932 ], [ -122.032254, 36.991596 ], [ -122.032245, 36.991528 ], [ -122.031731, 36.991099 ], [ -122.03104, 36.991202 ], [ -122.030865, 36.99142 ], [ -122.029148, 36.991859 ], [ -122.028115, 36.992201 ], [ -122.028053, 36.991947 ], [ -122.027906, 36.991711 ], [ -122.027238, 36.991066 ], [ -122.026388, 36.991207 ], [ -122.026517, 36.991363 ], [ -122.025599, 36.991344 ], [ -122.024443, 36.991431 ], [ -122.024403, 36.991167 ], [ -122.022893, 36.991312 ], [ -122.020116, 36.991334 ], [ -122.019965, 36.991671 ], [ -122.017607, 36.991364 ], [ -122.017573, 36.991549 ], [ -122.017753, 36.994521 ], [ -122.017527, 36.994527 ], [ -122.016782, 36.993895 ], [ -122.016163, 36.993559 ], [ -122.016152, 36.993084 ], [ -122.016197, 36.992707 ], [ -122.015969, 36.992379 ], [ -122.015697, 36.992152 ], [ -122.01535, 36.992408 ], [ -122.014923, 36.992901 ], [ -122.015339, 36.99327 ], [ -122.015378, 36.993689 ], [ -122.014784, 36.993762 ], [ -122.015194, 36.996147 ], [ -122.017824, 36.995743 ], [ -122.017895, 36.996148 ], [ -122.017812, 36.996656 ], [ -122.018207, 36.997151 ], [ -122.018519, 36.997107 ], [ -122.018678, 36.997368 ], [ -122.018634, 36.997617 ], [ -122.018442, 36.99827 ], [ -122.016959, 36.999219 ], [ -122.016959, 36.999581 ], [ -122.01722, 37.000087 ], [ -122.017675, 37.000206 ], [ -122.018061, 37.000386 ], [ -122.018124, 37.000543 ], [ -122.018453, 37.000713 ], [ -122.018623, 37.000791 ], [ -122.018929, 37.000683 ], [ -122.019296, 37.000625 ], [ -122.019443, 37.000677 ], [ -122.01958, 37.000804 ], [ -122.019838, 37.000766 ], [ -122.020104, 37.000857 ], [ -122.020221, 37.000988 ], [ -122.020336, 37.001019 ], [ -122.020281, 37.001146 ], [ -122.02044, 37.001316 ], [ -122.020715, 37.001321 ], [ -122.020507, 37.00171 ], [ -122.020283, 37.002243 ], [ -122.020161, 37.002764 ], [ -122.020135, 37.003103 ], [ -122.019484, 37.00309 ], [ -122.019449, 37.003181 ], [ -122.019149, 37.003282 ], [ -122.018631, 37.003394 ], [ -122.018336, 37.003128 ], [ -122.018274, 37.002874 ], [ -122.018538, 37.002415 ], [ -122.016974, 37.002738 ], [ -122.016671, 37.002411 ], [ -122.016663, 37.002349 ], [ -122.013181, 37.002396 ], [ -122.012926, 37.002362 ], [ -122.012654, 37.002405 ], [ -122.010033, 37.002457 ], [ -122.010034, 37.002342 ], [ -122.010166, 37.002203 ], [ -122.010464, 37.002055 ], [ -122.010532, 37.001965 ], [ -122.010414, 37.0018 ], [ -122.010464, 37.001728 ], [ -122.010679, 37.001687 ], [ -122.010823, 37.001695 ], [ -122.010946, 37.001612 ], [ -122.010946, 37.001342 ], [ -122.010628, 37.001023 ], [ -122.010259, 37.000743 ], [ -122.009921, 37.000392 ], [ -122.009807, 37.000105 ], [ -122.009694, 36.999597 ], [ -122.009735, 36.999122 ], [ -122.009674, 36.999096 ], [ -122.009684, 36.998482 ], [ -122.009532, 36.998385 ], [ -122.009717, 36.99817 ], [ -122.009408, 36.998021 ], [ -122.009177, 36.998285 ], [ -122.008927, 36.998431 ], [ -122.008701, 36.998523 ], [ -122.008258, 36.998588 ], [ -122.007824, 36.998593 ], [ -122.007249, 36.998551 ], [ -122.006578, 36.998344 ], [ -122.006303, 36.998296 ], [ -122.005971, 36.998304 ], [ -122.005616, 36.998373 ], [ -122.005348, 36.998491 ], [ -122.004967, 36.998807 ], [ -122.004473, 36.999593 ], [ -122.004276, 36.999844 ], [ -122.004072, 36.999988 ], [ -122.003501, 37.000287 ], [ -122.00325, 37.000522 ], [ -122.002807, 37.001109 ], [ -122.002431, 37.001821 ], [ -122.002158, 37.00243 ], [ -122.002057, 37.002765 ], [ -122.001947, 37.003556 ], [ -122.001588, 37.004348 ], [ -122.001559, 37.004479 ], [ -122.001569, 37.004684 ], [ -122.001664, 37.005022 ], [ -122.001766, 37.005765 ], [ -122.001868, 37.007075 ], [ -122.001471, 37.007079 ], [ -122.001066, 37.006912 ], [ -121.997623, 37.006956 ], [ -121.997653, 37.008475 ], [ -121.996824, 37.008073 ], [ -121.996859, 37.009749 ], [ -121.994539, 37.009759 ], [ -121.994065, 37.009589 ], [ -121.994093, 37.009345 ], [ -121.995031, 37.008094 ], [ -121.9959, 37.006809 ], [ -121.996039, 37.006535 ], [ -121.996122, 37.006217 ], [ -121.992277, 37.006253 ], [ -121.992236, 37.003972 ], [ -121.992094, 37.003794 ], [ -121.992084, 37.003511 ], [ -121.992023, 37.003162 ], [ -121.992236, 37.00299 ], [ -121.992225, 37.002642 ], [ -121.991982, 37.002414 ], [ -121.991863, 37.001806 ], [ -121.991851, 37.00164 ], [ -121.992021, 37.001293 ], [ -121.99196, 37.000694 ], [ -121.991827, 36.999971 ], [ -121.991465, 36.999227 ], [ -121.991453, 36.998774 ], [ -121.991187, 36.998068 ], [ -121.990945, 36.99776 ], [ -121.990933, 36.997634 ], [ -121.991078, 36.997461 ], [ -121.991054, 36.996968 ], [ -121.989834, 36.996427 ], [ -121.989522, 36.996219 ], [ -121.988709, 36.995309 ], [ -121.987454, 36.995325 ], [ -121.987435, 36.995303 ], [ -121.987441, 36.995054 ], [ -121.987689, 36.994965 ], [ -121.987869, 36.99509 ], [ -121.988279, 36.995086 ], [ -121.988025, 36.994665 ], [ -121.987903, 36.994255 ], [ -121.987714, 36.993917 ], [ -121.987448, 36.993653 ], [ -121.987298, 36.993285 ], [ -121.987279, 36.993097 ], [ -121.987156, 36.992853 ], [ -121.987078, 36.992827 ], [ -121.986954, 36.992599 ], [ -121.986876, 36.992562 ], [ -121.986714, 36.992199 ], [ -121.986779, 36.991898 ], [ -121.986753, 36.991747 ], [ -121.986974, 36.991476 ], [ -121.987259, 36.991322 ], [ -121.98737, 36.989925 ], [ -121.987705, 36.989479 ], [ -121.988614, 36.988431 ], [ -121.988698, 36.9883 ], [ -121.988742, 36.988303 ], [ -121.989196, 36.987854 ], [ -121.989797, 36.987183 ], [ -121.989661, 36.987179 ], [ -121.989569, 36.987016 ], [ -121.989813, 36.986495 ], [ -121.990563, 36.985835 ], [ -121.991185, 36.985493 ], [ -121.991246, 36.985322 ], [ -121.991399, 36.985302 ], [ -121.991817, 36.985122 ], [ -121.992128, 36.984918 ], [ -121.992312, 36.984836 ], [ -121.993378, 36.984445 ], [ -121.994546, 36.983691 ], [ -121.994831, 36.983465 ], [ -121.994368, 36.982935 ], [ -121.994418, 36.98278 ], [ -121.994841, 36.982165 ], [ -121.994952, 36.982261 ], [ -121.995085, 36.982261 ], [ -121.995789, 36.981708 ], [ -121.996013, 36.981334 ], [ -121.996126, 36.981241 ], [ -121.9958, 36.980592 ], [ -121.995519, 36.980259 ], [ -121.995143, 36.97996 ], [ -121.994806, 36.979777 ], [ -121.994579, 36.979542 ], [ -121.994331, 36.979407 ], [ -121.99447, 36.979232 ], [ -121.994698, 36.979306 ], [ -121.995341, 36.978636 ], [ -121.995514, 36.978215 ], [ -121.995009, 36.978022 ], [ -121.995251, 36.977514 ], [ -121.995368, 36.977365 ], [ -121.995553, 36.97737 ], [ -121.996028, 36.976089 ], [ -121.996595, 36.976297 ], [ -121.997835, 36.973763 ], [ -121.997821, 36.973683 ], [ -121.99771, 36.97363 ], [ -121.997528, 36.973436 ], [ -121.99775, 36.973506 ], [ -121.998428, 36.972204 ], [ -121.99893, 36.971889 ], [ -121.999219, 36.971495 ], [ -121.999592, 36.970611 ], [ -122.000268, 36.969168 ], [ -122.001035, 36.968211 ], [ -122.00174, 36.96815 ], [ -122.00172, 36.967914 ], [ -122.000878, 36.9668 ], [ -122.000849, 36.966707 ], [ -122.000856, 36.966392 ], [ -122.000807, 36.965751 ], [ -122.000581, 36.965362 ], [ -122.000431, 36.964973 ], [ -122.000158, 36.964577 ], [ -122.000124, 36.964416 ], [ -122.000303, 36.962983 ], [ -122.000554, 36.961886 ], [ -122.000587, 36.954574 ], [ -122.00132, 36.954292 ], [ -122.013665, 36.95031 ], [ -122.040857, 36.940934 ], [ -122.085246, 36.941254 ] ], [ [ -122.014923, 36.992901 ], [ -122.014277, 36.991463 ], [ -122.011689, 36.991489 ], [ -122.011576, 36.991679 ], [ -122.011532, 36.991768 ], [ -122.011492, 36.991849 ], [ -122.011409, 36.992094 ], [ -122.011382, 36.993154 ], [ -122.011433, 36.993793 ], [ -122.011692, 36.994349 ], [ -122.011739, 36.994551 ], [ -122.011699, 36.994906 ], [ -122.011517, 36.99524 ], [ -122.010343, 36.99648 ], [ -122.009989, 36.997019 ], [ -122.010464, 36.997259 ], [ -122.011333, 36.996579 ], [ -122.011445, 36.99653 ], [ -122.012053, 36.996001 ], [ -122.012158, 36.995856 ], [ -122.01236, 36.995203 ], [ -122.012769, 36.994798 ], [ -122.012688, 36.994563 ], [ -122.012432, 36.994403 ], [ -122.012274, 36.994115 ], [ -122.013439, 36.993994 ], [ -122.013272, 36.993815 ], [ -122.014093, 36.993022 ], [ -122.014254, 36.993173 ], [ -122.014519, 36.993289 ], [ -122.014679, 36.993281 ], [ -122.014758, 36.993209 ], [ -122.014923, 36.992901 ] ] ], [ [ [ -122.109082, 36.977241 ], [ -122.107709, 36.978905 ], [ -122.107389, 36.981812 ], [ -122.104298, 36.981538 ], [ -122.104825, 36.980094 ], [ -122.104001, 36.978831 ], [ -122.104045, 36.977747 ], [ -122.104001, 36.977534 ], [ -122.103786, 36.976967 ], [ -122.103718, 36.976103 ], [ -122.103728, 36.975542 ], [ -122.103628, 36.975007 ], [ -122.103677, 36.97402 ], [ -122.104413, 36.970275 ], [ -122.104414, 36.969087 ], [ -122.104528, 36.96576 ], [ -122.104116, 36.965612 ], [ -122.104356, 36.96521 ], [ -122.104688, 36.965211 ], [ -122.104529, 36.969172 ], [ -122.104577, 36.969373 ], [ -122.10455, 36.970274 ], [ -122.104229, 36.97203 ], [ -122.10533, 36.972197 ], [ -122.108532, 36.972396 ], [ -122.108028, 36.97618 ], [ -122.109082, 36.977241 ] ] ] ] } },
{ "type": "Feature", "properties": { "place": "Monterey", "place_kind": "city", "county": "Monterey" }, "geometry": { "type": "MultiPolygon", "coordinates": [ [ [ [ -121.849833, 36.582845 ], [ -121.849756, 36.5837 ], [ -121.849792, 36.583982 ], [ -121.848964, 36.583942 ], [ -121.848218, 36.583795 ], [ -121.847093, 36.583438 ], [ -121.846302, 36.584999 ], [ -121.836966, 36.581715 ], [ -121.835217, 36.581961 ], [ -121.83403, 36.581347 ], [ -121.833269, 36.581571 ], [ -121.832327, 36.581758 ], [ -121.831742, 36.581814 ], [ -121.83105, 36.581809 ], [ -121.830456, 36.581751 ], [ -121.829557, 36.581556 ], [ -121.829105, 36.581412 ], [ -121.827966, 36.58088 ], [ -121.827753, 36.581153 ], [ -121.827795, 36.581337 ], [ -121.828516, 36.582599 ], [ -121.83025, 36.585823 ], [ -121.82926, 36.58587 ], [ -121.827719, 36.585519 ], [ -121.827559, 36.585097 ], [ -121.826641, 36.585447 ], [ -121.826962, 36.585695 ], [ -121.826643, 36.586314 ], [ -121.829191, 36.587471 ], [ -121.829437, 36.587424 ], [ -121.828903, 36.588891 ], [ -121.827691, 36.588117 ], [ -121.825414, 36.589896 ], [ -121.824348, 36.58924 ], [ -121.823633, 36.588713 ], [ -121.819979, 36.585641 ], [ -121.819137, 36.58498 ], [ -121.817571, 36.583859 ], [ -121.814814, 36.581997 ], [ -121.814773, 36.582028 ], [ -121.813944, 36.582173 ], [ -121.812792, 36.582302 ], [ -121.812059, 36.582342 ], [ -121.811125, 36.582346 ], [ -121.809923, 36.582274 ], [ -121.808541, 36.577039 ], [ -121.807577, 36.576484 ], [ -121.807259, 36.57636 ], [ -121.806774, 36.576272 ], [ -121.807577, 36.576135 ], [ -121.80811, 36.57624 ], [ -121.808309, 36.576367 ], [ -121.808291, 36.5715 ], [ -121.812262, 36.572438 ], [ -121.813116, 36.572597 ], [ -121.817243, 36.572899 ], [ -121.817797, 36.572974 ], [ -121.818464, 36.573136 ], [ -121.819245, 36.573384 ], [ -121.820087, 36.573765 ], [ -121.820874, 36.574191 ], [ -121.823408, 36.576148 ], [ -121.824251, 36.576843 ], [ -121.824522, 36.577111 ], [ -121.825027, 36.577708 ], [ -121.829458, 36.57694 ], [ -121.830028, 36.576192 ], [ -121.833262, 36.577049 ], [ -121.83476, 36.576709 ], [ -121.835484, 36.574638 ], [ -121.836591, 36.574738 ], [ -121.837245, 36.573808 ], [ -121.838278, 36.574607 ], [ -121.837272, 36.577331 ], [ -121.836684, 36.579174 ], [ -121.849833, 36.582845 ] ] ], [ [ [ -121.927114, 36.600398 ], [ -121.926762, 36.600835 ], [ -121.923226, 36.602499 ], [ -121.923072, 36.602314 ], [ -121.923035, 36.602328 ], [ -121.922362, 36.601491 ], [ -121.922139, 36.601537 ], [ -121.916894, 36.604217 ], [ -121.919383, 36.607138 ], [ -121.920994, 36.608997 ], [ -121.921204, 36.6092 ], [ -121.901804, 36.618641 ], [ -121.903139, 36.654251 ], [ -121.889466, 36.654584 ], [ -121.887999, 36.615295 ], [ -121.863335, 36.615921 ], [ -121.858844, 36.612335 ], [ -121.858375, 36.611979 ], [ -121.857672, 36.611576 ], [ -121.857682, 36.611279 ], [ -121.857889, 36.609512 ], [ -121.858007, 36.609434 ], [ -121.857933, 36.609209 ], [ -121.857785, 36.60895 ], [ -121.859665, 36.607865 ], [ -121.859878, 36.60773 ], [ -121.860144, 36.607495 ], [ -121.860307, 36.607214 ], [ -121.860364, 36.606861 ], [ -121.860351, 36.606683 ], [ -121.860284, 36.606486 ], [ -121.860134, 36.606223 ], [ -121.859727, 36.605786 ], [ -121.859259, 36.606077 ], [ -121.858517, 36.605491 ], [ -121.857571, 36.604115 ], [ -121.857213, 36.603766 ], [ -121.856936, 36.603428 ], [ -121.855871, 36.602713 ], [ -121.856068, 36.602496 ], [ -121.856286, 36.601903 ], [ -121.856074, 36.60137 ], [ -121.85558, 36.600914 ], [ -121.855266, 36.600782 ], [ -121.854824, 36.600444 ], [ -121.85402, 36.60023 ], [ -121.852965, 36.599601 ], [ -121.852317, 36.59935 ], [ -121.851798, 36.598629 ], [ -121.851533, 36.598557 ], [ -121.851147, 36.59838 ], [ -121.850991, 36.598384 ], [ -121.851058, 36.597615 ], [ -121.851021, 36.597376 ], [ -121.850428, 36.597008 ], [ -121.85013, 36.596515 ], [ -121.846449, 36.594198 ], [ -121.845825, 36.591651 ], [ -121.84647, 36.592122 ], [ -121.848124, 36.591973 ], [ -121.850186, 36.593611 ], [ -121.851445, 36.59354 ], [ -121.852896, 36.593304 ], [ -121.851688, 36.592162 ], [ -121.852245, 36.590922 ], [ -121.855174, 36.591795 ], [ -121.856253, 36.592042 ], [ -121.856253, 36.592755 ], [ -121.856655, 36.592698 ], [ -121.856629, 36.592529 ], [ -121.858178, 36.590196 ], [ -121.860756, 36.589667 ], [ -121.860692, 36.589466 ], [ -121.863537, 36.588885 ], [ -121.863028, 36.587259 ], [ -121.863579, 36.587361 ], [ -121.863566, 36.58727 ], [ -121.862702, 36.587088 ], [ -121.862367, 36.586923 ], [ -121.861874, 36.58658 ], [ -121.861628, 36.58656 ], [ -121.860896, 36.58672 ], [ -121.860909, 36.587182 ], [ -121.856656, 36.588054 ], [ -121.854545, 36.588054 ], [ -121.848435, 36.586003 ], [ -121.848473, 36.585859 ], [ -121.849665, 36.584269 ], [ -121.849792, 36.583982 ], [ -121.850294, 36.583961 ], [ -121.853213, 36.58351 ], [ -121.854093, 36.583431 ], [ -121.854965, 36.583427 ], [ -121.855929, 36.583507 ], [ -121.8564, 36.583582 ], [ -121.85398, 36.57835 ], [ -121.85288, 36.579796 ], [ -121.850607, 36.579834 ], [ -121.850597, 36.579369 ], [ -121.850659, 36.578341 ], [ -121.853614, 36.578337 ], [ -121.854035, 36.57777 ], [ -121.85438, 36.57781 ], [ -121.855305, 36.576589 ], [ -121.855885, 36.576192 ], [ -121.856058, 36.576035 ], [ -121.856238, 36.575782 ], [ -121.856483, 36.5749 ], [ -121.856632, 36.574584 ], [ -121.856832, 36.57433 ], [ -121.857253, 36.574018 ], [ -121.857712, 36.573997 ], [ -121.859852, 36.574403 ], [ -121.860437, 36.574471 ], [ -121.860737, 36.574439 ], [ -121.861004, 36.574341 ], [ -121.861587, 36.574198 ], [ -121.863971, 36.576887 ], [ -121.864152, 36.57757 ], [ -121.864725, 36.578118 ], [ -121.86504, 36.579094 ], [ -121.86596, 36.5803 ], [ -121.867398, 36.581525 ], [ -121.866767, 36.583022 ], [ -121.866703, 36.584416 ], [ -121.867082, 36.584297 ], [ -121.867394, 36.584502 ], [ -121.867559, 36.584752 ], [ -121.867605, 36.585179 ], [ -121.867931, 36.58538 ], [ -121.867718, 36.58588 ], [ -121.867393, 36.58558 ], [ -121.866853, 36.584978 ], [ -121.866461, 36.584145 ], [ -121.866225, 36.583854 ], [ -121.866005, 36.583707 ], [ -121.864973, 36.583154 ], [ -121.861959, 36.585655 ], [ -121.862859, 36.585971 ], [ -121.863951, 36.586509 ], [ -121.864038, 36.586405 ], [ -121.865455, 36.587154 ], [ -121.8661, 36.587601 ], [ -121.868029, 36.586143 ], [ -121.869036, 36.586911 ], [ -121.869677, 36.587353 ], [ -121.870325, 36.58796 ], [ -121.870653, 36.588393 ], [ -121.870805, 36.588759 ], [ -121.87082, 36.58894 ], [ -121.870777, 36.589359 ], [ -121.870679, 36.58959 ], [ -121.870155, 36.590493 ], [ -121.870105, 36.590699 ], [ -121.870091, 36.591156 ], [ -121.870121, 36.591415 ], [ -121.87035, 36.592533 ], [ -121.875809, 36.591913 ], [ -121.87575, 36.591545 ], [ -121.876712, 36.59156 ], [ -121.875866, 36.588201 ], [ -121.875577, 36.588125 ], [ -121.875529, 36.587989 ], [ -121.875201, 36.587937 ], [ -121.875066, 36.587712 ], [ -121.875061, 36.587559 ], [ -121.874926, 36.587333 ], [ -121.874598, 36.586984 ], [ -121.874239, 36.586687 ], [ -121.874035, 36.586335 ], [ -121.873823, 36.585704 ], [ -121.87365, 36.585326 ], [ -121.873452, 36.585076 ], [ -121.873449, 36.58503 ], [ -121.873571, 36.5849 ], [ -121.874258, 36.584811 ], [ -121.87416, 36.582842 ], [ -121.874097, 36.582348 ], [ -121.873968, 36.581948 ], [ -121.8738, 36.581655 ], [ -121.87303, 36.581732 ], [ -121.873055, 36.581644 ], [ -121.873009, 36.581022 ], [ -121.87246, 36.581004 ], [ -121.872472, 36.580567 ], [ -121.872655, 36.58057 ], [ -121.872659, 36.580126 ], [ -121.87241, 36.580162 ], [ -121.872927, 36.57912 ], [ -121.873644, 36.579133 ], [ -121.873752, 36.578562 ], [ -121.873106, 36.578335 ], [ -121.871952, 36.578329 ], [ -121.871628, 36.578302 ], [ -121.871284, 36.5782 ], [ -121.870265, 36.577576 ], [ -121.870557, 36.57729 ], [ -121.868892, 36.576051 ], [ -121.867848, 36.575476 ], [ -121.867591, 36.574935 ], [ -121.869523, 36.575159 ], [ -121.868984, 36.57408 ], [ -121.87082, 36.574875 ], [ -121.871278, 36.574983 ], [ -121.871844, 36.574942 ], [ -121.873476, 36.575205 ], [ -121.874091, 36.575347 ], [ -121.87401, 36.575692 ], [ -121.89174, 36.577742 ], [ -121.891498, 36.578103 ], [ -121.890846, 36.578571 ], [ -121.890601, 36.57919 ], [ -121.890943, 36.580084 ], [ -121.891226, 36.579976 ], [ -121.891777, 36.579942 ], [ -121.892006, 36.580017 ], [ -121.892264, 36.580173 ], [ -121.892395, 36.580393 ], [ -121.894644, 36.578063 ], [ -121.904253, 36.579196 ], [ -121.904471, 36.579005 ], [ -121.904677, 36.579026 ], [ -121.905355, 36.57863 ], [ -121.906426, 36.57818 ], [ -121.906471, 36.578129 ], [ -121.906488, 36.578088 ], [ -121.906458, 36.57799 ], [ -121.906361, 36.577926 ], [ -121.90592, 36.577946 ], [ -121.905879, 36.577748 ], [ -121.906387, 36.577666 ], [ -121.906434, 36.577708 ], [ -121.906706, 36.577707 ], [ -121.906995, 36.577753 ], [ -121.907308, 36.577875 ], [ -121.907361, 36.577833 ], [ -121.907324, 36.577789 ], [ -121.90792, 36.577369 ], [ -121.908634, 36.576937 ], [ -121.908668, 36.576475 ], [ -121.909061, 36.57609 ], [ -121.909632, 36.575904 ], [ -121.910738, 36.575052 ], [ -121.911428, 36.57469 ], [ -121.912349, 36.575436 ], [ -121.912627, 36.575442 ], [ -121.912914, 36.575302 ], [ -121.913784, 36.576204 ], [ -121.914593, 36.576797 ], [ -121.914723, 36.577025 ], [ -121.914831, 36.577399 ], [ -121.914991, 36.578486 ], [ -121.915068, 36.578755 ], [ -121.915312, 36.579262 ], [ -121.915589, 36.579571 ], [ -121.916559, 36.580388 ], [ -121.917516, 36.580917 ], [ -121.917783, 36.581142 ], [ -121.917865, 36.58137 ], [ -121.917887, 36.581942 ], [ -121.917907, 36.582132 ], [ -121.917959, 36.582276 ], [ -121.918062, 36.582437 ], [ -121.918587, 36.582946 ], [ -121.918808, 36.583324 ], [ -121.918957, 36.583761 ], [ -121.918993, 36.583951 ], [ -121.919001, 36.58429 ], [ -121.91886, 36.584754 ], [ -121.918623, 36.585329 ], [ -121.918573, 36.58559 ], [ -121.918589, 36.585835 ], [ -121.918812, 36.5862 ], [ -121.920145, 36.587703 ], [ -121.920478, 36.588343 ], [ -121.920669, 36.588596 ], [ -121.920986, 36.588781 ], [ -121.920551, 36.588771 ], [ -121.920364, 36.588871 ], [ -121.920062, 36.588684 ], [ -121.9197, 36.588836 ], [ -121.919811, 36.589159 ], [ -121.919731, 36.589484 ], [ -121.918804, 36.591704 ], [ -121.919011, 36.591956 ], [ -121.919437, 36.59173 ], [ -121.919702, 36.591905 ], [ -121.920168, 36.591951 ], [ -121.920776, 36.591668 ], [ -121.92088, 36.59187 ], [ -121.920668, 36.592808 ], [ -121.920239, 36.593454 ], [ -121.921027, 36.594408 ], [ -121.920859, 36.594844 ], [ -121.920853, 36.595267 ], [ -121.920977, 36.59554 ], [ -121.921215, 36.595828 ], [ -121.921497, 36.59603 ], [ -121.92509, 36.598316 ], [ -121.926654, 36.599235 ], [ -121.926859, 36.599486 ], [ -121.927017, 36.599778 ], [ -121.927101, 36.600071 ], [ -121.927114, 36.600398 ] ], [ [ -121.863315, 36.582006 ], [ -121.863005, 36.581818 ], [ -121.862645, 36.581671 ], [ -121.862473, 36.581657 ], [ -121.861876, 36.582417 ], [ -121.861951, 36.582604 ], [ -121.862309, 36.582788 ], [ -121.861637, 36.58363 ], [ -121.860474, 36.583039 ], [ -121.86137, 36.581786 ], [ -121.860845, 36.581775 ], [ -121.860474, 36.581692 ], [ -121.859763, 36.581603 ], [ -121.859549, 36.581617 ], [ -121.859356, 36.581684 ], [ -121.858901, 36.581919 ], [ -121.858182, 36.582593 ], [ -121.859104, 36.58296 ], [ -121.858246, 36.584192 ], [ -121.859939, 36.584968 ], [ -121.860497, 36.585191 ], [ -121.861045, 36.585365 ], [ -121.863813, 36.582429 ], [ -121.863315, 36.582006 ] ] ] ] } },
{ "type": "Feature", "properties": { "place": "Watsonville", "place_kind": "city", "county": "Santa Cruz" }, "geometry": { "type": "MultiPolygon", "coordinates": [ [ [ [ -121.77396, 36.956564 ], [ -121.771714, 36.957313 ], [ -121.771715, 36.957494 ], [ -121.769934, 36.957508 ], [ -121.769891, 36.957111 ], [ -121.769628, 36.956644 ], [ -121.769572, 36.95623 ], [ -121.769444, 36.95609 ], [ -121.769227, 36.955966 ], [ -121.768825, 36.955562 ], [ -121.768421, 36.955281 ], [ -121.76813, 36.954648 ], [ -121.767727, 36.954067 ], [ -121.767418, 36.953186 ], [ -121.767315, 36.95265 ], [ -121.767474, 36.952018 ], [ -121.766934, 36.951203 ], [ -121.767029, 36.950734 ], [ -121.767068, 36.950695 ], [ -121.76661, 36.950389 ], [ -121.764868, 36.950066 ], [ -121.76486, 36.949463 ], [ -121.765066, 36.948887 ], [ -121.765467, 36.948115 ], [ -121.766356, 36.948976 ], [ -121.768224, 36.950258 ], [ -121.768151, 36.950382 ], [ -121.768298, 36.950389 ], [ -121.768291, 36.950503 ], [ -121.769967, 36.950464 ], [ -121.769968, 36.950727 ], [ -121.77027, 36.951075 ], [ -121.770575, 36.951351 ], [ -121.770698, 36.951571 ], [ -121.770865, 36.951594 ], [ -121.770936, 36.951766 ], [ -121.77077, 36.951889 ], [ -121.770633, 36.952097 ], [ -121.770991, 36.952263 ], [ -121.771518, 36.952604 ], [ -121.772392, 36.953303 ], [ -121.771929, 36.953644 ], [ -121.771825, 36.953884 ], [ -121.771955, 36.954034 ], [ -121.772546, 36.954288 ], [ -121.77275, 36.95465 ], [ -121.772918, 36.95471 ], [ -121.773122, 36.954851 ], [ -121.773769, 36.955124 ], [ -121.773907, 36.955323 ], [ -121.77396, 36.956564 ] ] ], [ [ [ -121.788631, 36.885889 ], [ -121.78646, 36.886645 ], [ -121.788271, 36.889864 ], [ -121.788055, 36.890025 ], [ -121.786538, 36.887194 ], [ -121.784898, 36.887769 ], [ -121.784868, 36.887714 ], [ -121.784563, 36.887683 ], [ -121.78327, 36.885303 ], [ -121.783897, 36.885647 ], [ -121.784156, 36.885743 ], [ -121.784369, 36.885768 ], [ -121.784995, 36.885724 ], [ -121.785654, 36.885538 ], [ -121.78647, 36.885133 ], [ -121.787014, 36.88497 ], [ -121.787371, 36.8847 ], [ -121.787566, 36.884505 ], [ -121.787751, 36.88426 ], [ -121.788631, 36.885889 ] ] ], [ [ [ -121.790985, 37.015248 ], [ -121.790567, 37.015855 ], [ -121.790112, 37.01607 ], [ -121.789778, 37.016101 ], [ -121.78896, 37.016439 ], [ -121.788403, 37.01684 ], [ -121.788145, 37.017184 ], [ -121.787981, 37.01749 ], [ -121.78792, 37.017844 ], [ -121.787924, 37.018322 ], [ -121.787847, 37.018441 ], [ -121.787444, 37.018814 ], [ -121.78739, 37.018966 ], [ -121.787448, 37.019179 ], [ -121.787245, 37.019107 ], [ -121.784326, 37.019087 ], [ -121.786058, 37.015881 ], [ -121.78618, 37.01553 ], [ -121.786202, 37.015361 ], [ -121.787465, 37.015088 ], [ -121.78772, 37.014896 ], [ -121.787839, 37.014847 ], [ -121.788083, 37.014803 ], [ -121.789441, 37.014303 ], [ -121.790985, 37.015248 ] ] ], [ [ [ -121.801646, 36.923614 ], [ -121.801427, 36.92529 ], [ -121.801532, 36.925902 ], [ -121.80043, 36.925926 ], [ -121.799051, 36.926426 ], [ -121.798486, 36.926962 ], [ -121.79782, 36.928572 ], [ -121.797884, 36.928591 ], [ -121.796953, 36.929975 ], [ -121.796981, 36.930003 ], [ -121.796978, 36.930378 ], [ -121.797773, 36.930368 ], [ -121.797714, 36.930459 ], [ -121.797665, 36.93107 ], [ -121.797581, 36.931588 ], [ -121.797417, 36.93208 ], [ -121.797275, 36.932345 ], [ -121.796991, 36.932595 ], [ -121.796932, 36.9327 ], [ -121.796988, 36.932794 ], [ -121.797377, 36.932929 ], [ -121.797018, 36.936104 ], [ -121.796307, 36.937096 ], [ -121.795843, 36.939918 ], [ -121.795607, 36.939793 ], [ -121.795388, 36.93973 ], [ -121.794523, 36.939645 ], [ -121.789187, 36.939623 ], [ -121.788954, 36.939709 ], [ -121.78867, 36.939961 ], [ -121.787738, 36.941015 ], [ -121.785195, 36.941564 ], [ -121.785841, 36.94064 ], [ -121.784619, 36.939099 ], [ -121.784456, 36.939333 ], [ -121.784045, 36.939149 ], [ -121.783995, 36.939216 ], [ -121.783279, 36.938911 ], [ -121.783215, 36.938988 ], [ -121.781325, 36.938136 ], [ -121.780292, 36.939629 ], [ -121.781334, 36.940207 ], [ -121.781248, 36.940288 ], [ -121.778493, 36.941482 ], [ -121.777413, 36.941139 ], [ -121.776713, 36.941009 ], [ -121.776044, 36.941123 ], [ -121.77545, 36.941497 ], [ -121.774998, 36.94166 ], [ -121.774692, 36.941677 ], [ -121.77387, 36.941587 ], [ -121.773482, 36.941426 ], [ -121.773993, 36.941342 ], [ -121.774486, 36.941192 ], [ -121.77536, 36.940747 ], [ -121.774551, 36.939952 ], [ -121.774067, 36.940264 ], [ -121.773929, 36.939989 ], [ -121.773803, 36.939868 ], [ -121.773189, 36.939584 ], [ -121.773147, 36.939526 ], [ -121.772625, 36.939322 ], [ -121.772517, 36.939348 ], [ -121.77214, 36.939845 ], [ -121.771548, 36.939554 ], [ -121.772579, 36.938193 ], [ -121.774127, 36.938851 ], [ -121.775251, 36.937139 ], [ -121.7745, 36.936539 ], [ -121.774103, 36.937026 ], [ -121.774369, 36.937163 ], [ -121.774039, 36.937539 ], [ -121.772614, 36.93677 ], [ -121.772561, 36.936824 ], [ -121.772205, 36.936636 ], [ -121.771205, 36.937956 ], [ -121.770907, 36.938532 ], [ -121.770599, 36.939265 ], [ -121.77039, 36.939081 ], [ -121.769857, 36.940203 ], [ -121.769407, 36.941061 ], [ -121.766656, 36.940416 ], [ -121.767971, 36.937975 ], [ -121.76717, 36.937704 ], [ -121.766827, 36.937301 ], [ -121.766672, 36.936953 ], [ -121.766609, 36.936876 ], [ -121.766748, 36.936648 ], [ -121.766571, 36.936362 ], [ -121.766043, 36.936304 ], [ -121.765337, 36.936126 ], [ -121.764641, 36.93602 ], [ -121.763608, 36.936076 ], [ -121.763286, 36.935995 ], [ -121.76281, 36.935341 ], [ -121.762133, 36.934913 ], [ -121.761774, 36.934502 ], [ -121.762916, 36.933674 ], [ -121.762358, 36.933153 ], [ -121.764239, 36.931783 ], [ -121.763295, 36.930909 ], [ -121.764701, 36.930569 ], [ -121.764369, 36.930019 ], [ -121.761301, 36.930767 ], [ -121.760674, 36.929326 ], [ -121.760274, 36.928493 ], [ -121.756622, 36.929525 ], [ -121.756444, 36.928898 ], [ -121.745563, 36.926685 ], [ -121.744245, 36.930784 ], [ -121.74054, 36.930171 ], [ -121.741308, 36.927887 ], [ -121.738268, 36.927393 ], [ -121.738326, 36.927246 ], [ -121.738376, 36.927256 ], [ -121.738479, 36.926948 ], [ -121.738962, 36.924536 ], [ -121.738339, 36.924432 ], [ -121.738361, 36.923618 ], [ -121.736567, 36.923242 ], [ -121.736485, 36.923266 ], [ -121.733398, 36.922357 ], [ -121.734214, 36.920697 ], [ -121.732413, 36.920072 ], [ -121.732583, 36.91987 ], [ -121.733088, 36.91873 ], [ -121.733469, 36.918225 ], [ -121.733843, 36.917913 ], [ -121.73407, 36.917826 ], [ -121.734653, 36.917678 ], [ -121.735233, 36.917343 ], [ -121.735558, 36.917236 ], [ -121.736214, 36.917132 ], [ -121.736785, 36.917207 ], [ -121.737135, 36.917216 ], [ -121.737584, 36.917185 ], [ -121.738738, 36.91703 ], [ -121.739356, 36.916921 ], [ -121.741033, 36.916404 ], [ -121.741786, 36.916304 ], [ -121.742191, 36.916297 ], [ -121.742554, 36.91622 ], [ -121.74268, 36.916148 ], [ -121.742857, 36.915946 ], [ -121.742943, 36.915745 ], [ -121.743155, 36.915632 ], [ -121.743272, 36.915484 ], [ -121.743348, 36.915283 ], [ -121.743345, 36.915171 ], [ -121.744037, 36.914399 ], [ -121.744119, 36.914258 ], [ -121.744196, 36.913966 ], [ -121.744347, 36.913845 ], [ -121.744451, 36.913626 ], [ -121.744574, 36.913474 ], [ -121.744798, 36.913303 ], [ -121.744903, 36.913143 ], [ -121.745275, 36.912427 ], [ -121.745244, 36.912263 ], [ -121.745296, 36.911693 ], [ -121.745467, 36.911477 ], [ -121.745534, 36.911318 ], [ -121.745711, 36.911076 ], [ -121.745469, 36.910685 ], [ -121.744856, 36.910078 ], [ -121.744361, 36.909517 ], [ -121.744444, 36.909456 ], [ -121.74457, 36.909455 ], [ -121.744835, 36.909378 ], [ -121.745066, 36.909384 ], [ -121.745288, 36.909341 ], [ -121.746054, 36.90891 ], [ -121.746819, 36.908297 ], [ -121.747082, 36.907954 ], [ -121.747226, 36.907816 ], [ -121.747225, 36.907754 ], [ -121.747297, 36.907657 ], [ -121.747654, 36.907366 ], [ -121.751512, 36.905212 ], [ -121.752315, 36.904466 ], [ -121.752675, 36.904223 ], [ -121.7533, 36.903711 ], [ -121.753807, 36.903085 ], [ -121.754547, 36.902274 ], [ -121.75473, 36.902172 ], [ -121.755332, 36.901958 ], [ -121.755931, 36.901425 ], [ -121.757291, 36.900308 ], [ -121.757482, 36.899981 ], [ -121.760784, 36.902896 ], [ -121.761081, 36.903049 ], [ -121.762042, 36.902367 ], [ -121.762135, 36.902214 ], [ -121.763532, 36.901235 ], [ -121.76369, 36.901028 ], [ -121.765754, 36.899549 ], [ -121.765936, 36.899531 ], [ -121.76828, 36.897862 ], [ -121.770833, 36.902788 ], [ -121.778421, 36.897148 ], [ -121.777272, 36.894997 ], [ -121.778731, 36.89451 ], [ -121.779642, 36.896248 ], [ -121.780241, 36.895806 ], [ -121.781295, 36.897915 ], [ -121.779469, 36.899124 ], [ -121.780787, 36.901666 ], [ -121.78432, 36.899803 ], [ -121.785216, 36.901607 ], [ -121.783679, 36.902519 ], [ -121.783554, 36.903882 ], [ -121.781967, 36.903557 ], [ -121.781723, 36.903443 ], [ -121.780217, 36.904472 ], [ -121.780537, 36.905128 ], [ -121.780792, 36.90554 ], [ -121.781112, 36.905864 ], [ -121.780798, 36.906018 ], [ -121.780639, 36.906274 ], [ -121.780867, 36.906284 ], [ -121.780993, 36.906358 ], [ -121.781023, 36.906509 ], [ -121.780998, 36.906704 ], [ -121.78082, 36.907192 ], [ -121.780802, 36.907522 ], [ -121.780584, 36.908013 ], [ -121.780463, 36.908114 ], [ -121.780132, 36.908201 ], [ -121.779884, 36.908353 ], [ -121.779544, 36.908744 ], [ -121.780012, 36.909959 ], [ -121.780553, 36.909276 ], [ -121.781818, 36.906952 ], [ -121.782298, 36.907701 ], [ -121.782393, 36.907965 ], [ -121.782449, 36.90853 ], [ -121.782477, 36.908528 ], [ -121.782882, 36.908914 ], [ -121.783108, 36.909298 ], [ -121.783466, 36.909647 ], [ -121.784036, 36.910601 ], [ -121.784237, 36.910827 ], [ -121.784626, 36.911438 ], [ -121.784734, 36.912045 ], [ -121.785186, 36.912514 ], [ -121.785475, 36.913078 ], [ -121.785548, 36.913324 ], [ -121.785702, 36.914255 ], [ -121.786793, 36.914443 ], [ -121.79247, 36.911827 ], [ -121.793932, 36.911188 ], [ -121.79415, 36.911159 ], [ -121.794449, 36.91123 ], [ -121.795416, 36.911805 ], [ -121.795588, 36.91187 ], [ -121.795469, 36.915655 ], [ -121.795517, 36.916905 ], [ -121.795466, 36.920791 ], [ -121.795389, 36.921965 ], [ -121.793263, 36.921789 ], [ -121.793665, 36.922191 ], [ -121.794399, 36.922733 ], [ -121.797899, 36.922765 ], [ -121.797469, 36.923575 ], [ -121.801646, 36.923614 ] ] ], [ [ [ -121.807045, 36.988654 ], [ -121.806955, 36.990084 ], [ -121.806575, 36.990565 ], [ -121.804408, 36.990268 ], [ -121.804205, 36.991236 ], [ -121.803728, 36.99047 ], [ -121.802665, 36.989053 ], [ -121.803744, 36.988988 ], [ -121.804486, 36.989023 ], [ -121.805798, 36.988693 ], [ -121.807045, 36.988654 ] ] ], [ [ [ -121.827312, 36.915322 ], [ -121.825869, 36.916958 ], [ -121.825522, 36.916904 ], [ -121.82519, 36.916806 ], [ -121.824779, 36.916606 ], [ -121.823937, 36.915989 ], [ -121.823341, 36.915658 ], [ -121.823016, 36.915528 ], [ -121.822502, 36.915383 ], [ -121.822148, 36.91532 ], [ -121.821599, 36.915276 ], [ -121.82065, 36.914376 ], [ -121.819336, 36.913289 ], [ -121.821291, 36.912085 ], [ -121.822126, 36.91181 ], [ -121.822904, 36.912641 ], [ -121.824099, 36.912878 ], [ -121.825069, 36.912619 ], [ -121.827312, 36.915322 ] ] ] ] } },
{ "type": "Feature", "properties": { "place": "Portola Valley", "place_kind": "city", "county": "Santa Cruz" }, "geometry": { "type": "Polygon", "coordinates": [ [ [ -122.253876, 37.373498 ], [ -122.253614, 37.373713 ], [ -122.253568, 37.373887 ], [ -122.253672, 37.374025 ], [ -122.253919, 37.374173 ], [ -122.253864, 37.374369 ], [ -122.253539, 37.374611 ], [ -122.253544, 37.374752 ], [ -122.253445, 37.37485 ], [ -122.253421, 37.375084 ], [ -122.253305, 37.375233 ], [ -122.252749, 37.375595 ], [ -122.252468, 37.3757 ], [ -122.252261, 37.375709 ], [ -122.252112, 37.375765 ], [ -122.251445, 37.376212 ], [ -122.251311, 37.376276 ], [ -122.251057, 37.376305 ], [ -122.250966, 37.376361 ], [ -122.250872, 37.376577 ], [ -122.250864, 37.376782 ], [ -122.250788, 37.376887 ], [ -122.249887, 37.377288 ], [ -122.249829, 37.377381 ], [ -122.250136, 37.377633 ], [ -122.250092, 37.378024 ], [ -122.250016, 37.378162 ], [ -122.249545, 37.37832 ], [ -122.249501, 37.378378 ], [ -122.249496, 37.378553 ], [ -122.249414, 37.378635 ], [ -122.249148, 37.378641 ], [ -122.249078, 37.378691 ], [ -122.249116, 37.379009 ], [ -122.249054, 37.379156 ], [ -122.248832, 37.379278 ], [ -122.248569, 37.379492 ], [ -122.248494, 37.379709 ], [ -122.24849, 37.379822 ], [ -122.248347, 37.379819 ], [ -122.247616, 37.379576 ], [ -122.247107, 37.38038 ], [ -122.247262, 37.38098 ], [ -122.246418, 37.382237 ], [ -122.246403, 37.38257 ], [ -122.245488, 37.383388 ], [ -122.245193, 37.384254 ], [ -122.24511, 37.38539 ], [ -122.244073, 37.385709 ], [ -122.243248, 37.386551 ], [ -122.240653, 37.388825 ], [ -122.239466, 37.389908 ], [ -122.237332, 37.38717 ], [ -122.236516, 37.386075 ], [ -122.236022, 37.38552 ], [ -122.234709, 37.384278 ], [ -122.234559, 37.384624 ], [ -122.234429, 37.384648 ], [ -122.234733, 37.385057 ], [ -122.23467, 37.385153 ], [ -122.234704, 37.385229 ], [ -122.23464, 37.385301 ], [ -122.234456, 37.385321 ], [ -122.234421, 37.38547 ], [ -122.23448, 37.385777 ], [ -122.234193, 37.385906 ], [ -122.234321, 37.385984 ], [ -122.234247, 37.386102 ], [ -122.234265, 37.386448 ], [ -122.234134, 37.386482 ], [ -122.234159, 37.386572 ], [ -122.234269, 37.386635 ], [ -122.234283, 37.38679 ], [ -122.234415, 37.38689 ], [ -122.234304, 37.387001 ], [ -122.234118, 37.387083 ], [ -122.234007, 37.387083 ], [ -122.233901, 37.386971 ], [ -122.233746, 37.386903 ], [ -122.233477, 37.38664 ], [ -122.233195, 37.38646 ], [ -122.233111, 37.386237 ], [ -122.232875, 37.386129 ], [ -122.232669, 37.385842 ], [ -122.232679, 37.385679 ], [ -122.232349, 37.385268 ], [ -122.232292, 37.385014 ], [ -122.232008, 37.384623 ], [ -122.231891, 37.384638 ], [ -122.23177, 37.384547 ], [ -122.231751, 37.38442 ], [ -122.231587, 37.384353 ], [ -122.231656, 37.38433 ], [ -122.229685, 37.382904 ], [ -122.229827, 37.382703 ], [ -122.229139, 37.382598 ], [ -122.228609, 37.382378 ], [ -122.226309, 37.380835 ], [ -122.225574, 37.380203 ], [ -122.224975, 37.380521 ], [ -122.224746, 37.38049 ], [ -122.224409, 37.380543 ], [ -122.224132, 37.380625 ], [ -122.223875, 37.380809 ], [ -122.223421, 37.38132 ], [ -122.223299, 37.381543 ], [ -122.223348, 37.38173 ], [ -122.223272, 37.381972 ], [ -122.225585, 37.382472 ], [ -122.226535, 37.383042 ], [ -122.22673, 37.383595 ], [ -122.225741, 37.384504 ], [ -122.225783, 37.384578 ], [ -122.226253, 37.38454 ], [ -122.226403, 37.384765 ], [ -122.226493, 37.385067 ], [ -122.226852, 37.385232 ], [ -122.226998, 37.38516 ], [ -122.227156, 37.385235 ], [ -122.22701, 37.385437 ], [ -122.227197, 37.385497 ], [ -122.22724, 37.385769 ], [ -122.227083, 37.385979 ], [ -122.227295, 37.386276 ], [ -122.22733, 37.386451 ], [ -122.227362, 37.386476 ], [ -122.227016, 37.386793 ], [ -122.227053, 37.386936 ], [ -122.2275, 37.387386 ], [ -122.227725, 37.387495 ], [ -122.227991, 37.387477 ], [ -122.228365, 37.387553 ], [ -122.228505, 37.387714 ], [ -122.228789, 37.387796 ], [ -122.228871, 37.388027 ], [ -122.229125, 37.38826 ], [ -122.229497, 37.388356 ], [ -122.229464, 37.388433 ], [ -122.229099, 37.388632 ], [ -122.229178, 37.388806 ], [ -122.229027, 37.388915 ], [ -122.229087, 37.389032 ], [ -122.229268, 37.38915 ], [ -122.229306, 37.389327 ], [ -122.229635, 37.389845 ], [ -122.22966, 37.390064 ], [ -122.229748, 37.390251 ], [ -122.229888, 37.390312 ], [ -122.2304, 37.390321 ], [ -122.230484, 37.390447 ], [ -122.230388, 37.390681 ], [ -122.230496, 37.390783 ], [ -122.230785, 37.39073 ], [ -122.230742, 37.390967 ], [ -122.230782, 37.391072 ], [ -122.23096, 37.390984 ], [ -122.23132, 37.390984 ], [ -122.231437, 37.390797 ], [ -122.231577, 37.390785 ], [ -122.23179, 37.390996 ], [ -122.232001, 37.391069 ], [ -122.232062, 37.391394 ], [ -122.231934, 37.391531 ], [ -122.23201, 37.391835 ], [ -122.232337, 37.391543 ], [ -122.232515, 37.391756 ], [ -122.232559, 37.392171 ], [ -122.233036, 37.392332 ], [ -122.232805, 37.39282 ], [ -122.233044, 37.392852 ], [ -122.233082, 37.393077 ], [ -122.233381, 37.392943 ], [ -122.233424, 37.39322 ], [ -122.23373, 37.393345 ], [ -122.233752, 37.393393 ], [ -122.209118, 37.400608 ], [ -122.207243, 37.401057 ], [ -122.206653, 37.401239 ], [ -122.206081, 37.399045 ], [ -122.204344, 37.394068 ], [ -122.194758, 37.396766 ], [ -122.192564, 37.397408 ], [ -122.191862, 37.397643 ], [ -122.191848, 37.397187 ], [ -122.19169, 37.396758 ], [ -122.191586, 37.396582 ], [ -122.191352, 37.396308 ], [ -122.19127, 37.396143 ], [ -122.191283, 37.395692 ], [ -122.191221, 37.395583 ], [ -122.191111, 37.395484 ], [ -122.190354, 37.395181 ], [ -122.19012, 37.395011 ], [ -122.190016, 37.394857 ], [ -122.190113, 37.394539 ], [ -122.190037, 37.394357 ], [ -122.190037, 37.394198 ], [ -122.190113, 37.394116 ], [ -122.190154, 37.393846 ], [ -122.190016, 37.393517 ], [ -122.190009, 37.393275 ], [ -122.190161, 37.393006 ], [ -122.190175, 37.392868 ], [ -122.189748, 37.391918 ], [ -122.189693, 37.391533 ], [ -122.189596, 37.391401 ], [ -122.189575, 37.39128 ], [ -122.18961, 37.391214 ], [ -122.189699, 37.391181 ], [ -122.189934, 37.391192 ], [ -122.190064, 37.391148 ], [ -122.19014, 37.391072 ], [ -122.190133, 37.390758 ], [ -122.190567, 37.390528 ], [ -122.190622, 37.390374 ], [ -122.190636, 37.39 ], [ -122.190608, 37.389885 ], [ -122.190305, 37.3895 ], [ -122.190278, 37.389412 ], [ -122.190319, 37.389121 ], [ -122.190354, 37.389039 ], [ -122.190422, 37.388984 ], [ -122.190973, 37.388813 ], [ -122.191022, 37.388764 ], [ -122.191022, 37.388489 ], [ -122.191125, 37.388148 ], [ -122.191111, 37.387973 ], [ -122.190794, 37.38739 ], [ -122.190774, 37.386896 ], [ -122.191063, 37.386176 ], [ -122.191076, 37.386039 ], [ -122.191001, 37.385918 ], [ -122.190581, 37.385588 ], [ -122.190498, 37.385429 ], [ -122.190505, 37.385253 ], [ -122.190773, 37.384868 ], [ -122.190815, 37.384681 ], [ -122.190904, 37.384511 ], [ -122.191008, 37.384401 ], [ -122.191276, 37.384214 ], [ -122.191503, 37.384099 ], [ -122.191985, 37.383747 ], [ -122.193099, 37.382737 ], [ -122.193571, 37.382401 ], [ -122.19372, 37.382253 ], [ -122.194059, 37.381577 ], [ -122.194229, 37.381371 ], [ -122.194545, 37.381122 ], [ -122.194754, 37.380872 ], [ -122.194846, 37.380665 ], [ -122.194989, 37.380078 ], [ -122.195128, 37.379859 ], [ -122.195509, 37.379461 ], [ -122.195767, 37.379091 ], [ -122.195966, 37.378733 ], [ -122.19612, 37.37814 ], [ -122.196234, 37.37788 ], [ -122.196598, 37.377639 ], [ -122.196676, 37.377535 ], [ -122.19672, 37.37687 ], [ -122.196901, 37.376544 ], [ -122.197052, 37.376335 ], [ -122.197376, 37.376077 ], [ -122.197892, 37.375593 ], [ -122.198581, 37.375324 ], [ -122.198979, 37.37494 ], [ -122.199157, 37.374717 ], [ -122.199329, 37.37442 ], [ -122.199346, 37.374242 ], [ -122.199357, 37.37375 ], [ -122.199288, 37.373563 ], [ -122.199288, 37.373288 ], [ -122.199219, 37.373167 ], [ -122.199198, 37.373008 ], [ -122.19926, 37.372794 ], [ -122.199357, 37.372618 ], [ -122.199563, 37.372525 ], [ -122.200128, 37.37242 ], [ -122.200472, 37.372233 ], [ -122.200644, 37.372074 ], [ -122.200706, 37.371964 ], [ -122.20083, 37.371508 ], [ -122.20094, 37.371294 ], [ -122.201112, 37.371057 ], [ -122.201201, 37.370805 ], [ -122.20127, 37.370404 ], [ -122.201236, 37.369458 ], [ -122.201208, 37.369393 ], [ -122.201366, 37.368508 ], [ -122.201476, 37.368233 ], [ -122.201566, 37.368151 ], [ -122.2016, 37.368008 ], [ -122.201545, 37.367585 ], [ -122.201318, 37.367013 ], [ -122.201332, 37.366761 ], [ -122.201421, 37.366502 ], [ -122.201442, 37.366041 ], [ -122.20149, 37.365783 ], [ -122.201634, 37.365387 ], [ -122.201889, 37.365002 ], [ -122.202212, 37.364645 ], [ -122.202295, 37.364431 ], [ -122.202233, 37.363947 ], [ -122.202267, 37.363821 ], [ -122.202598, 37.363217 ], [ -122.202653, 37.363046 ], [ -122.202549, 37.362502 ], [ -122.202522, 37.361854 ], [ -122.202425, 37.361552 ], [ -122.202432, 37.360947 ], [ -122.202487, 37.360772 ], [ -122.202467, 37.360272 ], [ -122.202377, 37.359969 ], [ -122.202012, 37.359261 ], [ -122.201489, 37.358046 ], [ -122.201337, 37.357838 ], [ -122.201076, 37.357607 ], [ -122.200449, 37.356733 ], [ -122.200015, 37.355898 ], [ -122.199712, 37.355459 ], [ -122.199623, 37.355393 ], [ -122.199286, 37.355261 ], [ -122.199052, 37.355019 ], [ -122.198776, 37.354794 ], [ -122.198418, 37.354398 ], [ -122.198205, 37.354272 ], [ -122.198081, 37.354123 ], [ -122.197998, 37.353799 ], [ -122.197709, 37.353255 ], [ -122.197461, 37.352909 ], [ -122.197241, 37.352338 ], [ -122.197131, 37.352206 ], [ -122.196696, 37.35188 ], [ -122.203168, 37.348398 ], [ -122.202474, 37.347394 ], [ -122.202187, 37.347258 ], [ -122.202152, 37.347003 ], [ -122.206803, 37.344023 ], [ -122.206888, 37.344415 ], [ -122.206751, 37.344662 ], [ -122.206713, 37.344797 ], [ -122.206811, 37.345239 ], [ -122.206996, 37.345155 ], [ -122.207149, 37.345007 ], [ -122.207207, 37.344895 ], [ -122.207404, 37.344774 ], [ -122.207535, 37.344492 ], [ -122.20745, 37.34418 ], [ -122.207487, 37.344021 ], [ -122.207627, 37.343998 ], [ -122.207708, 37.34393 ], [ -122.208093, 37.343463 ], [ -122.208231, 37.343408 ], [ -122.208656, 37.343336 ], [ -122.208659, 37.343277 ], [ -122.2105, 37.34323 ], [ -122.212704, 37.340078 ], [ -122.214143, 37.34074 ], [ -122.214137, 37.338331 ], [ -122.216998, 37.338295 ], [ -122.216958, 37.338959 ], [ -122.217009, 37.339238 ], [ -122.217144, 37.339536 ], [ -122.217264, 37.339702 ], [ -122.217533, 37.33996 ], [ -122.218154, 37.340397 ], [ -122.218867, 37.34073 ], [ -122.22015, 37.341167 ], [ -122.223913, 37.342586 ], [ -122.224815, 37.343043 ], [ -122.225412, 37.34342 ], [ -122.225859, 37.343752 ], [ -122.226593, 37.344108 ], [ -122.22773, 37.344508 ], [ -122.228254, 37.344798 ], [ -122.228593, 37.34508 ], [ -122.228817, 37.345337 ], [ -122.230034, 37.347261 ], [ -122.230234, 37.347491 ], [ -122.230633, 37.347864 ], [ -122.231326, 37.348351 ], [ -122.231632, 37.348523 ], [ -122.232205, 37.348779 ], [ -122.23299, 37.349024 ], [ -122.23388, 37.349195 ], [ -122.235581, 37.349402 ], [ -122.23606, 37.34952 ], [ -122.236515, 37.349691 ], [ -122.239205, 37.35119 ], [ -122.239917, 37.351675 ], [ -122.240362, 37.352051 ], [ -122.240814, 37.352492 ], [ -122.241898, 37.353707 ], [ -122.244008, 37.355952 ], [ -122.24475, 37.356514 ], [ -122.246066, 37.357287 ], [ -122.246453, 37.357556 ], [ -122.246965, 37.358041 ], [ -122.247303, 37.358501 ], [ -122.247497, 37.358879 ], [ -122.247617, 37.359215 ], [ -122.247703, 37.359621 ], [ -122.247721, 37.360094 ], [ -122.247628, 37.360681 ], [ -122.246945, 37.362687 ], [ -122.246915, 37.363122 ], [ -122.247039, 37.363577 ], [ -122.247189, 37.363841 ], [ -122.247518, 37.364231 ], [ -122.247698, 37.3645 ], [ -122.247786, 37.364677 ], [ -122.247886, 37.365027 ], [ -122.247916, 37.365422 ], [ -122.247886, 37.365697 ], [ -122.247689, 37.366275 ], [ -122.24756, 37.366781 ], [ -122.247576, 37.367065 ], [ -122.247646, 37.367295 ], [ -122.247766, 37.367511 ], [ -122.247968, 37.367744 ], [ -122.251923, 37.371542 ], [ -122.252085, 37.371679 ], [ -122.252296, 37.371801 ], [ -122.252733, 37.371934 ], [ -122.25252, 37.372333 ], [ -122.252588, 37.372527 ], [ -122.2528, 37.37269 ], [ -122.252978, 37.372692 ], [ -122.253371, 37.372529 ], [ -122.253657, 37.372581 ], [ -122.253733, 37.372694 ], [ -122.253731, 37.373051 ], [ -122.253952, 37.373294 ], [ -122.253876, 37.373498 ] ] ] } },
{ "type": "Feature", "properties": { "place": "Carmel-by-the-Sea", "place_kind": "city", "county": "Monterey" }, "geometry": { "type": "Polygon", "coordinates": [ [ [ -121.93195, 36.544958 ], [ -121.9315, 36.545158 ], [ -121.930936, 36.54515 ], [ -121.930371, 36.545341 ], [ -121.929806, 36.546043 ], [ -121.929394, 36.548087 ], [ -121.930784, 36.554945 ], [ -121.931761, 36.557306 ], [ -121.929006, 36.55859 ], [ -121.929024, 36.558476 ], [ -121.927292, 36.559244 ], [ -121.923567, 36.561024 ], [ -121.923544, 36.561852 ], [ -121.922693, 36.561851 ], [ -121.922702, 36.563083 ], [ -121.921855, 36.563083 ], [ -121.921852, 36.564297 ], [ -121.920141, 36.56432 ], [ -121.920141, 36.563872 ], [ -121.919538, 36.563649 ], [ -121.918874, 36.563518 ], [ -121.918448, 36.563393 ], [ -121.919114, 36.562928 ], [ -121.919719, 36.562348 ], [ -121.916531, 36.562369 ], [ -121.916533, 36.562301 ], [ -121.915631, 36.562296 ], [ -121.91563, 36.562335 ], [ -121.914794, 36.562337 ], [ -121.914724, 36.5624 ], [ -121.913465, 36.562368 ], [ -121.913583, 36.561626 ], [ -121.912655, 36.560975 ], [ -121.912956, 36.560689 ], [ -121.913663, 36.561116 ], [ -121.913724, 36.560605 ], [ -121.913975, 36.559655 ], [ -121.913963, 36.559372 ], [ -121.914114, 36.558179 ], [ -121.914102, 36.558052 ], [ -121.914686, 36.554306 ], [ -121.91479, 36.553789 ], [ -121.914762, 36.55379 ], [ -121.914957, 36.552566 ], [ -121.915168, 36.551444 ], [ -121.915539, 36.548862 ], [ -121.915267, 36.548838 ], [ -121.915316, 36.548683 ], [ -121.915264, 36.548535 ], [ -121.915574, 36.548582 ], [ -121.915821, 36.546873 ], [ -121.916127, 36.546873 ], [ -121.916597, 36.546366 ], [ -121.916742, 36.545775 ], [ -121.915953, 36.545795 ], [ -121.916381, 36.543126 ], [ -121.916412, 36.542285 ], [ -121.916947, 36.541988 ], [ -121.916538, 36.541766 ], [ -121.91806, 36.540641 ], [ -121.919308, 36.541801 ], [ -121.919433, 36.541837 ], [ -121.920623, 36.541844 ], [ -121.920579, 36.541937 ], [ -121.920611, 36.542064 ], [ -121.921049, 36.542688 ], [ -121.921088, 36.54282 ], [ -121.921697, 36.542969 ], [ -121.921684, 36.54276 ], [ -121.922251, 36.542709 ], [ -121.922226, 36.542406 ], [ -121.922394, 36.542376 ], [ -121.922662, 36.54244 ], [ -121.922972, 36.542616 ], [ -121.922687, 36.542905 ], [ -121.922746, 36.543007 ], [ -121.922831, 36.543553 ], [ -121.923028, 36.543831 ], [ -121.923116, 36.543897 ], [ -121.92458, 36.544163 ], [ -121.924949, 36.544259 ], [ -121.92481, 36.544601 ], [ -121.92607, 36.544966 ], [ -121.926924, 36.54517 ], [ -121.927799, 36.545316 ], [ -121.928198, 36.545327 ], [ -121.929207, 36.545432 ], [ -121.929559, 36.545332 ], [ -121.930179, 36.544896 ], [ -121.930659, 36.544687 ], [ -121.931188, 36.544678 ], [ -121.93172, 36.544517 ], [ -121.93195, 36.544958 ] ] ] } },
{ "type": "Feature", "properties": { "place": "Del Rey Oaks", "place_kind": "city", "county": "Monterey" }, "geometry": { "type": "Polygon", "coordinates": [ [ [ -121.851313, 36.598447 ], [ -121.850753, 36.598871 ], [ -121.850509, 36.599107 ], [ -121.850266, 36.599401 ], [ -121.850052, 36.599736 ], [ -121.846843, 36.59714 ], [ -121.844394, 36.59706 ], [ -121.842697, 36.597138 ], [ -121.829572, 36.596839 ], [ -121.821385, 36.596898 ], [ -121.821371, 36.596714 ], [ -121.82117, 36.595949 ], [ -121.820843, 36.595077 ], [ -121.820584, 36.594552 ], [ -121.820285, 36.594042 ], [ -121.819948, 36.593547 ], [ -121.819573, 36.59307 ], [ -121.819162, 36.592613 ], [ -121.818239, 36.591765 ], [ -121.814574, 36.589095 ], [ -121.813726, 36.588316 ], [ -121.813002, 36.587459 ], [ -121.812691, 36.587005 ], [ -121.811064, 36.584046 ], [ -121.809923, 36.582274 ], [ -121.811125, 36.582346 ], [ -121.812059, 36.582342 ], [ -121.812792, 36.582302 ], [ -121.813944, 36.582173 ], [ -121.814773, 36.582028 ], [ -121.814814, 36.581997 ], [ -121.817571, 36.583859 ], [ -121.819137, 36.58498 ], [ -121.819979, 36.585641 ], [ -121.823633, 36.588713 ], [ -121.824348, 36.58924 ], [ -121.825414, 36.589896 ], [ -121.827691, 36.588117 ], [ -121.828903, 36.588891 ], [ -121.829437, 36.587424 ], [ -121.829191, 36.587471 ], [ -121.826643, 36.586314 ], [ -121.826962, 36.585695 ], [ -121.826641, 36.585447 ], [ -121.827559, 36.585097 ], [ -121.827719, 36.585519 ], [ -121.82926, 36.58587 ], [ -121.83025, 36.585823 ], [ -121.828516, 36.582599 ], [ -121.827795, 36.581337 ], [ -121.827753, 36.581153 ], [ -121.827966, 36.58088 ], [ -121.829105, 36.581412 ], [ -121.829557, 36.581556 ], [ -121.830456, 36.581751 ], [ -121.83105, 36.581809 ], [ -121.831653, 36.581813 ], [ -121.831515, 36.581948 ], [ -121.830864, 36.582261 ], [ -121.83054, 36.58254 ], [ -121.830518, 36.582805 ], [ -121.83215, 36.585951 ], [ -121.832685, 36.586148 ], [ -121.832862, 36.58666 ], [ -121.833962, 36.58936 ], [ -121.834097, 36.589801 ], [ -121.840626, 36.59239 ], [ -121.8451, 36.591982 ], [ -121.845709, 36.594353 ], [ -121.846922, 36.594493 ], [ -121.85013, 36.596515 ], [ -121.850428, 36.597008 ], [ -121.851021, 36.597376 ], [ -121.851058, 36.597615 ], [ -121.850991, 36.598384 ], [ -121.851147, 36.59838 ], [ -121.851313, 36.598447 ] ] ] } },
{ "type": "Feature", "properties": { "place": "Gonzales", "place_kind": "city", "county": "Monterey" }, "geometry": { "type": "MultiPolygon", "coordinates": [ [ [ [ -121.454069, 36.508811 ], [ -121.451779, 36.510534 ], [ -121.451922, 36.51066 ], [ -121.451027, 36.511295 ], [ -121.449784, 36.512384 ], [ -121.449356, 36.512028 ], [ -121.444033, 36.516233 ], [ -121.443419, 36.51574 ], [ -121.442239, 36.51665 ], [ -121.442507, 36.517095 ], [ -121.441084, 36.518049 ], [ -121.445012, 36.520427 ], [ -121.44568, 36.520771 ], [ -121.44627, 36.521022 ], [ -121.446825, 36.52122 ], [ -121.447505, 36.521415 ], [ -121.450647, 36.524236 ], [ -121.446956, 36.527164 ], [ -121.445718, 36.525963 ], [ -121.445342, 36.525535 ], [ -121.437304, 36.517613 ], [ -121.436507, 36.518143 ], [ -121.435959, 36.517614 ], [ -121.436214, 36.51741 ], [ -121.434463, 36.5157 ], [ -121.434285, 36.515488 ], [ -121.434882, 36.5152 ], [ -121.434463, 36.514606 ], [ -121.434344, 36.51434 ], [ -121.434164, 36.513757 ], [ -121.43301, 36.511732 ], [ -121.432774, 36.511532 ], [ -121.432503, 36.511364 ], [ -121.43189, 36.511133 ], [ -121.431589, 36.510933 ], [ -121.431299, 36.51059 ], [ -121.429481, 36.508072 ], [ -121.428455, 36.506912 ], [ -121.427052, 36.504981 ], [ -121.423827, 36.497957 ], [ -121.419597, 36.500367 ], [ -121.418208, 36.499308 ], [ -121.416918, 36.49665 ], [ -121.422613, 36.495347 ], [ -121.421971, 36.493778 ], [ -121.425338, 36.492935 ], [ -121.427159, 36.492231 ], [ -121.427223, 36.491974 ], [ -121.427929, 36.491799 ], [ -121.439917, 36.501746 ], [ -121.439988, 36.5018 ], [ -121.440128, 36.50172 ], [ -121.441109, 36.502497 ], [ -121.441753, 36.502007 ], [ -121.441993, 36.502178 ], [ -121.442669, 36.502539 ], [ -121.442943, 36.502772 ], [ -121.444413, 36.501669 ], [ -121.445876, 36.500751 ], [ -121.447013, 36.500081 ], [ -121.448589, 36.498985 ], [ -121.449568, 36.498358 ], [ -121.451168, 36.499962 ], [ -121.453645, 36.502349 ], [ -121.449482, 36.505015 ], [ -121.451228, 36.506517 ], [ -121.454069, 36.508811 ] ] ], [ [ [ -121.484481, 36.493435 ], [ -121.482926, 36.494368 ], [ -121.481265, 36.496371 ], [ -121.479306, 36.494796 ], [ -121.477841, 36.495689 ], [ -121.476027, 36.493265 ], [ -121.474869, 36.493599 ], [ -121.475036, 36.491408 ], [ -121.474003, 36.491327 ], [ -121.473901, 36.491281 ], [ -121.474683, 36.491011 ], [ -121.474626, 36.490931 ], [ -121.474928, 36.490804 ], [ -121.475192, 36.490888 ], [ -121.475257, 36.490808 ], [ -121.474438, 36.490404 ], [ -121.473894, 36.489965 ], [ -121.472989, 36.489953 ], [ -121.472955, 36.489721 ], [ -121.47283, 36.489518 ], [ -121.472704, 36.489408 ], [ -121.471502, 36.489065 ], [ -121.472285, 36.487229 ], [ -121.473902, 36.487414 ], [ -121.475761, 36.488806 ], [ -121.479007, 36.489712 ], [ -121.485734, 36.492629 ], [ -121.484481, 36.493435 ] ] ] ] } },
{ "type": "Feature", "properties": { "place": "Los Gatos", "place_kind": "city", "county": "Santa Cruz" }, "geometry": { "type": "Polygon", "coordinates": [ [ [ -121.997077, 37.226333 ], [ -121.997073, 37.227065 ], [ -121.99672, 37.2273 ], [ -121.996454, 37.227384 ], [ -121.996395, 37.227674 ], [ -121.996391, 37.227916 ], [ -121.995628, 37.228126 ], [ -121.994936, 37.228472 ], [ -121.993383, 37.22883 ], [ -121.993587, 37.228951 ], [ -121.992528, 37.229357 ], [ -121.992167, 37.229324 ], [ -121.991548, 37.229342 ], [ -121.991473, 37.229311 ], [ -121.991496, 37.229287 ], [ -121.991423, 37.229294 ], [ -121.990973, 37.229115 ], [ -121.990747, 37.229406 ], [ -121.990244, 37.229929 ], [ -121.989519, 37.229529 ], [ -121.988129, 37.231001 ], [ -121.987707, 37.230722 ], [ -121.98664, 37.23013 ], [ -121.985999, 37.229726 ], [ -121.984975, 37.230814 ], [ -121.984759, 37.230672 ], [ -121.98434, 37.231146 ], [ -121.984223, 37.231078 ], [ -121.984111, 37.231145 ], [ -121.982344, 37.23377 ], [ -121.982557, 37.233881 ], [ -121.982391, 37.234106 ], [ -121.982185, 37.233996 ], [ -121.981999, 37.234214 ], [ -121.981859, 37.234449 ], [ -121.982597, 37.234896 ], [ -121.983028, 37.235047 ], [ -121.983809, 37.235476 ], [ -121.984522, 37.234713 ], [ -121.986205, 37.235754 ], [ -121.98545, 37.236612 ], [ -121.984539, 37.236146 ], [ -121.98413, 37.23658 ], [ -121.98386, 37.23692 ], [ -121.984335, 37.237171 ], [ -121.984234, 37.237289 ], [ -121.98381, 37.237392 ], [ -121.984011, 37.237598 ], [ -121.984455, 37.237418 ], [ -121.984666, 37.237526 ], [ -121.984203, 37.238058 ], [ -121.984536, 37.238147 ], [ -121.986139, 37.238452 ], [ -121.985711, 37.240063 ], [ -121.984615, 37.23987 ], [ -121.98447, 37.24026 ], [ -121.984104, 37.24022 ], [ -121.983354, 37.24006 ], [ -121.983057, 37.241163 ], [ -121.982128, 37.240999 ], [ -121.982262, 37.240527 ], [ -121.982176, 37.240513 ], [ -121.982322, 37.240029 ], [ -121.981726, 37.239899 ], [ -121.981764, 37.239768 ], [ -121.982363, 37.23989 ], [ -121.982399, 37.23973 ], [ -121.981829, 37.239609 ], [ -121.981962, 37.239308 ], [ -121.982597, 37.239451 ], [ -121.982745, 37.23891 ], [ -121.98363, 37.239089 ], [ -121.9838, 37.23848 ], [ -121.98333, 37.23835 ], [ -121.982948, 37.238283 ], [ -121.983058, 37.237825 ], [ -121.979601, 37.237117 ], [ -121.979285, 37.237979 ], [ -121.978819, 37.23788 ], [ -121.978766, 37.238036 ], [ -121.978805, 37.238045 ], [ -121.978704, 37.238378 ], [ -121.978095, 37.238266 ], [ -121.978018, 37.238574 ], [ -121.977289, 37.238451 ], [ -121.97701, 37.23844 ], [ -121.97696, 37.23906 ], [ -121.97672, 37.24078 ], [ -121.97662, 37.24118 ], [ -121.975952, 37.241126 ], [ -121.975952, 37.241083 ], [ -121.97401, 37.240792 ], [ -121.973638, 37.241481 ], [ -121.973489, 37.241417 ], [ -121.973254, 37.24188 ], [ -121.97295, 37.24188 ], [ -121.972624, 37.241816 ], [ -121.972515, 37.242043 ], [ -121.972297, 37.242334 ], [ -121.972737, 37.242467 ], [ -121.972807, 37.242457 ], [ -121.973424, 37.242586 ], [ -121.973432, 37.242691 ], [ -121.9733, 37.243053 ], [ -121.97545, 37.24342 ], [ -121.97502, 37.24426 ], [ -121.97451, 37.24512 ], [ -121.97398, 37.24563 ], [ -121.973462, 37.246065 ], [ -121.974535, 37.246327 ], [ -121.975262, 37.246557 ], [ -121.975113, 37.246739 ], [ -121.974945, 37.247101 ], [ -121.97477, 37.247224 ], [ -121.974879, 37.247262 ], [ -121.974629, 37.247463 ], [ -121.97258, 37.24683 ], [ -121.97192, 37.24742 ], [ -121.97147, 37.24788 ], [ -121.97113, 37.24833 ], [ -121.9704, 37.24951 ], [ -121.96918, 37.25084 ], [ -121.96992, 37.25119 ], [ -121.97044, 37.2514 ], [ -121.97063, 37.25143 ], [ -121.973908, 37.251445 ], [ -121.973767, 37.251243 ], [ -121.97369, 37.251266 ], [ -121.973701, 37.250907 ], [ -121.97384, 37.250678 ], [ -121.974449, 37.250134 ], [ -121.97496, 37.24978 ], [ -121.974308, 37.249122 ], [ -121.976723, 37.249334 ], [ -121.978095, 37.253865 ], [ -121.979979, 37.254317 ], [ -121.979576, 37.252428 ], [ -121.979329, 37.249546 ], [ -121.985041, 37.250023 ], [ -121.98527, 37.25008 ], [ -121.99032, 37.25046 ], [ -121.99063, 37.25055 ], [ -121.99514, 37.25092 ], [ -121.99518, 37.25081 ], [ -121.995285, 37.250788 ], [ -121.995451, 37.250845 ], [ -121.995352, 37.2513 ], [ -121.995297, 37.251426 ], [ -121.994824, 37.25202 ], [ -121.994528, 37.252284 ], [ -121.994247, 37.252465 ], [ -121.993562, 37.252715 ], [ -121.99343, 37.25284 ], [ -121.993341, 37.25306 ], [ -121.993181, 37.253217 ], [ -121.993121, 37.25334 ], [ -121.993074, 37.253504 ], [ -121.99311, 37.25366 ], [ -121.99316, 37.2544 ], [ -121.992912, 37.254854 ], [ -121.992886, 37.254965 ], [ -121.992894, 37.255213 ], [ -121.99349, 37.25664 ], [ -121.99267, 37.258021 ], [ -121.992594, 37.258279 ], [ -121.992464, 37.258461 ], [ -121.992127, 37.259109 ], [ -121.991877, 37.259272 ], [ -121.991971, 37.259603 ], [ -121.99186, 37.259648 ], [ -121.991813, 37.259726 ], [ -121.991781, 37.259973 ], [ -121.991847, 37.260615 ], [ -121.991812, 37.26067 ], [ -121.991792, 37.260961 ], [ -121.991689, 37.261186 ], [ -121.991669, 37.261626 ], [ -121.991779, 37.262395 ], [ -121.991896, 37.262675 ], [ -121.991938, 37.262885 ], [ -121.99075, 37.26317 ], [ -121.98881, 37.26353 ], [ -121.98349, 37.26467 ], [ -121.98303, 37.26474 ], [ -121.982268, 37.264739 ], [ -121.981783, 37.265035 ], [ -121.981483, 37.265151 ], [ -121.981184, 37.265157 ], [ -121.979805, 37.264898 ], [ -121.979084, 37.264897 ], [ -121.97821, 37.26501 ], [ -121.97627, 37.26513 ], [ -121.974862, 37.265204 ], [ -121.974063, 37.265161 ], [ -121.973799, 37.265188 ], [ -121.97356, 37.26517 ], [ -121.97336, 37.26511 ], [ -121.97323, 37.26503 ], [ -121.97199, 37.26388 ], [ -121.97185, 37.26395 ], [ -121.97166, 37.26398 ], [ -121.96263, 37.26411 ], [ -121.96282, 37.26337 ], [ -121.96086, 37.26301 ], [ -121.96196, 37.26158 ], [ -121.95917, 37.26117 ], [ -121.957044, 37.260949 ], [ -121.956416, 37.260855 ], [ -121.956227, 37.260799 ], [ -121.954418, 37.258635 ], [ -121.954362, 37.258576 ], [ -121.953821, 37.258264 ], [ -121.954717, 37.257126 ], [ -121.955344, 37.256264 ], [ -121.954596, 37.255889 ], [ -121.954566, 37.255926 ], [ -121.9515, 37.25441 ], [ -121.951968, 37.253842 ], [ -121.951925, 37.253608 ], [ -121.95224, 37.25317 ], [ -121.951923, 37.252979 ], [ -121.951807, 37.252966 ], [ -121.950034, 37.246505 ], [ -121.948718, 37.246722 ], [ -121.948984, 37.247703 ], [ -121.948142, 37.247878 ], [ -121.947807, 37.24671 ], [ -121.947093, 37.246703 ], [ -121.946466, 37.244529 ], [ -121.94623, 37.243588 ], [ -121.945628, 37.243395 ], [ -121.944701, 37.24333 ], [ -121.943545, 37.243354 ], [ -121.94298, 37.24333 ], [ -121.941067, 37.24334 ], [ -121.940332, 37.243395 ], [ -121.940256, 37.23612 ], [ -121.934558, 37.23615 ], [ -121.934565, 37.236883 ], [ -121.934597, 37.236874 ], [ -121.93463, 37.238005 ], [ -121.93464, 37.240166 ], [ -121.933806, 37.240164 ], [ -121.933807, 37.243417 ], [ -121.931241, 37.243419 ], [ -121.931188, 37.242402 ], [ -121.930539, 37.24241 ], [ -121.93055, 37.243423 ], [ -121.929681, 37.243441 ], [ -121.92848, 37.24341 ], [ -121.927624, 37.243451 ], [ -121.927614, 37.242651 ], [ -121.92754, 37.24265 ], [ -121.927543, 37.24114 ], [ -121.926569, 37.241151 ], [ -121.926531, 37.241081 ], [ -121.926065, 37.241082 ], [ -121.925655, 37.241092 ], [ -121.925605, 37.241145 ], [ -121.925493, 37.241154 ], [ -121.925124, 37.241155 ], [ -121.925161, 37.243474 ], [ -121.922654, 37.243488 ], [ -121.922666, 37.24263 ], [ -121.923224, 37.24262 ], [ -121.923202, 37.24022 ], [ -121.923334, 37.240217 ], [ -121.923326, 37.239834 ], [ -121.924306, 37.239847 ], [ -121.924319, 37.2401 ], [ -121.925109, 37.240095 ], [ -121.925111, 37.236147 ], [ -121.92181, 37.236195 ], [ -121.91488, 37.23622 ], [ -121.911221, 37.23631 ], [ -121.911195, 37.230549 ], [ -121.909756, 37.230586 ], [ -121.909752, 37.22922 ], [ -121.909579, 37.229056 ], [ -121.909723, 37.229049 ], [ -121.909732, 37.227555 ], [ -121.91129, 37.227533 ], [ -121.91129, 37.226709 ], [ -121.912871, 37.22669 ], [ -121.912855, 37.225321 ], [ -121.910516, 37.225031 ], [ -121.910422, 37.22511 ], [ -121.910173, 37.225211 ], [ -121.909522, 37.225296 ], [ -121.90904, 37.22549 ], [ -121.908756, 37.225845 ], [ -121.908443, 37.226075 ], [ -121.906795, 37.226453 ], [ -121.905542, 37.224378 ], [ -121.905768, 37.223804 ], [ -121.906298, 37.223062 ], [ -121.906573, 37.222326 ], [ -121.90667, 37.222188 ], [ -121.906866, 37.221987 ], [ -121.907951, 37.221404 ], [ -121.908183, 37.221194 ], [ -121.908348, 37.220938 ], [ -121.909199, 37.220178 ], [ -121.909288, 37.219953 ], [ -121.909289, 37.219645 ], [ -121.909199, 37.219387 ], [ -121.908801, 37.2187 ], [ -121.908774, 37.218574 ], [ -121.908849, 37.218293 ], [ -121.908939, 37.218167 ], [ -121.909076, 37.218024 ], [ -121.909372, 37.217815 ], [ -121.909695, 37.21764 ], [ -121.910409, 37.217365 ], [ -121.912442, 37.2169 ], [ -121.91266, 37.21707 ], [ -121.91302, 37.21662 ], [ -121.91331, 37.2161 ], [ -121.91338, 37.21596 ], [ -121.91346, 37.21543 ], [ -121.913411, 37.215278 ], [ -121.913297, 37.215248 ], [ -121.913183, 37.215169 ], [ -121.913002, 37.214929 ], [ -121.91254, 37.21367 ], [ -121.912826, 37.21332 ], [ -121.912751, 37.212299 ], [ -121.912815, 37.212235 ], [ -121.912811, 37.211052 ], [ -121.917321, 37.21104 ], [ -121.917306, 37.211941 ], [ -121.921825, 37.211921 ], [ -121.921828, 37.213236 ], [ -121.921854, 37.213415 ], [ -121.921, 37.213412 ], [ -121.921135, 37.214635 ], [ -121.92173, 37.214636 ], [ -121.921753, 37.214765 ], [ -121.92362, 37.21473 ], [ -121.92364, 37.21449 ], [ -121.92361, 37.21439 ], [ -121.925031, 37.214087 ], [ -121.925754, 37.213338 ], [ -121.93089, 37.213192 ], [ -121.930917, 37.203104 ], [ -121.930968, 37.199261 ], [ -121.947616, 37.19929 ], [ -121.947309, 37.206834 ], [ -121.950468, 37.206914 ], [ -121.951076, 37.206887 ], [ -121.951079, 37.206932 ], [ -121.95494, 37.20706 ], [ -121.954841, 37.209827 ], [ -121.954441, 37.210283 ], [ -121.954111, 37.210192 ], [ -121.953912, 37.210092 ], [ -121.953146, 37.2105 ], [ -121.953078, 37.210585 ], [ -121.953007, 37.210572 ], [ -121.952536, 37.210754 ], [ -121.952342, 37.210668 ], [ -121.952339, 37.210478 ], [ -121.949468, 37.210537 ], [ -121.949432, 37.211364 ], [ -121.951644, 37.211319 ], [ -121.951647, 37.211162 ], [ -121.953664, 37.211131 ], [ -121.953747, 37.211208 ], [ -121.953614, 37.211419 ], [ -121.953608, 37.211591 ], [ -121.953685, 37.211832 ], [ -121.953786, 37.212004 ], [ -121.953954, 37.212192 ], [ -121.954044, 37.212237 ], [ -121.954788, 37.212216 ], [ -121.954814, 37.211151 ], [ -121.955516, 37.211012 ], [ -121.955538, 37.212098 ], [ -121.956298, 37.212094 ], [ -121.95657, 37.20788 ], [ -121.956567, 37.207095 ], [ -121.958899, 37.207129 ], [ -121.958746, 37.208549 ], [ -121.95873, 37.20918 ], [ -121.95919, 37.20902 ], [ -121.95936, 37.20932 ], [ -121.959532, 37.20945 ], [ -121.959267, 37.20969 ], [ -121.958771, 37.209813 ], [ -121.958604, 37.209797 ], [ -121.958518, 37.210572 ], [ -121.95966, 37.210599 ], [ -121.959623, 37.21064 ], [ -121.9597, 37.210993 ], [ -121.959964, 37.211389 ], [ -121.959964, 37.211522 ], [ -121.959902, 37.211627 ], [ -121.959889, 37.211779 ], [ -121.959948, 37.211903 ], [ -121.959948, 37.212191 ], [ -121.960016, 37.212528 ], [ -121.960769, 37.212624 ], [ -121.961133, 37.212495 ], [ -121.961107, 37.212297 ], [ -121.961312, 37.212152 ], [ -121.961504, 37.211962 ], [ -121.961725, 37.212305 ], [ -121.961557, 37.212345 ], [ -121.962239, 37.212785 ], [ -121.961951, 37.213091 ], [ -121.961765, 37.213364 ], [ -121.962694, 37.213673 ], [ -121.962393, 37.21411 ], [ -121.962849, 37.213878 ], [ -121.963238, 37.213801 ], [ -121.963449, 37.213586 ], [ -121.963921, 37.21351 ], [ -121.963934, 37.213681 ], [ -121.963833, 37.213788 ], [ -121.963788, 37.213893 ], [ -121.964452, 37.213789 ], [ -121.964878, 37.213852 ], [ -121.965214, 37.213745 ], [ -121.965874, 37.213648 ], [ -121.966189, 37.213763 ], [ -121.966553, 37.214052 ], [ -121.966746, 37.214167 ], [ -121.966849, 37.214106 ], [ -121.967141, 37.214197 ], [ -121.967354, 37.214226 ], [ -121.967361, 37.211711 ], [ -121.967725, 37.211712 ], [ -121.96775, 37.211669 ], [ -121.967883, 37.211844 ], [ -121.968714, 37.212178 ], [ -121.968826, 37.212188 ], [ -121.969099, 37.212118 ], [ -121.969299, 37.212199 ], [ -121.969527, 37.212171 ], [ -121.970049, 37.212008 ], [ -121.970029, 37.213069 ], [ -121.970202, 37.213068 ], [ -121.970129, 37.213203 ], [ -121.970269, 37.213331 ], [ -121.970554, 37.21335 ], [ -121.970687, 37.213523 ], [ -121.970507, 37.214206 ], [ -121.971886, 37.214204 ], [ -121.97186, 37.213003 ], [ -121.97188, 37.211159 ], [ -121.971775, 37.211039 ], [ -121.971775, 37.210994 ], [ -121.971865, 37.210896 ], [ -121.971854, 37.209734 ], [ -121.971524, 37.209715 ], [ -121.971531, 37.209595 ], [ -121.971386, 37.209345 ], [ -121.971252, 37.209022 ], [ -121.971022, 37.208746 ], [ -121.970804, 37.208622 ], [ -121.970762, 37.208557 ], [ -121.970813, 37.20832 ], [ -121.970783, 37.20807 ], [ -121.970826, 37.207913 ], [ -121.970896, 37.207887 ], [ -121.970963, 37.207685 ], [ -121.970891, 37.207508 ], [ -121.970922, 37.207307 ], [ -121.970837, 37.207207 ], [ -121.971826, 37.207192 ], [ -121.971798, 37.206849 ], [ -121.973408, 37.206801 ], [ -121.973364, 37.205227 ], [ -121.971879, 37.205257 ], [ -121.971947, 37.203597 ], [ -121.97263, 37.20342 ], [ -121.97284, 37.2034 ], [ -121.97341, 37.20343 ], [ -121.973521, 37.20339 ], [ -121.976319, 37.203363 ], [ -121.976266, 37.201833 ], [ -121.977085, 37.201776 ], [ -121.985881, 37.201406 ], [ -121.985799, 37.205328 ], [ -121.988593, 37.205334 ], [ -121.9885, 37.205514 ], [ -121.9886, 37.205772 ], [ -121.988567, 37.206018 ], [ -121.988381, 37.206184 ], [ -121.988427, 37.206562 ], [ -121.988836, 37.207013 ], [ -121.989001, 37.207059 ], [ -121.989165, 37.207215 ], [ -121.989333, 37.20784 ], [ -121.989273, 37.20793 ], [ -121.989183, 37.208241 ], [ -121.989082, 37.208459 ], [ -121.989039, 37.209089 ], [ -121.989096, 37.209184 ], [ -121.98943, 37.210317 ], [ -121.989431, 37.210718 ], [ -121.989389, 37.210863 ], [ -121.989322, 37.210966 ], [ -121.989117, 37.211151 ], [ -121.9884, 37.211573 ], [ -121.988242, 37.2117 ], [ -121.987683, 37.212307 ], [ -121.987411, 37.212667 ], [ -121.987254, 37.213077 ], [ -121.987221, 37.213493 ], [ -121.987374, 37.214117 ], [ -121.987406, 37.214159 ], [ -121.987901, 37.214208 ], [ -121.987888, 37.214133 ], [ -121.988392, 37.214175 ], [ -121.988371, 37.214081 ], [ -121.98896, 37.214111 ], [ -121.990262, 37.214087 ], [ -121.990372, 37.21551 ], [ -121.990527, 37.220732 ], [ -121.990821, 37.220497 ], [ -121.991154, 37.220399 ], [ -121.991873, 37.220301 ], [ -121.991951, 37.220315 ], [ -121.992093, 37.220222 ], [ -121.992225, 37.220036 ], [ -121.992161, 37.219818 ], [ -121.992213, 37.219749 ], [ -121.992306, 37.219703 ], [ -121.993153, 37.219978 ], [ -121.993304, 37.219962 ], [ -121.991495, 37.221518 ], [ -121.992064, 37.221723 ], [ -121.992316, 37.222088 ], [ -121.995188, 37.224526 ], [ -121.995927, 37.225213 ], [ -121.995902, 37.225595 ], [ -121.996191, 37.225617 ], [ -121.996609, 37.225994 ], [ -121.99696, 37.22613 ], [ -121.99706, 37.22624 ], [ -121.997077, 37.226333 ] ], [ [ -121.987075, 37.206551 ], [ -121.986895, 37.206266 ], [ -121.986904, 37.205921 ], [ -121.986694, 37.206278 ], [ -121.986656, 37.206433 ], [ -121.986597, 37.206488 ], [ -121.986481, 37.206501 ], [ -121.986273, 37.206463 ], [ -121.98573, 37.206259 ], [ -121.985707, 37.206193 ], [ -121.985753, 37.206144 ], [ -121.986127, 37.206076 ], [ -121.986175, 37.206035 ], [ -121.986173, 37.205955 ], [ -121.98598, 37.205863 ], [ -121.985698, 37.205824 ], [ -121.985479, 37.205847 ], [ -121.984946, 37.206061 ], [ -121.984652, 37.206322 ], [ -121.984171, 37.206662 ], [ -121.983405, 37.206737 ], [ -121.983021, 37.206903 ], [ -121.98258, 37.206249 ], [ -121.982342, 37.206203 ], [ -121.981761, 37.206316 ], [ -121.981621, 37.206282 ], [ -121.980637, 37.205855 ], [ -121.980642, 37.206414 ], [ -121.980586, 37.20662 ], [ -121.980672, 37.20679 ], [ -121.980687, 37.207025 ], [ -121.980659, 37.207326 ], [ -121.9805, 37.207569 ], [ -121.980094, 37.207811 ], [ -121.979971, 37.20792 ], [ -121.979876, 37.20829 ], [ -121.979711, 37.208503 ], [ -121.979259, 37.208518 ], [ -121.978996, 37.208475 ], [ -121.978581, 37.208319 ], [ -121.978355, 37.208283 ], [ -121.978149, 37.208371 ], [ -121.976792, 37.209461 ], [ -121.976319, 37.209553 ], [ -121.97635, 37.214181 ], [ -121.979891, 37.214178 ], [ -121.980422, 37.214109 ], [ -121.98111, 37.21407 ], [ -121.9811, 37.21417 ], [ -121.98118, 37.21429 ], [ -121.98129, 37.21433 ], [ -121.98214, 37.21432 ], [ -121.98227, 37.21426 ], [ -121.98236, 37.21408 ], [ -121.98259, 37.21403 ], [ -121.985745, 37.214035 ], [ -121.986131, 37.213236 ], [ -121.986202, 37.213244 ], [ -121.986208, 37.213153 ], [ -121.986209, 37.211353 ], [ -121.986095, 37.208006 ], [ -121.986055, 37.207942 ], [ -121.986358, 37.206997 ], [ -121.986714, 37.206915 ], [ -121.986879, 37.206842 ], [ -121.987036, 37.206703 ], [ -121.987075, 37.206551 ] ], [ [ -121.961857, 37.237851 ], [ -121.957893, 37.237299 ], [ -121.957931, 37.236324 ], [ -121.957288, 37.236244 ], [ -121.95686, 37.236241 ], [ -121.956852, 37.236327 ], [ -121.956319, 37.236658 ], [ -121.95616, 37.23654 ], [ -121.955919, 37.236522 ], [ -121.955913, 37.236898 ], [ -121.955401, 37.236901 ], [ -121.955339, 37.237201 ], [ -121.955891, 37.237354 ], [ -121.956032, 37.237117 ], [ -121.956346, 37.237123 ], [ -121.95632, 37.23761 ], [ -121.956235, 37.237672 ], [ -121.956006, 37.237589 ], [ -121.955779, 37.237923 ], [ -121.955484, 37.237909 ], [ -121.955745, 37.237493 ], [ -121.955354, 37.237339 ], [ -121.955106, 37.237327 ], [ -121.955097, 37.237101 ], [ -121.955127, 37.237068 ], [ -121.955128, 37.236961 ], [ -121.955091, 37.236906 ], [ -121.955093, 37.236519 ], [ -121.954999, 37.236518 ], [ -121.954986, 37.236178 ], [ -121.953882, 37.236187 ], [ -121.953733, 37.236184 ], [ -121.953734, 37.236159 ], [ -121.951626, 37.236183 ], [ -121.951328, 37.236492 ], [ -121.950986, 37.236736 ], [ -121.950815, 37.237061 ], [ -121.950676, 37.237484 ], [ -121.950459, 37.237513 ], [ -121.950146, 37.236456 ], [ -121.949731, 37.236467 ], [ -121.949023, 37.236696 ], [ -121.949113, 37.23688 ], [ -121.949821, 37.236657 ], [ -121.950109, 37.237687 ], [ -121.949624, 37.237878 ], [ -121.949144, 37.238271 ], [ -121.948847, 37.238378 ], [ -121.948609, 37.237549 ], [ -121.948612, 37.237389 ], [ -121.948532, 37.237442 ], [ -121.948167, 37.237564 ], [ -121.948407, 37.238437 ], [ -121.947792, 37.238489 ], [ -121.947655, 37.238543 ], [ -121.947435, 37.238676 ], [ -121.947187, 37.238896 ], [ -121.946882, 37.239084 ], [ -121.947018, 37.239602 ], [ -121.947628, 37.239496 ], [ -121.947621, 37.239468 ], [ -121.948216, 37.239347 ], [ -121.948252, 37.239501 ], [ -121.947059, 37.23975 ], [ -121.947934, 37.242996 ], [ -121.948522, 37.242883 ], [ -121.94856, 37.243029 ], [ -121.947976, 37.243131 ], [ -121.948013, 37.243276 ], [ -121.949229, 37.243065 ], [ -121.949322, 37.243319 ], [ -121.951561, 37.242894 ], [ -121.951484, 37.242571 ], [ -121.951834, 37.242501 ], [ -121.951956, 37.242829 ], [ -121.954016, 37.242464 ], [ -121.953742, 37.241611 ], [ -121.954794, 37.24136 ], [ -121.954847, 37.241283 ], [ -121.954995, 37.241232 ], [ -121.955443, 37.242169 ], [ -121.956843, 37.241828 ], [ -121.956659, 37.241363 ], [ -121.956692, 37.240272 ], [ -121.957208, 37.24028 ], [ -121.95716, 37.24175 ], [ -121.959215, 37.2411 ], [ -121.958828, 37.24014 ], [ -121.95926, 37.23994 ], [ -121.959704, 37.239626 ], [ -121.96039, 37.239845 ], [ -121.960803, 37.238981 ], [ -121.96129, 37.23907 ], [ -121.961857, 37.237851 ] ], [ [ -121.959931, 37.213884 ], [ -121.959947, 37.213427 ], [ -121.95981, 37.21319 ], [ -121.95989, 37.2131 ], [ -121.959687, 37.212849 ], [ -121.959318, 37.212608 ], [ -121.958989, 37.212113 ], [ -121.958278, 37.212346 ], [ -121.958216, 37.211998 ], [ -121.957619, 37.212369 ], [ -121.957523, 37.2124 ], [ -121.957591, 37.212648 ], [ -121.957493, 37.212626 ], [ -121.95745, 37.212646 ], [ -121.957426, 37.212617 ], [ -121.957012, 37.212623 ], [ -121.957002, 37.21275 ], [ -121.957252, 37.212846 ], [ -121.957112, 37.212897 ], [ -121.956808, 37.212923 ], [ -121.956431, 37.213157 ], [ -121.956253, 37.213186 ], [ -121.956198, 37.214243 ], [ -121.958309, 37.214242 ], [ -121.958369, 37.214138 ], [ -121.95879, 37.21409 ], [ -121.95909, 37.2142 ], [ -121.95993, 37.21422 ], [ -121.959988, 37.214209 ], [ -121.959931, 37.213884 ] ], [ [ -121.955268, 37.24221 ], [ -121.954957, 37.24153 ], [ -121.954906, 37.241497 ], [ -121.95406, 37.241688 ], [ -121.954179, 37.241997 ], [ -121.954288, 37.242414 ], [ -121.955268, 37.24221 ] ], [ [ -121.953984, 37.214022 ], [ -121.953905, 37.214091 ], [ -121.953644, 37.213855 ], [ -121.953666, 37.213797 ], [ -121.953634, 37.213715 ], [ -121.953436, 37.21342 ], [ -121.953407, 37.213338 ], [ -121.953421, 37.213276 ], [ -121.95348, 37.213232 ], [ -121.953876, 37.213327 ], [ -121.95357, 37.213151 ], [ -121.953512, 37.213186 ], [ -121.953428, 37.213136 ], [ -121.9533, 37.212986 ], [ -121.95317, 37.212629 ], [ -121.953101, 37.212239 ], [ -121.953083, 37.211542 ], [ -121.951903, 37.211565 ], [ -121.951903, 37.211663 ], [ -121.951663, 37.211671 ], [ -121.95167, 37.211893 ], [ -121.950896, 37.211893 ], [ -121.950891, 37.211965 ], [ -121.950155, 37.211977 ], [ -121.950161, 37.212265 ], [ -121.952312, 37.212265 ], [ -121.952288, 37.214308 ], [ -121.952432, 37.214136 ], [ -121.952534, 37.214294 ], [ -121.953008, 37.214364 ], [ -121.954083, 37.21434 ], [ -121.953984, 37.214022 ] ], [ [ -121.951273, 37.235844 ], [ -121.950838, 37.235733 ], [ -121.950815, 37.235436 ], [ -121.95005, 37.235691 ], [ -121.950127, 37.235938 ], [ -121.95065, 37.235882 ], [ -121.950764, 37.235998 ], [ -121.950926, 37.236046 ], [ -121.951129, 37.236012 ], [ -121.951106, 37.235933 ], [ -121.95121, 37.23593 ], [ -121.951273, 37.235844 ] ], [ [ -121.950277, 37.236323 ], [ -121.950242, 37.236187 ], [ -121.949707, 37.236181 ], [ -121.94974, 37.23632 ], [ -121.950277, 37.236323 ] ], [ [ -121.93779, 37.22142 ], [ -121.93764, 37.22125 ], [ -121.93747, 37.22114 ], [ -121.93642, 37.22079 ], [ -121.9356, 37.22079 ], [ -121.93555, 37.22076 ], [ -121.93551, 37.22071 ], [ -121.9355, 37.2202 ], [ -121.93558, 37.2199 ], [ -121.93566, 37.21977 ], [ -121.935571, 37.219405 ], [ -121.93491, 37.21943 ], [ -121.93448, 37.2194 ], [ -121.93416, 37.21945 ], [ -121.933603, 37.21963 ], [ -121.93298, 37.21962 ], [ -121.93271, 37.21953 ], [ -121.932177, 37.218956 ], [ -121.932075, 37.218951 ], [ -121.93206, 37.22025 ], [ -121.931056, 37.219738 ], [ -121.931059, 37.219573 ], [ -121.93081, 37.21958 ], [ -121.92981, 37.219246 ], [ -121.92984, 37.21917 ], [ -121.93006, 37.218958 ], [ -121.930608, 37.219097 ], [ -121.931057, 37.219418 ], [ -121.931063, 37.218929 ], [ -121.93216, 37.218936 ], [ -121.932, 37.21872 ], [ -121.93199, 37.21855 ], [ -121.93205, 37.21836 ], [ -121.93222, 37.21829 ], [ -121.9324, 37.21827 ], [ -121.93273, 37.2183 ], [ -121.93357, 37.21842 ], [ -121.93384, 37.2184 ], [ -121.9339, 37.21828 ], [ -121.93389, 37.21823 ], [ -121.93383, 37.2182 ], [ -121.933891, 37.218124 ], [ -121.933857, 37.217475 ], [ -121.93413, 37.217468 ], [ -121.934121, 37.214277 ], [ -121.930807, 37.214277 ], [ -121.92738, 37.214379 ], [ -121.925865, 37.215006 ], [ -121.925858, 37.215077 ], [ -121.92572, 37.21514 ], [ -121.924363, 37.215534 ], [ -121.924279, 37.215522 ], [ -121.924178, 37.215595 ], [ -121.924134, 37.215497 ], [ -121.923763, 37.21556 ], [ -121.92348, 37.21555 ], [ -121.92281, 37.21566 ], [ -121.92264, 37.21571 ], [ -121.92241, 37.21584 ], [ -121.9223, 37.21613 ], [ -121.92226, 37.21636 ], [ -121.922273, 37.2165 ], [ -121.921808, 37.216497 ], [ -121.921818, 37.218025 ], [ -121.916212, 37.217337 ], [ -121.916003, 37.217493 ], [ -121.916008, 37.217944 ], [ -121.915806, 37.21798 ], [ -121.91711, 37.21867 ], [ -121.91794, 37.21892 ], [ -121.92015, 37.21913 ], [ -121.92095, 37.21916 ], [ -121.920822, 37.219325 ], [ -121.920523, 37.219479 ], [ -121.920583, 37.220751 ], [ -121.919951, 37.220615 ], [ -121.919942, 37.221665 ], [ -121.921928, 37.221661 ], [ -121.921883, 37.219314 ], [ -121.92271, 37.21955 ], [ -121.922731, 37.219501 ], [ -121.922933, 37.219617 ], [ -121.923436, 37.219781 ], [ -121.923513, 37.219554 ], [ -121.924806, 37.21917 ], [ -121.925432, 37.219062 ], [ -121.925571, 37.219586 ], [ -121.925445, 37.219671 ], [ -121.925218, 37.219743 ], [ -121.924763, 37.219742 ], [ -121.924373, 37.219868 ], [ -121.923967, 37.22005 ], [ -121.9244, 37.22033 ], [ -121.924186, 37.220922 ], [ -121.92511, 37.22122 ], [ -121.92513, 37.22165 ], [ -121.92541, 37.22212 ], [ -121.92563, 37.22241 ], [ -121.925828, 37.222579 ], [ -121.92752, 37.22317 ], [ -121.92864, 37.22398 ], [ -121.92992, 37.22468 ], [ -121.931066, 37.225211 ], [ -121.931091, 37.226432 ], [ -121.93148, 37.22647 ], [ -121.93157, 37.22656 ], [ -121.93158, 37.22661 ], [ -121.93155, 37.22668 ], [ -121.9315, 37.2267 ], [ -121.93108, 37.22674 ], [ -121.931082, 37.226696 ], [ -121.927053, 37.224657 ], [ -121.926228, 37.224825 ], [ -121.925908, 37.225322 ], [ -121.925987, 37.225565 ], [ -121.926212, 37.225626 ], [ -121.926247, 37.225908 ], [ -121.926287, 37.225975 ], [ -121.926446, 37.226023 ], [ -121.926745, 37.225785 ], [ -121.926934, 37.225826 ], [ -121.92703, 37.22574 ], [ -121.92719, 37.22567 ], [ -121.92752, 37.22565 ], [ -121.927822, 37.226176 ], [ -121.927717, 37.226733 ], [ -121.92758, 37.227026 ], [ -121.92911, 37.227015 ], [ -121.929135, 37.228885 ], [ -121.931095, 37.228846 ], [ -121.932804, 37.228858 ], [ -121.933376, 37.227601 ], [ -121.93338, 37.227468 ], [ -121.933491, 37.227041 ], [ -121.933847, 37.226495 ], [ -121.934193, 37.226058 ], [ -121.934711, 37.225743 ], [ -121.935018, 37.2255 ], [ -121.935174, 37.225328 ], [ -121.93522, 37.225206 ], [ -121.93579, 37.22525 ], [ -121.93615, 37.22532 ], [ -121.936634, 37.225492 ], [ -121.936846, 37.225029 ], [ -121.937151, 37.224756 ], [ -121.93765, 37.224421 ], [ -121.936567, 37.223235 ], [ -121.936549, 37.222631 ], [ -121.935036, 37.222652 ], [ -121.935011, 37.221561 ], [ -121.937735, 37.221539 ], [ -121.93779, 37.22142 ] ], [ [ -121.949707, 37.236181 ], [ -121.949549, 37.235706 ], [ -121.949155, 37.235827 ], [ -121.949028, 37.235481 ], [ -121.948288, 37.235733 ], [ -121.948554, 37.23624 ], [ -121.948119, 37.236383 ], [ -121.948259, 37.236669 ], [ -121.949707, 37.236181 ] ] ] } },
{ "type": "Feature", "properties": { "place": "Sunnyvale", "place_kind": "city", "county": "Santa Cruz" }, "geometry": { "type": "Polygon", "coordinates": [ [ [ -122.065039, 37.343697 ], [ -122.064891, 37.344431 ], [ -122.064415, 37.344632 ], [ -122.064132, 37.344819 ], [ -122.064122, 37.344987 ], [ -122.064227, 37.345271 ], [ -122.064161, 37.345593 ], [ -122.064315, 37.346205 ], [ -122.064134, 37.346406 ], [ -122.063684, 37.346607 ], [ -122.063645, 37.346674 ], [ -122.063611, 37.346875 ], [ -122.063638, 37.346968 ], [ -122.063877, 37.347157 ], [ -122.064465, 37.347417 ], [ -122.064967, 37.347778 ], [ -122.064747, 37.348034 ], [ -122.064795, 37.348394 ], [ -122.064696, 37.348951 ], [ -122.064179, 37.349198 ], [ -122.064281, 37.349975 ], [ -122.06373, 37.350465 ], [ -122.063475, 37.35114 ], [ -122.062887, 37.351935 ], [ -122.063246, 37.35216 ], [ -122.063314, 37.352163 ], [ -122.063479, 37.352506 ], [ -122.063482, 37.352871 ], [ -122.063244, 37.353159 ], [ -122.062784, 37.353491 ], [ -122.062673, 37.353527 ], [ -122.062416, 37.353542 ], [ -122.061967, 37.354212 ], [ -122.061746, 37.354444 ], [ -122.061557, 37.354068 ], [ -122.060853, 37.354558 ], [ -122.06077, 37.354645 ], [ -122.060722, 37.354766 ], [ -122.060732, 37.354807 ], [ -122.060952, 37.354992 ], [ -122.061218, 37.355096 ], [ -122.061583, 37.355337 ], [ -122.061639, 37.355405 ], [ -122.06167, 37.35572 ], [ -122.061647, 37.355832 ], [ -122.061548, 37.355951 ], [ -122.061409, 37.35608 ], [ -122.061135, 37.3562 ], [ -122.060956, 37.356464 ], [ -122.060915, 37.356887 ], [ -122.060922, 37.357299 ], [ -122.060956, 37.357404 ], [ -122.061114, 37.357607 ], [ -122.061617, 37.35792 ], [ -122.062002, 37.358206 ], [ -122.062422, 37.358623 ], [ -122.062539, 37.358783 ], [ -122.062574, 37.358915 ], [ -122.062457, 37.359305 ], [ -122.061933, 37.359898 ], [ -122.061858, 37.360046 ], [ -122.061708, 37.360665 ], [ -122.061627, 37.360775 ], [ -122.061485, 37.361136 ], [ -122.061834, 37.361909 ], [ -122.061602, 37.362519 ], [ -122.062108, 37.362869 ], [ -122.062157, 37.363607 ], [ -122.061983, 37.364277 ], [ -122.061993, 37.364616 ], [ -122.062316, 37.365037 ], [ -122.062619, 37.365799 ], [ -122.063259, 37.366723 ], [ -122.059789, 37.372364 ], [ -122.058463, 37.374599 ], [ -122.060329, 37.375354 ], [ -122.058328, 37.381414 ], [ -122.056931, 37.385452 ], [ -122.052728, 37.384557 ], [ -122.0524, 37.38556 ], [ -122.052311, 37.385744 ], [ -122.05227, 37.38597 ], [ -122.05218, 37.38615 ], [ -122.05123, 37.38591 ], [ -122.05059, 37.38585 ], [ -122.04968, 37.38587 ], [ -122.04864, 37.38607 ], [ -122.04764, 37.38639 ], [ -122.04744, 37.38648 ], [ -122.04735, 37.38657 ], [ -122.04732, 37.38663 ], [ -122.04746, 37.38788 ], [ -122.04743, 37.38803 ], [ -122.047262, 37.388208 ], [ -122.047461, 37.389095 ], [ -122.046762, 37.389049 ], [ -122.045589, 37.392475 ], [ -122.045254, 37.393656 ], [ -122.044981, 37.394453 ], [ -122.046647, 37.394962 ], [ -122.045643, 37.397783 ], [ -122.044979, 37.399822 ], [ -122.046413, 37.400089 ], [ -122.046008, 37.401211 ], [ -122.046984, 37.401425 ], [ -122.047403, 37.401552 ], [ -122.046872, 37.403006 ], [ -122.04543, 37.40271 ], [ -122.03895, 37.40123 ], [ -122.037361, 37.400906 ], [ -122.037273, 37.401432 ], [ -122.037101, 37.405919 ], [ -122.03706, 37.40597 ], [ -122.037156, 37.407645 ], [ -122.037092, 37.411901 ], [ -122.03709, 37.41874 ], [ -122.03703, 37.419 ], [ -122.036789, 37.421494 ], [ -122.034672, 37.426438 ], [ -122.037118, 37.426649 ], [ -122.037305, 37.426717 ], [ -122.040231, 37.426988 ], [ -122.040418, 37.426947 ], [ -122.043572, 37.427239 ], [ -122.049172, 37.426139 ], [ -122.057272, 37.426539 ], [ -122.059772, 37.426839 ], [ -122.059673, 37.434039 ], [ -122.060006, 37.443622 ], [ -122.059936, 37.445624 ], [ -122.059673, 37.464087 ], [ -122.052648, 37.459656 ], [ -122.051931, 37.459251 ], [ -122.051244, 37.459007 ], [ -122.050313, 37.4589 ], [ -122.04897, 37.4589 ], [ -122.047825, 37.459007 ], [ -122.046574, 37.459526 ], [ -122.045271, 37.460276 ], [ -122.045384, 37.455673 ], [ -122.045672, 37.449025 ], [ -122.045572, 37.443239 ], [ -122.043831, 37.442226 ], [ -122.012282, 37.426094 ], [ -121.996671, 37.41804 ], [ -121.996151, 37.41767 ], [ -121.988232, 37.417674 ], [ -121.988241, 37.417554 ], [ -121.98637, 37.417529 ], [ -121.986374, 37.413258 ], [ -121.98632, 37.412231 ], [ -121.98632, 37.41068 ], [ -121.986503, 37.41068 ], [ -121.986516, 37.404208 ], [ -121.986662, 37.403323 ], [ -121.986651, 37.395972 ], [ -121.987023, 37.395973 ], [ -121.986947, 37.38473 ], [ -121.986974, 37.382878 ], [ -121.98697, 37.37778 ], [ -121.99747, 37.3777 ], [ -122.001593, 37.377602 ], [ -122.00283, 37.377384 ], [ -122.003979, 37.37705 ], [ -122.004706, 37.373912 ], [ -121.99746, 37.37395 ], [ -121.99631, 37.37399 ], [ -121.99115, 37.37401 ], [ -121.98245, 37.37411 ], [ -121.98242, 37.3717 ], [ -121.98256, 37.37137 ], [ -121.982405, 37.371365 ], [ -121.982402, 37.370583 ], [ -121.982569, 37.370583 ], [ -121.982581, 37.370283 ], [ -121.982867, 37.370285 ], [ -121.983432, 37.370415 ], [ -121.995917, 37.370305 ], [ -121.995917, 37.370148 ], [ -121.99585, 37.37009 ], [ -121.99583, 37.36999 ], [ -121.995792, 37.367165 ], [ -121.995737, 37.366911 ], [ -121.995851, 37.363479 ], [ -121.99581, 37.36199 ], [ -121.995839, 37.360666 ], [ -121.999616, 37.360653 ], [ -121.999608, 37.359514 ], [ -122.000521, 37.359503 ], [ -122.000445, 37.354075 ], [ -122.001593, 37.354052 ], [ -122.001567, 37.352421 ], [ -122.000971, 37.352434 ], [ -122.00098, 37.35336 ], [ -122.000424, 37.353373 ], [ -122.000405, 37.352338 ], [ -122.000322, 37.35234 ], [ -122.000286, 37.348622 ], [ -121.999905, 37.34866 ], [ -121.999949, 37.347153 ], [ -122.000202, 37.34715 ], [ -122.000217, 37.345244 ], [ -122.000661, 37.345273 ], [ -122.002074, 37.345262 ], [ -122.003001, 37.345311 ], [ -122.002888, 37.341392 ], [ -122.00275, 37.34143 ], [ -122.0023, 37.34144 ], [ -121.999452, 37.341428 ], [ -121.995608, 37.341463 ], [ -121.99554, 37.33787 ], [ -121.99768, 37.33783 ], [ -122.0071, 37.33777 ], [ -122.008334, 37.33769 ], [ -122.010808, 37.337708 ], [ -122.011198, 37.337668 ], [ -122.01236, 37.33775 ], [ -122.016433, 37.337726 ], [ -122.016448, 37.332947 ], [ -122.019992, 37.332916 ], [ -122.020011, 37.337112 ], [ -122.019615, 37.337115 ], [ -122.019621, 37.337704 ], [ -122.021634, 37.337696 ], [ -122.021621, 37.337087 ], [ -122.022137, 37.337083 ], [ -122.022146, 37.337694 ], [ -122.02842, 37.33767 ], [ -122.030437, 37.337631 ], [ -122.030433, 37.33825 ], [ -122.03239, 37.33822 ], [ -122.032393, 37.339446 ], [ -122.036755, 37.339426 ], [ -122.03677, 37.33871 ], [ -122.03673, 37.33757 ], [ -122.043708, 37.337554 ], [ -122.043694, 37.333926 ], [ -122.044825, 37.333942 ], [ -122.044867, 37.337544 ], [ -122.050534, 37.33754 ], [ -122.050538, 37.336962 ], [ -122.050725, 37.336595 ], [ -122.050826, 37.336105 ], [ -122.050829, 37.335491 ], [ -122.050872, 37.335485 ], [ -122.051034, 37.33384 ], [ -122.051014, 37.332772 ], [ -122.052116, 37.331877 ], [ -122.052752, 37.331855 ], [ -122.052747, 37.331201 ], [ -122.052468, 37.331191 ], [ -122.052495, 37.330919 ], [ -122.052478, 37.330737 ], [ -122.052761, 37.330717 ], [ -122.052754, 37.330231 ], [ -122.05399, 37.330226 ], [ -122.05461, 37.33062 ], [ -122.05578, 37.33116 ], [ -122.05631, 37.33135 ], [ -122.057363, 37.331608 ], [ -122.057358, 37.332106 ], [ -122.05739, 37.33213 ], [ -122.057355, 37.332147 ], [ -122.057323, 37.334397 ], [ -122.057283, 37.33441 ], [ -122.0583, 37.33523 ], [ -122.058408, 37.335855 ], [ -122.05855, 37.336089 ], [ -122.058567, 37.336344 ], [ -122.058067, 37.336619 ], [ -122.057967, 37.336725 ], [ -122.057909, 37.336848 ], [ -122.05788, 37.33745 ], [ -122.0579, 37.33762 ], [ -122.05796, 37.33777 ], [ -122.0581, 37.33785 ], [ -122.05896, 37.33808 ], [ -122.05913, 37.33817 ], [ -122.05925, 37.33833 ], [ -122.059607, 37.338326 ], [ -122.059584, 37.33753 ], [ -122.0624, 37.33754 ], [ -122.062057, 37.338075 ], [ -122.062196, 37.338387 ], [ -122.062602, 37.338668 ], [ -122.062808, 37.338972 ], [ -122.062793, 37.339132 ], [ -122.062456, 37.33954 ], [ -122.062576, 37.339693 ], [ -122.063318, 37.3399 ], [ -122.063448, 37.339992 ], [ -122.063696, 37.340362 ], [ -122.063876, 37.341213 ], [ -122.064795, 37.341577 ], [ -122.064839, 37.342387 ], [ -122.065192, 37.34315 ], [ -122.065039, 37.343697 ] ] ] } },
{ "type": "Feature", "properties": { "place": "Los Altos", "place_kind": "city", "county": "Santa Cruz" }, "geometry": { "type": "Polygon", "coordinates": [ [ [ -122.129627, 37.395291 ], [ -122.129479, 37.395559 ], [ -122.129497, 37.395704 ], [ -122.129565, 37.395848 ], [ -122.129417, 37.395996 ], [ -122.129492, 37.396151 ], [ -122.129237, 37.396258 ], [ -122.129132, 37.396257 ], [ -122.129103, 37.396067 ], [ -122.128803, 37.395888 ], [ -122.128572, 37.395926 ], [ -122.128335, 37.395797 ], [ -122.128103, 37.395771 ], [ -122.127986, 37.395953 ], [ -122.128238, 37.396132 ], [ -122.128276, 37.396362 ], [ -122.128493, 37.396454 ], [ -122.12824, 37.39661 ], [ -122.127965, 37.396614 ], [ -122.12793, 37.3968 ], [ -122.127839, 37.396914 ], [ -122.127771, 37.397148 ], [ -122.127682, 37.39712 ], [ -122.127698, 37.396893 ], [ -122.127626, 37.39683 ], [ -122.127437, 37.396927 ], [ -122.127384, 37.397018 ], [ -122.127101, 37.397136 ], [ -122.12708, 37.397413 ], [ -122.126967, 37.39757 ], [ -122.126703, 37.397794 ], [ -122.126417, 37.397988 ], [ -122.126209, 37.398187 ], [ -122.125519, 37.398403 ], [ -122.125413, 37.398496 ], [ -122.125535, 37.398753 ], [ -122.125504, 37.398843 ], [ -122.125344, 37.398975 ], [ -122.12505, 37.399041 ], [ -122.124828, 37.399206 ], [ -122.124913, 37.399364 ], [ -122.12488, 37.399671 ], [ -122.124964, 37.399922 ], [ -122.125104, 37.400042 ], [ -122.125131, 37.400131 ], [ -122.124928, 37.400501 ], [ -122.1249, 37.400838 ], [ -122.124856, 37.400986 ], [ -122.124783, 37.401081 ], [ -122.124471, 37.401268 ], [ -122.124177, 37.401755 ], [ -122.123963, 37.402228 ], [ -122.123574, 37.402474 ], [ -122.123574, 37.402844 ], [ -122.123311, 37.403334 ], [ -122.123134, 37.40327 ], [ -122.122806, 37.403457 ], [ -122.122711, 37.403573 ], [ -122.122819, 37.40385 ], [ -122.12273, 37.403981 ], [ -122.122554, 37.404055 ], [ -122.12241, 37.404261 ], [ -122.122047, 37.404406 ], [ -122.12199, 37.40449 ], [ -122.121983, 37.404787 ], [ -122.121662, 37.404961 ], [ -122.121338, 37.405414 ], [ -122.12108, 37.405391 ], [ -122.120922, 37.405515 ], [ -122.120784, 37.40552 ], [ -122.120439, 37.405635 ], [ -122.120047, 37.405942 ], [ -122.120053, 37.406258 ], [ -122.119941, 37.406425 ], [ -122.11966, 37.4061 ], [ -122.11914, 37.40559 ], [ -122.11798, 37.40458 ], [ -122.11679, 37.40359 ], [ -122.11561, 37.40255 ], [ -122.11531, 37.40232 ], [ -122.11484, 37.40203 ], [ -122.11212, 37.40054 ], [ -122.10948, 37.39917 ], [ -122.101013, 37.395442 ], [ -122.105226, 37.389471 ], [ -122.105403, 37.389274 ], [ -122.105825, 37.388621 ], [ -122.10509, 37.3886 ], [ -122.101071, 37.388669 ], [ -122.096002, 37.388637 ], [ -122.09602, 37.38678 ], [ -122.095976, 37.385716 ], [ -122.095983, 37.384675 ], [ -122.09076, 37.384645 ], [ -122.090759, 37.384073 ], [ -122.09044, 37.38405 ], [ -122.090239, 37.384573 ], [ -122.089516, 37.384576 ], [ -122.08952, 37.384149 ], [ -122.08957, 37.384051 ], [ -122.089884, 37.38385 ], [ -122.089959, 37.383717 ], [ -122.090091, 37.383059 ], [ -122.090105, 37.382621 ], [ -122.090041, 37.382411 ], [ -122.089869, 37.382224 ], [ -122.089359, 37.381856 ], [ -122.088874, 37.381345 ], [ -122.09598, 37.38139 ], [ -122.095991, 37.379658 ], [ -122.09319, 37.379648 ], [ -122.09319, 37.378636 ], [ -122.0932, 37.37677 ], [ -122.095975, 37.3768 ], [ -122.09594, 37.37287 ], [ -122.09603, 37.366898 ], [ -122.095, 37.36687 ], [ -122.09428, 37.36689 ], [ -122.08916, 37.366853 ], [ -122.089161, 37.365937 ], [ -122.08698, 37.36592 ], [ -122.08698, 37.3664 ], [ -122.08505, 37.366404 ], [ -122.08505, 37.366468 ], [ -122.082387, 37.366453 ], [ -122.082393, 37.366826 ], [ -122.080596, 37.366826 ], [ -122.080596, 37.366175 ], [ -122.077853, 37.366168 ], [ -122.07785, 37.363594 ], [ -122.07776, 37.36175 ], [ -122.07781, 37.35902 ], [ -122.070517, 37.359037 ], [ -122.070499, 37.357904 ], [ -122.068683, 37.357924 ], [ -122.06866, 37.35676 ], [ -122.06575, 37.35676 ], [ -122.065706, 37.359508 ], [ -122.063014, 37.35955 ], [ -122.06297, 37.35847 ], [ -122.06279, 37.35743 ], [ -122.06246, 37.35618 ], [ -122.061746, 37.354444 ], [ -122.061967, 37.354212 ], [ -122.062416, 37.353542 ], [ -122.062673, 37.353527 ], [ -122.062784, 37.353491 ], [ -122.063244, 37.353159 ], [ -122.06346, 37.35292 ], [ -122.063479, 37.352506 ], [ -122.063314, 37.352163 ], [ -122.063246, 37.35216 ], [ -122.062887, 37.351935 ], [ -122.063475, 37.35114 ], [ -122.06373, 37.350465 ], [ -122.064281, 37.349975 ], [ -122.064179, 37.349198 ], [ -122.064696, 37.348951 ], [ -122.064795, 37.348394 ], [ -122.064747, 37.348034 ], [ -122.064967, 37.347778 ], [ -122.064465, 37.347417 ], [ -122.063877, 37.347157 ], [ -122.063638, 37.346968 ], [ -122.063611, 37.346875 ], [ -122.063645, 37.346674 ], [ -122.063684, 37.346607 ], [ -122.064134, 37.346406 ], [ -122.064315, 37.346205 ], [ -122.064161, 37.345593 ], [ -122.064227, 37.345271 ], [ -122.064122, 37.344987 ], [ -122.064132, 37.344819 ], [ -122.064415, 37.344632 ], [ -122.064891, 37.344431 ], [ -122.064985, 37.343883 ], [ -122.065192, 37.34315 ], [ -122.064839, 37.342387 ], [ -122.064795, 37.341577 ], [ -122.063876, 37.341213 ], [ -122.063696, 37.340362 ], [ -122.063448, 37.339992 ], [ -122.063318, 37.3399 ], [ -122.062576, 37.339693 ], [ -122.062456, 37.33954 ], [ -122.062793, 37.339132 ], [ -122.062808, 37.338972 ], [ -122.062602, 37.338668 ], [ -122.062196, 37.338387 ], [ -122.062057, 37.338075 ], [ -122.0624, 37.33754 ], [ -122.06303, 37.33751 ], [ -122.06716, 37.33753 ], [ -122.067486, 37.337524 ], [ -122.067559, 37.337473 ], [ -122.06618, 37.33645 ], [ -122.064809, 37.336458 ], [ -122.064903, 37.335547 ], [ -122.064618, 37.335344 ], [ -122.064694, 37.335261 ], [ -122.06478, 37.33491 ], [ -122.06475, 37.334834 ], [ -122.06461, 37.334662 ], [ -122.064181, 37.33434 ], [ -122.06382, 37.334151 ], [ -122.063805, 37.334111 ], [ -122.065382, 37.334542 ], [ -122.065733, 37.334696 ], [ -122.06664, 37.335373 ], [ -122.068181, 37.335453 ], [ -122.068407, 37.334521 ], [ -122.068689, 37.333693 ], [ -122.068964, 37.332466 ], [ -122.0692, 37.33086 ], [ -122.069271, 37.33001 ], [ -122.069709, 37.329723 ], [ -122.073647, 37.332047 ], [ -122.073968, 37.331906 ], [ -122.074237, 37.331868 ], [ -122.074508, 37.331889 ], [ -122.07481, 37.331982 ], [ -122.074734, 37.332092 ], [ -122.074854, 37.33218 ], [ -122.074551, 37.332579 ], [ -122.075824, 37.333354 ], [ -122.076311, 37.333411 ], [ -122.076281, 37.333658 ], [ -122.07735, 37.333884 ], [ -122.078098, 37.334084 ], [ -122.078616, 37.334267 ], [ -122.079356, 37.334637 ], [ -122.078843, 37.33517 ], [ -122.082393, 37.337263 ], [ -122.08246, 37.336393 ], [ -122.08371, 37.33727 ], [ -122.0847, 37.33791 ], [ -122.08765, 37.3396 ], [ -122.08908, 37.34036 ], [ -122.09104, 37.34127 ], [ -122.091622, 37.341595 ], [ -122.091083, 37.342052 ], [ -122.090887, 37.342085 ], [ -122.091004, 37.342291 ], [ -122.091008, 37.34239 ], [ -122.090983, 37.342382 ], [ -122.090921, 37.342536 ], [ -122.090678, 37.342722 ], [ -122.09084, 37.342822 ], [ -122.090676, 37.343099 ], [ -122.090712, 37.343238 ], [ -122.090307, 37.343443 ], [ -122.090526, 37.343788 ], [ -122.09048, 37.343977 ], [ -122.090594, 37.344255 ], [ -122.090381, 37.344338 ], [ -122.090232, 37.34448 ], [ -122.090187, 37.344816 ], [ -122.089719, 37.344969 ], [ -122.089427, 37.345029 ], [ -122.089412, 37.345156 ], [ -122.088906, 37.345604 ], [ -122.088828, 37.345802 ], [ -122.088136, 37.345932 ], [ -122.088014, 37.346253 ], [ -122.087673, 37.346324 ], [ -122.087504, 37.346509 ], [ -122.087499, 37.346797 ], [ -122.087531, 37.346824 ], [ -122.087411, 37.347296 ], [ -122.086975, 37.347247 ], [ -122.086791, 37.347347 ], [ -122.086595, 37.347948 ], [ -122.08619, 37.347928 ], [ -122.086195, 37.348216 ], [ -122.086084, 37.34835 ], [ -122.085642, 37.348544 ], [ -122.085626, 37.348646 ], [ -122.085855, 37.348849 ], [ -122.086013, 37.349175 ], [ -122.085652, 37.349826 ], [ -122.08599, 37.350195 ], [ -122.085914, 37.350474 ], [ -122.085538, 37.351068 ], [ -122.09702, 37.35994 ], [ -122.09777, 37.35983 ], [ -122.09793, 37.35976 ], [ -122.099648, 37.358373 ], [ -122.099991, 37.358651 ], [ -122.099911, 37.358815 ], [ -122.101405, 37.359963 ], [ -122.10014, 37.361012 ], [ -122.099826, 37.360782 ], [ -122.099735, 37.360849 ], [ -122.099539, 37.360914 ], [ -122.099426, 37.361065 ], [ -122.099408, 37.361237 ], [ -122.099079, 37.36151 ], [ -122.104676, 37.365836 ], [ -122.10589, 37.36633 ], [ -122.106853, 37.365357 ], [ -122.10866, 37.36382 ], [ -122.108865, 37.363903 ], [ -122.109438, 37.364385 ], [ -122.10949, 37.364347 ], [ -122.110712, 37.364445 ], [ -122.111441, 37.363918 ], [ -122.111823, 37.364457 ], [ -122.112212, 37.364743 ], [ -122.112843, 37.364332 ], [ -122.11335, 37.364765 ], [ -122.113865, 37.365048 ], [ -122.11552, 37.36564 ], [ -122.11633, 37.36475 ], [ -122.117147, 37.365254 ], [ -122.117701, 37.36555 ], [ -122.118122, 37.365945 ], [ -122.11832, 37.36618 ], [ -122.1185, 37.36629 ], [ -122.11864, 37.36632 ], [ -122.11987, 37.36632 ], [ -122.120847, 37.366165 ], [ -122.122164, 37.369176 ], [ -122.123467, 37.369012 ], [ -122.123123, 37.369318 ], [ -122.122373, 37.369657 ], [ -122.121518, 37.370402 ], [ -122.121233, 37.371004 ], [ -122.120777, 37.37167 ], [ -122.120445, 37.37151 ], [ -122.119486, 37.372154 ], [ -122.119626, 37.372425 ], [ -122.12017, 37.372686 ], [ -122.120421, 37.372969 ], [ -122.120542, 37.373474 ], [ -122.12062, 37.37353 ], [ -122.120328, 37.373876 ], [ -122.11993, 37.37378 ], [ -122.119817, 37.373959 ], [ -122.119583, 37.373973 ], [ -122.119504, 37.374105 ], [ -122.119446, 37.374341 ], [ -122.119851, 37.374618 ], [ -122.120078, 37.374563 ], [ -122.120114, 37.374664 ], [ -122.11995, 37.374895 ], [ -122.119871, 37.375153 ], [ -122.119931, 37.37543 ], [ -122.119883, 37.375495 ], [ -122.119721, 37.375524 ], [ -122.119539, 37.375762 ], [ -122.119573, 37.375817 ], [ -122.119807, 37.375932 ], [ -122.119689, 37.376084 ], [ -122.119788, 37.376209 ], [ -122.11991, 37.376262 ], [ -122.119964, 37.376359 ], [ -122.11991, 37.37641 ], [ -122.11978, 37.376425 ], [ -122.119704, 37.376515 ], [ -122.119773, 37.376646 ], [ -122.119587, 37.376906 ], [ -122.119583, 37.37705 ], [ -122.119659, 37.377141 ], [ -122.11998, 37.37707 ], [ -122.12038, 37.37731 ], [ -122.120015, 37.378203 ], [ -122.120134, 37.378402 ], [ -122.120032, 37.378576 ], [ -122.120068, 37.37861 ], [ -122.120261, 37.378647 ], [ -122.120507, 37.378643 ], [ -122.120545, 37.378814 ], [ -122.120709, 37.378859 ], [ -122.12086, 37.379015 ], [ -122.12101, 37.379085 ], [ -122.121328, 37.379054 ], [ -122.121541, 37.379246 ], [ -122.122661, 37.379824 ], [ -122.122784, 37.379839 ], [ -122.12319, 37.379722 ], [ -122.124002, 37.380465 ], [ -122.12308, 37.380853 ], [ -122.123257, 37.381285 ], [ -122.123233, 37.381381 ], [ -122.124226, 37.381314 ], [ -122.12423, 37.381343 ], [ -122.124274, 37.381276 ], [ -122.124328, 37.381257 ], [ -122.124491, 37.381271 ], [ -122.124796, 37.38144 ], [ -122.125067, 37.381773 ], [ -122.125347, 37.381802 ], [ -122.12547, 37.381998 ], [ -122.125451, 37.382237 ], [ -122.125301, 37.382432 ], [ -122.125461, 37.382626 ], [ -122.125548, 37.382871 ], [ -122.125509, 37.382906 ], [ -122.125446, 37.383123 ], [ -122.125577, 37.38337 ], [ -122.125564, 37.383458 ], [ -122.125426, 37.383579 ], [ -122.124847, 37.383716 ], [ -122.124671, 37.383877 ], [ -122.124415, 37.383932 ], [ -122.124299, 37.384007 ], [ -122.124361, 37.384274 ], [ -122.124294, 37.384318 ], [ -122.124315, 37.384629 ], [ -122.124257, 37.384627 ], [ -122.124109, 37.38489 ], [ -122.12659, 37.38802 ], [ -122.126344, 37.388364 ], [ -122.126386, 37.38838 ], [ -122.126714, 37.388892 ], [ -122.126307, 37.389202 ], [ -122.126216, 37.389407 ], [ -122.126705, 37.389627 ], [ -122.126808, 37.389605 ], [ -122.126972, 37.389672 ], [ -122.126977, 37.389829 ], [ -122.126801, 37.390159 ], [ -122.127091, 37.390407 ], [ -122.127167, 37.390507 ], [ -122.127286, 37.39083 ], [ -122.127429, 37.39137 ], [ -122.12731, 37.391593 ], [ -122.12733, 37.391638 ], [ -122.127454, 37.391726 ], [ -122.127681, 37.391677 ], [ -122.127883, 37.391711 ], [ -122.127902, 37.39179 ], [ -122.127978, 37.391822 ], [ -122.12805, 37.391796 ], [ -122.128202, 37.391811 ], [ -122.128281, 37.391862 ], [ -122.128333, 37.391944 ], [ -122.128373, 37.392084 ], [ -122.128339, 37.392209 ], [ -122.127885, 37.392716 ], [ -122.127615, 37.392851 ], [ -122.127398, 37.393484 ], [ -122.127418, 37.393534 ], [ -122.127549, 37.393624 ], [ -122.127838, 37.393711 ], [ -122.127886, 37.393781 ], [ -122.127895, 37.393842 ], [ -122.127531, 37.394274 ], [ -122.127575, 37.394501 ], [ -122.128017, 37.39466 ], [ -122.128307, 37.394528 ], [ -122.128347, 37.394545 ], [ -122.128502, 37.395138 ], [ -122.128845, 37.395193 ], [ -122.128911, 37.395367 ], [ -122.129131, 37.395391 ], [ -122.129441, 37.39516 ], [ -122.129654, 37.395115 ], [ -122.129627, 37.395291 ] ], [ [ -122.089036, 37.362614 ], [ -122.08698, 37.362668 ], [ -122.086976, 37.363268 ], [ -122.089064, 37.363297 ], [ -122.089036, 37.362614 ] ] ] } },
{ "type": "Feature", "properties": { "place": "San Juan Bautista", "place_kind": "city", "county": "Santa Cruz" }, "geometry": { "type": "Polygon", "coordinates": [ [ [ -121.547914, 36.853623 ], [ -121.546768, 36.853604 ], [ -121.545394, 36.854199 ], [ -121.544975, 36.853564 ], [ -121.536178, 36.853588 ], [ -121.53615, 36.851844 ], [ -121.53629, 36.847209 ], [ -121.535783, 36.846883 ], [ -121.535363, 36.847463 ], [ -121.534527, 36.848438 ], [ -121.532707, 36.847038 ], [ -121.533421, 36.846212 ], [ -121.531737, 36.846187 ], [ -121.531814, 36.844731 ], [ -121.531789, 36.843023 ], [ -121.531101, 36.842379 ], [ -121.530943, 36.84228 ], [ -121.531027, 36.841155 ], [ -121.531021, 36.840761 ], [ -121.530321, 36.840765 ], [ -121.530219, 36.840731 ], [ -121.527661, 36.840799 ], [ -121.520345, 36.840891 ], [ -121.519195, 36.840944 ], [ -121.519161, 36.840823 ], [ -121.519177, 36.840659 ], [ -121.51945, 36.840427 ], [ -121.519795, 36.839838 ], [ -121.520878, 36.837279 ], [ -121.523717, 36.836993 ], [ -121.523693, 36.837098 ], [ -121.525405, 36.837298 ], [ -121.525474, 36.83675 ], [ -121.527171, 36.836909 ], [ -121.527142, 36.839105 ], [ -121.529593, 36.83914 ], [ -121.532322, 36.839107 ], [ -121.53426, 36.83903 ], [ -121.537248, 36.839054 ], [ -121.54464, 36.839006 ], [ -121.542975, 36.840953 ], [ -121.544035, 36.840895 ], [ -121.544409, 36.841087 ], [ -121.54391, 36.841791 ], [ -121.543263, 36.841459 ], [ -121.543535, 36.841075 ], [ -121.542999, 36.841112 ], [ -121.542765, 36.841189 ], [ -121.543673, 36.843444 ], [ -121.544309, 36.843857 ], [ -121.544408, 36.844094 ], [ -121.54516, 36.844585 ], [ -121.545201, 36.84465 ], [ -121.545226, 36.844743 ], [ -121.545205, 36.844964 ], [ -121.544768, 36.845275 ], [ -121.545833, 36.84544 ], [ -121.546106, 36.845677 ], [ -121.545845, 36.845724 ], [ -121.545817, 36.846999 ], [ -121.54535, 36.847217 ], [ -121.546508, 36.850226 ], [ -121.547914, 36.853623 ] ] ] } },
{ "type": "Feature", "properties": { "place": "Santa Clara", "place_kind": "city", "county": "Santa Cruz" }, "geometry": { "type": "Polygon", "coordinates": [ [ [ -122.004733, 37.32757 ], [ -122.004656, 37.33407 ], [ -122.002424, 37.33408 ], [ -122.002386, 37.337801 ], [ -121.99554, 37.33787 ], [ -121.995608, 37.341463 ], [ -121.999452, 37.341428 ], [ -122.0023, 37.34144 ], [ -122.00275, 37.34143 ], [ -122.002888, 37.341392 ], [ -122.003001, 37.345311 ], [ -122.002074, 37.345262 ], [ -122.000661, 37.345273 ], [ -122.000217, 37.345244 ], [ -122.000202, 37.34715 ], [ -121.999949, 37.347153 ], [ -121.999905, 37.34866 ], [ -122.000286, 37.348622 ], [ -122.000322, 37.35234 ], [ -122.000405, 37.352338 ], [ -122.000424, 37.353373 ], [ -122.00098, 37.35336 ], [ -122.000971, 37.352434 ], [ -122.001567, 37.352421 ], [ -122.001593, 37.354052 ], [ -122.000445, 37.354075 ], [ -122.000521, 37.359503 ], [ -121.999608, 37.359514 ], [ -121.999616, 37.360653 ], [ -121.995839, 37.360666 ], [ -121.99581, 37.36199 ], [ -121.995851, 37.363479 ], [ -121.995737, 37.366911 ], [ -121.995792, 37.367165 ], [ -121.99583, 37.36999 ], [ -121.99585, 37.37009 ], [ -121.995917, 37.370148 ], [ -121.995917, 37.370305 ], [ -121.983432, 37.370415 ], [ -121.982867, 37.370285 ], [ -121.977836, 37.370192 ], [ -121.977809, 37.37058 ], [ -121.982402, 37.370583 ], [ -121.982405, 37.371365 ], [ -121.98256, 37.37137 ], [ -121.98242, 37.3717 ], [ -121.98245, 37.37411 ], [ -121.99115, 37.37401 ], [ -121.99631, 37.37399 ], [ -121.99746, 37.37395 ], [ -122.004706, 37.373912 ], [ -122.003979, 37.37705 ], [ -122.00283, 37.377384 ], [ -122.001593, 37.377602 ], [ -121.99747, 37.3777 ], [ -121.98697, 37.37778 ], [ -121.986974, 37.382878 ], [ -121.986947, 37.38473 ], [ -121.987023, 37.395973 ], [ -121.986651, 37.395972 ], [ -121.986662, 37.403323 ], [ -121.986516, 37.404208 ], [ -121.986503, 37.41068 ], [ -121.98632, 37.41068 ], [ -121.98632, 37.412231 ], [ -121.985, 37.41271 ], [ -121.97414, 37.41728 ], [ -121.973317, 37.417663 ], [ -121.971444, 37.418416 ], [ -121.97065, 37.418673 ], [ -121.970113, 37.418807 ], [ -121.968995, 37.418951 ], [ -121.968023, 37.419005 ], [ -121.967972, 37.418921 ], [ -121.967833, 37.418395 ], [ -121.967558, 37.417807 ], [ -121.962445, 37.411977 ], [ -121.961567, 37.410937 ], [ -121.960654, 37.410165 ], [ -121.959816, 37.409717 ], [ -121.958917, 37.409348 ], [ -121.957679, 37.408977 ], [ -121.956331, 37.408424 ], [ -121.956218, 37.408423 ], [ -121.955039, 37.407872 ], [ -121.954423, 37.407506 ], [ -121.953529, 37.406822 ], [ -121.953083, 37.406367 ], [ -121.952806, 37.405958 ], [ -121.952643, 37.405506 ], [ -121.952143, 37.404871 ], [ -121.95125, 37.404142 ], [ -121.950128, 37.403546 ], [ -121.948898, 37.402635 ], [ -121.947781, 37.401723 ], [ -121.947612, 37.401677 ], [ -121.947445, 37.40154 ], [ -121.94735, 37.401539 ], [ -121.94641, 37.401213 ], [ -121.946037, 37.401167 ], [ -121.9457, 37.401029 ], [ -121.943667, 37.40101 ], [ -121.942878, 37.400913 ], [ -121.942259, 37.400682 ], [ -121.941763, 37.400277 ], [ -121.941646, 37.400091 ], [ -121.941592, 37.399955 ], [ -121.941601, 37.399279 ], [ -121.941777, 37.39883 ], [ -121.941785, 37.39829 ], [ -121.941675, 37.398063 ], [ -121.941679, 37.397793 ], [ -121.941353, 37.396844 ], [ -121.940084, 37.394714 ], [ -121.940087, 37.394489 ], [ -121.939977, 37.394262 ], [ -121.939882, 37.393781 ], [ -121.939759, 37.391442 ], [ -121.939706, 37.391006 ], [ -121.939594, 37.390531 ], [ -121.93945, 37.390249 ], [ -121.939304, 37.390061 ], [ -121.939055, 37.389823 ], [ -121.938748, 37.389339 ], [ -121.937351, 37.3882 ], [ -121.936345, 37.38747 ], [ -121.936068, 37.387062 ], [ -121.935744, 37.386067 ], [ -121.935747, 37.385797 ], [ -121.935639, 37.38548 ], [ -121.935648, 37.38485 ], [ -121.935882, 37.384266 ], [ -121.936171, 37.383818 ], [ -121.936802, 37.383147 ], [ -121.937831, 37.382255 ], [ -121.938121, 37.381717 ], [ -121.93813, 37.381041 ], [ -121.937901, 37.380569 ], [ -121.938415, 37.380203 ], [ -121.938548, 37.380423 ], [ -121.938942, 37.380163 ], [ -121.940692, 37.378805 ], [ -121.940917, 37.378533 ], [ -121.941074, 37.378414 ], [ -121.94127, 37.378338 ], [ -121.941915, 37.378233 ], [ -121.942409, 37.378035 ], [ -121.943086, 37.377564 ], [ -121.94299, 37.377353 ], [ -121.943275, 37.377335 ], [ -121.94403, 37.37741 ], [ -121.94528, 37.37763 ], [ -121.94631, 37.37772 ], [ -121.94766, 37.37799 ], [ -121.946512, 37.375898 ], [ -121.946285, 37.375406 ], [ -121.946083, 37.37484 ], [ -121.945774, 37.373635 ], [ -121.94355, 37.373402 ], [ -121.942725, 37.373424 ], [ -121.935629, 37.372445 ], [ -121.935051, 37.372318 ], [ -121.93515, 37.372227 ], [ -121.938339, 37.372661 ], [ -121.937065, 37.370216 ], [ -121.935937, 37.366088 ], [ -121.936091, 37.365864 ], [ -121.941284, 37.370629 ], [ -121.9417, 37.37072 ], [ -121.94148, 37.37027 ], [ -121.94142, 37.37007 ], [ -121.941264, 37.36987 ], [ -121.941258, 37.368025 ], [ -121.941537, 37.366949 ], [ -121.94154, 37.36654 ], [ -121.940646, 37.366436 ], [ -121.940223, 37.366265 ], [ -121.939983, 37.366082 ], [ -121.939741, 37.365732 ], [ -121.939675, 37.365472 ], [ -121.939695, 37.365157 ], [ -121.939674, 37.364885 ], [ -121.939577, 37.364635 ], [ -121.939409, 37.364409 ], [ -121.931772, 37.357401 ], [ -121.932109, 37.356976 ], [ -121.932141, 37.353021 ], [ -121.932125, 37.349518 ], [ -121.930735, 37.348806 ], [ -121.92968, 37.34803 ], [ -121.93109, 37.346213 ], [ -121.93122, 37.346248 ], [ -121.931477, 37.345691 ], [ -121.931423, 37.345675 ], [ -121.931958, 37.344463 ], [ -121.931507, 37.344333 ], [ -121.932211, 37.342835 ], [ -121.932036, 37.342208 ], [ -121.93209, 37.337948 ], [ -121.934728, 37.338009 ], [ -121.93498, 37.337691 ], [ -121.935582, 37.337689 ], [ -121.935704, 37.337735 ], [ -121.935699, 37.337931 ], [ -121.93942, 37.33795 ], [ -121.93963, 37.33787 ], [ -121.940263, 37.337766 ], [ -121.941231, 37.33766 ], [ -121.94358, 37.33765 ], [ -121.943575, 37.338052 ], [ -121.95016, 37.338066 ], [ -121.95022, 37.33738 ], [ -121.950189, 37.337097 ], [ -121.950191, 37.334115 ], [ -121.95024, 37.33386 ], [ -121.950204, 37.333831 ], [ -121.950207, 37.333396 ], [ -121.95025, 37.33288 ], [ -121.95026, 37.33216 ], [ -121.95025, 37.3299 ], [ -121.95017, 37.329949 ], [ -121.950167, 37.328631 ], [ -121.95025, 37.32863 ], [ -121.950226, 37.328472 ], [ -121.953023, 37.328436 ], [ -121.953029, 37.329906 ], [ -121.953525, 37.329937 ], [ -121.953847, 37.32991 ], [ -121.95641, 37.3299 ], [ -121.956446, 37.329841 ], [ -121.956447, 37.329453 ], [ -121.956416, 37.327224 ], [ -121.956335, 37.326995 ], [ -121.950116, 37.326969 ], [ -121.950091, 37.325775 ], [ -121.946664, 37.325757 ], [ -121.94667, 37.323366 ], [ -121.94785, 37.32342 ], [ -121.95187, 37.32336 ], [ -121.96847, 37.32328 ], [ -121.97342, 37.32322 ], [ -121.98161, 37.3232 ], [ -121.99511, 37.3231 ], [ -122.004705, 37.323087 ], [ -122.004733, 37.32757 ] ], [ [ -121.97951, 37.339101 ], [ -121.978996, 37.337937 ], [ -121.978777, 37.337937 ], [ -121.979298, 37.33921 ], [ -121.97951, 37.339101 ] ] ] } },
{ "type": "Feature", "properties": { "place": "Morgan Hill", "place_kind": "city", "county": "Santa Cruz" }, "geometry": { "type": "Polygon", "coordinates": [ [ [ -121.698048, 37.124006 ], [ -121.697724, 37.126469 ], [ -121.697509, 37.127592 ], [ -121.697015, 37.129145 ], [ -121.692874, 37.127058 ], [ -121.691198, 37.125436 ], [ -121.690661, 37.125161 ], [ -121.687121, 37.124643 ], [ -121.68652, 37.12587 ], [ -121.686663, 37.12578 ], [ -121.687391, 37.126486 ], [ -121.693128, 37.131801 ], [ -121.693122, 37.133773 ], [ -121.688341, 37.136168 ], [ -121.68583, 37.137481 ], [ -121.672507, 37.144123 ], [ -121.67038, 37.142108 ], [ -121.668979, 37.142813 ], [ -121.669403, 37.143667 ], [ -121.669871, 37.144805 ], [ -121.670296, 37.145484 ], [ -121.670531, 37.145695 ], [ -121.671461, 37.146278 ], [ -121.678565, 37.150266 ], [ -121.679303, 37.150519 ], [ -121.681293, 37.150744 ], [ -121.68123, 37.15084 ], [ -121.68145, 37.150884 ], [ -121.680095, 37.152176 ], [ -121.679136, 37.152955 ], [ -121.681098, 37.154928 ], [ -121.678393, 37.156768 ], [ -121.677401, 37.155783 ], [ -121.677079, 37.155975 ], [ -121.677141, 37.156036 ], [ -121.676074, 37.156792 ], [ -121.673883, 37.154685 ], [ -121.67278, 37.155399 ], [ -121.672246, 37.155794 ], [ -121.674448, 37.157921 ], [ -121.673974, 37.158215 ], [ -121.669132, 37.161642 ], [ -121.668391, 37.161039 ], [ -121.66684, 37.15961 ], [ -121.66775, 37.15892 ], [ -121.66778, 37.15884 ], [ -121.66882, 37.15804 ], [ -121.66933, 37.15756 ], [ -121.670769, 37.156466 ], [ -121.668878, 37.154583 ], [ -121.66855, 37.154792 ], [ -121.668337, 37.154579 ], [ -121.668288, 37.154617 ], [ -121.667171, 37.153458 ], [ -121.667152, 37.153471 ], [ -121.665231, 37.151625 ], [ -121.661222, 37.154129 ], [ -121.657526, 37.156566 ], [ -121.654651, 37.158621 ], [ -121.65422, 37.16063 ], [ -121.65393, 37.16105 ], [ -121.6527, 37.16308 ], [ -121.652285, 37.163839 ], [ -121.649577, 37.168336 ], [ -121.648903, 37.169717 ], [ -121.64258, 37.167866 ], [ -121.642194, 37.168621 ], [ -121.641036, 37.168235 ], [ -121.641456, 37.167544 ], [ -121.633222, 37.164927 ], [ -121.63314, 37.16463 ], [ -121.63315, 37.16436 ], [ -121.63351, 37.16331 ], [ -121.63354, 37.16316 ], [ -121.63351, 37.16308 ], [ -121.63334, 37.16301 ], [ -121.63094, 37.162545 ], [ -121.63072, 37.161681 ], [ -121.630099, 37.161748 ], [ -121.62988, 37.16084 ], [ -121.6296, 37.15987 ], [ -121.62921, 37.15829 ], [ -121.62914, 37.15789 ], [ -121.62938, 37.15789 ], [ -121.62957, 37.15779 ], [ -121.63234, 37.15562 ], [ -121.63274, 37.15532 ], [ -121.63294, 37.15523 ], [ -121.63307, 37.15522 ], [ -121.63314, 37.1553 ], [ -121.63402, 37.15565 ], [ -121.63733, 37.15688 ], [ -121.642367, 37.151266 ], [ -121.64046, 37.14921 ], [ -121.64407, 37.14637 ], [ -121.645075, 37.145542 ], [ -121.64556, 37.1451 ], [ -121.64609, 37.14475 ], [ -121.649363, 37.142218 ], [ -121.646942, 37.14022 ], [ -121.64577, 37.14111 ], [ -121.64351, 37.13923 ], [ -121.64338, 37.13915 ], [ -121.64345, 37.1391 ], [ -121.64338, 37.13904 ], [ -121.64296, 37.13937 ], [ -121.642328, 37.139897 ], [ -121.644248, 37.141462 ], [ -121.643252, 37.142186 ], [ -121.64236, 37.14148 ], [ -121.641618, 37.140725 ], [ -121.640189, 37.141784 ], [ -121.636167, 37.144895 ], [ -121.63683, 37.14542 ], [ -121.63577, 37.146258 ], [ -121.639933, 37.149627 ], [ -121.63744, 37.15164 ], [ -121.63582, 37.153 ], [ -121.635697, 37.153005 ], [ -121.634907, 37.15237 ], [ -121.63589, 37.151521 ], [ -121.635492, 37.151204 ], [ -121.636657, 37.150287 ], [ -121.63303, 37.14727 ], [ -121.63837, 37.14307 ], [ -121.63931, 37.14227 ], [ -121.640639, 37.141291 ], [ -121.636342, 37.1368 ], [ -121.63445, 37.13832 ], [ -121.63297, 37.13711 ], [ -121.63281, 37.1369 ], [ -121.631955, 37.135441 ], [ -121.629918, 37.136233 ], [ -121.630579, 37.137333 ], [ -121.628525, 37.138105 ], [ -121.628603, 37.138245 ], [ -121.628643, 37.138399 ], [ -121.631442, 37.14067 ], [ -121.62385, 37.14665 ], [ -121.61812, 37.14197 ], [ -121.61682, 37.14094 ], [ -121.61646, 37.1405 ], [ -121.61625, 37.14016 ], [ -121.61598, 37.14024 ], [ -121.61555, 37.13986 ], [ -121.61464, 37.13914 ], [ -121.61439, 37.13888 ], [ -121.612771, 37.139489 ], [ -121.612825, 37.139655 ], [ -121.612856, 37.139656 ], [ -121.61191, 37.14045 ], [ -121.61203, 37.14062 ], [ -121.613837, 37.142028 ], [ -121.607181, 37.147277 ], [ -121.603784, 37.149908 ], [ -121.617156, 37.15794 ], [ -121.61699, 37.1599 ], [ -121.61701, 37.16007 ], [ -121.616951, 37.161269 ], [ -121.617006, 37.16228 ], [ -121.6168, 37.162431 ], [ -121.616072, 37.161755 ], [ -121.615303, 37.161332 ], [ -121.61507, 37.161343 ], [ -121.614994, 37.161311 ], [ -121.614932, 37.16125 ], [ -121.614877, 37.160882 ], [ -121.614836, 37.160838 ], [ -121.614403, 37.160882 ], [ -121.614307, 37.160866 ], [ -121.61417, 37.160773 ], [ -121.614122, 37.16069 ], [ -121.614101, 37.160547 ], [ -121.614135, 37.160432 ], [ -121.614101, 37.160405 ], [ -121.613648, 37.160311 ], [ -121.612975, 37.159943 ], [ -121.612851, 37.15985 ], [ -121.612851, 37.159619 ], [ -121.612817, 37.159553 ], [ -121.612279, 37.159154 ], [ -121.611778, 37.159193 ], [ -121.611772, 37.15903 ], [ -121.611924, 37.159024 ], [ -121.611924, 37.158844 ], [ -121.612003, 37.15854 ], [ -121.611789, 37.158528 ], [ -121.611834, 37.158416 ], [ -121.611953, 37.158404 ], [ -121.611874, 37.158162 ], [ -121.611615, 37.158145 ], [ -121.610905, 37.157785 ], [ -121.609903, 37.15774 ], [ -121.609344, 37.157607 ], [ -121.60849, 37.157523 ], [ -121.608698, 37.157017 ], [ -121.607305, 37.156737 ], [ -121.605659, 37.155471 ], [ -121.605581, 37.155334 ], [ -121.60558, 37.154832 ], [ -121.605497, 37.154696 ], [ -121.60508, 37.15426 ], [ -121.605016, 37.154106 ], [ -121.604935, 37.154094 ], [ -121.604455, 37.154335 ], [ -121.603948, 37.154068 ], [ -121.603606, 37.154519 ], [ -121.603463, 37.154627 ], [ -121.60327, 37.15451 ], [ -121.603112, 37.15434 ], [ -121.603744, 37.153945 ], [ -121.602944, 37.15279 ], [ -121.601541, 37.151877 ], [ -121.600932, 37.151785 ], [ -121.600223, 37.151289 ], [ -121.600057, 37.150704 ], [ -121.59971, 37.14989 ], [ -121.59965, 37.14982 ], [ -121.59849, 37.148994 ], [ -121.597459, 37.14908 ], [ -121.59716, 37.148481 ], [ -121.596821, 37.148645 ], [ -121.596746, 37.14832 ], [ -121.596087, 37.148559 ], [ -121.595907, 37.148494 ], [ -121.595147, 37.149062 ], [ -121.594718, 37.149756 ], [ -121.594356, 37.149698 ], [ -121.59413, 37.149603 ], [ -121.593878, 37.149398 ], [ -121.593825, 37.149466 ], [ -121.593721, 37.150004 ], [ -121.593425, 37.149883 ], [ -121.593462, 37.149525 ], [ -121.593733, 37.149196 ], [ -121.5937, 37.14901 ], [ -121.59378, 37.14858 ], [ -121.59375, 37.14845 ], [ -121.59358, 37.14817 ], [ -121.594214, 37.148362 ], [ -121.594732, 37.147835 ], [ -121.593655, 37.147544 ], [ -121.59396, 37.14681 ], [ -121.59399, 37.1466 ], [ -121.59393, 37.14605 ], [ -121.59393, 37.14553 ], [ -121.59408, 37.1451 ], [ -121.594285, 37.144258 ], [ -121.593961, 37.144722 ], [ -121.593828, 37.144996 ], [ -121.593408, 37.146584 ], [ -121.593211, 37.146773 ], [ -121.593062, 37.14686 ], [ -121.592546, 37.146965 ], [ -121.592476, 37.147074 ], [ -121.592428, 37.147396 ], [ -121.592321, 37.147567 ], [ -121.592062, 37.147813 ], [ -121.59187, 37.148083 ], [ -121.591701, 37.148531 ], [ -121.591628, 37.148821 ], [ -121.59149, 37.14899 ], [ -121.592763, 37.149333 ], [ -121.592751, 37.149533 ], [ -121.59124, 37.14933 ], [ -121.59097, 37.14962 ], [ -121.59093, 37.1497 ], [ -121.591, 37.15003 ], [ -121.59099, 37.15031 ], [ -121.59092, 37.15054 ], [ -121.5908, 37.15071 ], [ -121.5907, 37.15099 ], [ -121.59054, 37.15117 ], [ -121.59019, 37.15125 ], [ -121.59, 37.15121 ], [ -121.58961, 37.15101 ], [ -121.58939, 37.15102 ], [ -121.58923, 37.15108 ], [ -121.58906, 37.15117 ], [ -121.58879, 37.15142 ], [ -121.58872, 37.15155 ], [ -121.58861, 37.15197 ], [ -121.58841, 37.15211 ], [ -121.58798, 37.15208 ], [ -121.58705, 37.15177 ], [ -121.58673, 37.15175 ], [ -121.58665, 37.15178 ], [ -121.58641, 37.15201 ], [ -121.58601, 37.15212 ], [ -121.58575, 37.15224 ], [ -121.5857, 37.15257 ], [ -121.58565, 37.15262 ], [ -121.58553, 37.15267 ], [ -121.58518, 37.1527 ], [ -121.584831, 37.149669 ], [ -121.584541, 37.146731 ], [ -121.584344, 37.143647 ], [ -121.584169, 37.13908 ], [ -121.583285, 37.137504 ], [ -121.585073, 37.138616 ], [ -121.585643, 37.138 ], [ -121.586173, 37.138288 ], [ -121.586572, 37.138068 ], [ -121.58672, 37.138343 ], [ -121.587394, 37.138087 ], [ -121.586651, 37.136771 ], [ -121.590069, 37.135475 ], [ -121.589985, 37.134896 ], [ -121.592222, 37.134147 ], [ -121.591909, 37.13469 ], [ -121.596916, 37.13288 ], [ -121.597554, 37.132719 ], [ -121.598329, 37.133673 ], [ -121.600293, 37.132994 ], [ -121.597261, 37.127858 ], [ -121.593052, 37.120877 ], [ -121.58878, 37.122478 ], [ -121.58863, 37.12224 ], [ -121.583253, 37.111832 ], [ -121.584619, 37.111228 ], [ -121.583885, 37.109829 ], [ -121.588831, 37.108027 ], [ -121.589282, 37.107894 ], [ -121.592887, 37.114725 ], [ -121.592637, 37.11495 ], [ -121.59377, 37.11702 ], [ -121.59421, 37.11792 ], [ -121.595408, 37.120013 ], [ -121.594197, 37.120422 ], [ -121.594139, 37.120318 ], [ -121.593695, 37.120472 ], [ -121.600957, 37.132751 ], [ -121.602499, 37.132166 ], [ -121.603095, 37.133187 ], [ -121.61053, 37.13034 ], [ -121.61362, 37.13564 ], [ -121.614156, 37.136481 ], [ -121.622357, 37.133312 ], [ -121.624591, 37.132498 ], [ -121.62726, 37.131466 ], [ -121.62405, 37.12615 ], [ -121.62351, 37.12518 ], [ -121.62508, 37.124584 ], [ -121.623953, 37.12271 ], [ -121.625548, 37.12205 ], [ -121.62541, 37.12182 ], [ -121.62513, 37.12158 ], [ -121.62468, 37.12147 ], [ -121.62364, 37.1213 ], [ -121.62327, 37.12117 ], [ -121.62316, 37.12108 ], [ -121.62288, 37.120584 ], [ -121.623133, 37.12042 ], [ -121.6241, 37.12008 ], [ -121.626414, 37.119127 ], [ -121.628091, 37.11856 ], [ -121.62917, 37.11814 ], [ -121.62873, 37.11822 ], [ -121.62855, 37.1182 ], [ -121.62651, 37.11784 ], [ -121.62593, 37.11766 ], [ -121.62572, 37.11753 ], [ -121.62554, 37.11737 ], [ -121.62538, 37.11715 ], [ -121.631461, 37.114803 ], [ -121.634106, 37.113816 ], [ -121.63228, 37.11201 ], [ -121.630296, 37.112755 ], [ -121.628975, 37.11072 ], [ -121.63039, 37.11017 ], [ -121.629757, 37.109559 ], [ -121.630429, 37.10937 ], [ -121.63517, 37.10763 ], [ -121.635032, 37.107603 ], [ -121.632595, 37.106105 ], [ -121.631756, 37.105634 ], [ -121.63125, 37.106231 ], [ -121.63167, 37.106363 ], [ -121.632169, 37.10635 ], [ -121.632577, 37.106865 ], [ -121.628608, 37.108202 ], [ -121.627805, 37.107421 ], [ -121.629938, 37.105206 ], [ -121.630161, 37.105336 ], [ -121.630599, 37.104889 ], [ -121.629981, 37.104502 ], [ -121.629444, 37.105077 ], [ -121.629061, 37.104842 ], [ -121.627158, 37.106791 ], [ -121.621045, 37.100855 ], [ -121.621681, 37.100672 ], [ -121.623215, 37.100054 ], [ -121.630647, 37.104689 ], [ -121.631331, 37.103951 ], [ -121.631781, 37.104229 ], [ -121.633838, 37.102084 ], [ -121.637353, 37.104291 ], [ -121.637181, 37.104442 ], [ -121.637764, 37.104832 ], [ -121.637579, 37.105038 ], [ -121.637784, 37.105121 ], [ -121.641704, 37.100119 ], [ -121.634383, 37.095521 ], [ -121.63298, 37.09695 ], [ -121.629557, 37.094745 ], [ -121.624289, 37.096976 ], [ -121.621896, 37.096343 ], [ -121.620778, 37.095895 ], [ -121.62, 37.09625 ], [ -121.6187, 37.09678 ], [ -121.61835, 37.097 ], [ -121.61727, 37.09613 ], [ -121.61679, 37.09568 ], [ -121.616454, 37.095273 ], [ -121.61682, 37.095378 ], [ -121.617681, 37.095339 ], [ -121.618267, 37.095362 ], [ -121.619533, 37.095265 ], [ -121.620123, 37.095088 ], [ -121.620044, 37.094949 ], [ -121.621481, 37.094177 ], [ -121.62311, 37.093783 ], [ -121.62466, 37.093235 ], [ -121.626291, 37.092738 ], [ -121.62671, 37.09278 ], [ -121.62731, 37.09277 ], [ -121.62762, 37.09276 ], [ -121.628077, 37.092691 ], [ -121.629572, 37.092006 ], [ -121.62916, 37.0913 ], [ -121.629337, 37.091259 ], [ -121.62885, 37.09057 ], [ -121.629497, 37.090419 ], [ -121.629325, 37.090018 ], [ -121.63003, 37.089366 ], [ -121.630215, 37.08906 ], [ -121.630929, 37.089081 ], [ -121.631561, 37.088972 ], [ -121.633056, 37.088981 ], [ -121.633676, 37.088824 ], [ -121.634868, 37.088831 ], [ -121.635965, 37.088934 ], [ -121.636528, 37.089274 ], [ -121.637936, 37.09002 ], [ -121.638888, 37.09131 ], [ -121.639615, 37.091233 ], [ -121.640154, 37.09129 ], [ -121.641489, 37.091073 ], [ -121.64394, 37.091076 ], [ -121.644848, 37.090247 ], [ -121.645109, 37.089825 ], [ -121.646285, 37.091047 ], [ -121.648066, 37.091946 ], [ -121.64631, 37.0942 ], [ -121.64675, 37.094903 ], [ -121.647386, 37.095751 ], [ -121.647745, 37.096315 ], [ -121.649297, 37.098369 ], [ -121.65054, 37.097535 ], [ -121.651486, 37.098466 ], [ -121.653228, 37.097332 ], [ -121.657389, 37.10139 ], [ -121.656965, 37.101705 ], [ -121.657227, 37.102054 ], [ -121.65831, 37.103952 ], [ -121.656915, 37.104395 ], [ -121.656323, 37.104944 ], [ -121.65488, 37.10384 ], [ -121.653108, 37.102617 ], [ -121.651162, 37.104557 ], [ -121.652012, 37.105033 ], [ -121.652326, 37.105257 ], [ -121.651085, 37.106275 ], [ -121.647123, 37.109292 ], [ -121.648045, 37.110849 ], [ -121.647854, 37.11096 ], [ -121.648061, 37.111306 ], [ -121.649139, 37.110712 ], [ -121.652307, 37.116312 ], [ -121.651228, 37.116696 ], [ -121.652372, 37.118676 ], [ -121.653912, 37.118118 ], [ -121.654078, 37.11839 ], [ -121.658399, 37.1168 ], [ -121.659064, 37.118055 ], [ -121.66138, 37.11719 ], [ -121.661821, 37.117077 ], [ -121.661852, 37.117487 ], [ -121.668465, 37.117207 ], [ -121.665917, 37.115987 ], [ -121.665246, 37.116009 ], [ -121.664245, 37.116436 ], [ -121.664128, 37.114562 ], [ -121.665199, 37.114544 ], [ -121.665226, 37.114944 ], [ -121.666253, 37.115478 ], [ -121.669774, 37.117134 ], [ -121.672048, 37.117014 ], [ -121.672762, 37.118317 ], [ -121.671077, 37.11884 ], [ -121.673123, 37.120801 ], [ -121.672746, 37.121692 ], [ -121.670348, 37.129177 ], [ -121.668786, 37.131326 ], [ -121.672818, 37.135141 ], [ -121.67622, 37.13281 ], [ -121.67569, 37.13231 ], [ -121.67547, 37.13206 ], [ -121.674938, 37.131583 ], [ -121.675824, 37.130997 ], [ -121.675635, 37.130819 ], [ -121.676619, 37.130152 ], [ -121.675056, 37.128467 ], [ -121.674544, 37.128089 ], [ -121.675927, 37.12716 ], [ -121.676283, 37.127178 ], [ -121.67637, 37.12776 ], [ -121.677501, 37.127144 ], [ -121.680841, 37.124651 ], [ -121.68031, 37.124145 ], [ -121.67842, 37.124202 ], [ -121.676852, 37.123051 ], [ -121.678401, 37.122407 ], [ -121.679931, 37.120769 ], [ -121.682421, 37.120049 ], [ -121.684071, 37.119992 ], [ -121.684754, 37.12003 ], [ -121.68688, 37.12054 ], [ -121.689998, 37.120368 ], [ -121.693479, 37.121395 ], [ -121.696256, 37.122662 ], [ -121.697325, 37.123029 ], [ -121.697838, 37.123358 ], [ -121.69791, 37.123432 ], [ -121.698028, 37.123812 ], [ -121.698048, 37.124006 ] ] ] } },
{ "type": "Feature", "properties": { "place": "Campbell", "place_kind": "city", "county": "Santa Cruz" }, "geometry": { "type": "Polygon", "coordinates": [ [ [ -121.992077, 37.263316 ], [ -121.992041, 37.263478 ], [ -121.991962, 37.263629 ], [ -121.991547, 37.264144 ], [ -121.99122, 37.264619 ], [ -121.991054, 37.265495 ], [ -121.990655, 37.266632 ], [ -121.990641, 37.267187 ], [ -121.9908, 37.267868 ], [ -121.990677, 37.268307 ], [ -121.990725, 37.268505 ], [ -121.990787, 37.268604 ], [ -121.990787, 37.268697 ], [ -121.990655, 37.269106 ], [ -121.984962, 37.266509 ], [ -121.984492, 37.266588 ], [ -121.984465, 37.266628 ], [ -121.982296, 37.267075 ], [ -121.982252, 37.266927 ], [ -121.981782, 37.267021 ], [ -121.98211, 37.26788 ], [ -121.982601, 37.267808 ], [ -121.983331, 37.26988 ], [ -121.983296, 37.269985 ], [ -121.982152, 37.270208 ], [ -121.982374, 37.2708 ], [ -121.982353, 37.270797 ], [ -121.982402, 37.270966 ], [ -121.981589, 37.271123 ], [ -121.98138, 37.27119 ], [ -121.981229, 37.27119 ], [ -121.982118, 37.273694 ], [ -121.982671, 37.273477 ], [ -121.98292, 37.273431 ], [ -121.983033, 37.276406 ], [ -121.979683, 37.276498 ], [ -121.979788, 37.279004 ], [ -121.977849, 37.279034 ], [ -121.977277, 37.279143 ], [ -121.97721, 37.278902 ], [ -121.976984, 37.278538 ], [ -121.976863, 37.278454 ], [ -121.976604, 37.278371 ], [ -121.97673, 37.277887 ], [ -121.97666, 37.2772 ], [ -121.976321, 37.277365 ], [ -121.975138, 37.277424 ], [ -121.973257, 37.277351 ], [ -121.97166, 37.27739 ], [ -121.97132, 37.27734 ], [ -121.970482, 37.277294 ], [ -121.969441, 37.277321 ], [ -121.968929, 37.277253 ], [ -121.966979, 37.277941 ], [ -121.966588, 37.278028 ], [ -121.965904, 37.278114 ], [ -121.965535, 37.27829 ], [ -121.965323, 37.278556 ], [ -121.965131, 37.278697 ], [ -121.964727, 37.278836 ], [ -121.964704, 37.279835 ], [ -121.96477, 37.28194 ], [ -121.966468, 37.28194 ], [ -121.966465, 37.284166 ], [ -121.965786, 37.284175 ], [ -121.965825, 37.286701 ], [ -121.966722, 37.286658 ], [ -121.968199, 37.286343 ], [ -121.974164, 37.286094 ], [ -121.974028, 37.284477 ], [ -121.976624, 37.284361 ], [ -121.976631, 37.283601 ], [ -121.982943, 37.283453 ], [ -121.983107, 37.286049 ], [ -121.984115, 37.286238 ], [ -121.983454, 37.286841 ], [ -121.979815, 37.289983 ], [ -121.981645, 37.291322 ], [ -121.980273, 37.292518 ], [ -121.976599, 37.289826 ], [ -121.976598, 37.290779 ], [ -121.976151, 37.290714 ], [ -121.970718, 37.290803 ], [ -121.970732, 37.291641 ], [ -121.97065, 37.29163 ], [ -121.97067, 37.29318 ], [ -121.970768, 37.29319 ], [ -121.970857, 37.295365 ], [ -121.966223, 37.29544 ], [ -121.966213, 37.295671 ], [ -121.962917, 37.295677 ], [ -121.962943, 37.295495 ], [ -121.961289, 37.295535 ], [ -121.961341, 37.295866 ], [ -121.96139, 37.295933 ], [ -121.961798, 37.295949 ], [ -121.962292, 37.29603 ], [ -121.96234, 37.296124 ], [ -121.962416, 37.296187 ], [ -121.962993, 37.297347 ], [ -121.962967, 37.297403 ], [ -121.963064, 37.297603 ], [ -121.962856, 37.29766 ], [ -121.962643, 37.297789 ], [ -121.962602, 37.297882 ], [ -121.96134, 37.29789 ], [ -121.960937, 37.297845 ], [ -121.959017, 37.297856 ], [ -121.959019, 37.29553 ], [ -121.954441, 37.295569 ], [ -121.954441, 37.295628 ], [ -121.949919, 37.295628 ], [ -121.949921, 37.295747 ], [ -121.947634, 37.295749 ], [ -121.947608, 37.294937 ], [ -121.945212, 37.294922 ], [ -121.945217, 37.294987 ], [ -121.944625, 37.294992 ], [ -121.944622, 37.295376 ], [ -121.94451, 37.29547 ], [ -121.9445, 37.29561 ], [ -121.94456, 37.29743 ], [ -121.94473, 37.29753 ], [ -121.94472, 37.29794 ], [ -121.945306, 37.297947 ], [ -121.945356, 37.301543 ], [ -121.945385, 37.301637 ], [ -121.945409, 37.305197 ], [ -121.94544, 37.3052 ], [ -121.945491, 37.306993 ], [ -121.943964, 37.306988 ], [ -121.943966, 37.305203 ], [ -121.943176, 37.305203 ], [ -121.943158, 37.303309 ], [ -121.94074, 37.303322 ], [ -121.940753, 37.305129 ], [ -121.940597, 37.305111 ], [ -121.939921, 37.305229 ], [ -121.939851, 37.305208 ], [ -121.939824, 37.304546 ], [ -121.939847, 37.304493 ], [ -121.939836, 37.302426 ], [ -121.939465, 37.302428 ], [ -121.939288, 37.302399 ], [ -121.938113, 37.302417 ], [ -121.938126, 37.302086 ], [ -121.938159, 37.30202 ], [ -121.938102, 37.299749 ], [ -121.940488, 37.299743 ], [ -121.940452, 37.299148 ], [ -121.940401, 37.298857 ], [ -121.940213, 37.29812 ], [ -121.939876, 37.297336 ], [ -121.939492, 37.296619 ], [ -121.938738, 37.295713 ], [ -121.937836, 37.294547 ], [ -121.937427, 37.294241 ], [ -121.93598, 37.29422 ], [ -121.93367, 37.29628 ], [ -121.931866, 37.297941 ], [ -121.931674, 37.29803 ], [ -121.931686, 37.294397 ], [ -121.927692, 37.294382 ], [ -121.924388, 37.294411 ], [ -121.922656, 37.294373 ], [ -121.918074, 37.294401 ], [ -121.918046, 37.289882 ], [ -121.922597, 37.289862 ], [ -121.922544, 37.285413 ], [ -121.922498, 37.28492 ], [ -121.922455, 37.282627 ], [ -121.92325, 37.282084 ], [ -121.923495, 37.281809 ], [ -121.923536, 37.281716 ], [ -121.923544, 37.281419 ], [ -121.924333, 37.281374 ], [ -121.924337, 37.281205 ], [ -121.924733, 37.28121 ], [ -121.924732, 37.281244 ], [ -121.925136, 37.281243 ], [ -121.925139, 37.281399 ], [ -121.925988, 37.281385 ], [ -121.926314, 37.281572 ], [ -121.9264, 37.281573 ], [ -121.926403, 37.281937 ], [ -121.927038, 37.281922 ], [ -121.927047, 37.282033 ], [ -121.927925, 37.282029 ], [ -121.927914, 37.281572 ], [ -121.92886, 37.281569 ], [ -121.928868, 37.281432 ], [ -121.930821, 37.281409 ], [ -121.930818, 37.282018 ], [ -121.931657, 37.28201 ], [ -121.931679, 37.2824 ], [ -121.934174, 37.282392 ], [ -121.934147, 37.281384 ], [ -121.934461, 37.281378 ], [ -121.934457, 37.280147 ], [ -121.933911, 37.27989 ], [ -121.934142, 37.279604 ], [ -121.934338, 37.279744 ], [ -121.934744, 37.279754 ], [ -121.934748, 37.279871 ], [ -121.93581, 37.279868 ], [ -121.935747, 37.279294 ], [ -121.935365, 37.278445 ], [ -121.934998, 37.277367 ], [ -121.934781, 37.276851 ], [ -121.934255, 37.276997 ], [ -121.933732, 37.275829 ], [ -121.934263, 37.275687 ], [ -121.933831, 37.274667 ], [ -121.934307, 37.274094 ], [ -121.935279, 37.274658 ], [ -121.935393, 37.274661 ], [ -121.935377, 37.274301 ], [ -121.935759, 37.274298 ], [ -121.935759, 37.274177 ], [ -121.936197, 37.274182 ], [ -121.936204, 37.274598 ], [ -121.936585, 37.274515 ], [ -121.93794, 37.274515 ], [ -121.937927, 37.273566 ], [ -121.9379, 37.273566 ], [ -121.93789, 37.273226 ], [ -121.938334, 37.273229 ], [ -121.938344, 37.273556 ], [ -121.938777, 37.273544 ], [ -121.938755, 37.273082 ], [ -121.939202, 37.273089 ], [ -121.939191, 37.272999 ], [ -121.940056, 37.273013 ], [ -121.940054, 37.27323 ], [ -121.940711, 37.273209 ], [ -121.940703, 37.272616 ], [ -121.941035, 37.272622 ], [ -121.941089, 37.272666 ], [ -121.941285, 37.272669 ], [ -121.941351, 37.27261 ], [ -121.941344, 37.272454 ], [ -121.941283, 37.272402 ], [ -121.941076, 37.272399 ], [ -121.941031, 37.272453 ], [ -121.940634, 37.272452 ], [ -121.940566, 37.26902 ], [ -121.940917, 37.269015 ], [ -121.940908, 37.267904 ], [ -121.941309, 37.267612 ], [ -121.941262, 37.267498 ], [ -121.941318, 37.267369 ], [ -121.941874, 37.266908 ], [ -121.942046, 37.267039 ], [ -121.942229, 37.266883 ], [ -121.942472, 37.26707 ], [ -121.942918, 37.2669 ], [ -121.942796, 37.266568 ], [ -121.942424, 37.266636 ], [ -121.942351, 37.266583 ], [ -121.942309, 37.266458 ], [ -121.942257, 37.266513 ], [ -121.942183, 37.26646 ], [ -121.942154, 37.266198 ], [ -121.94196, 37.266034 ], [ -121.942231, 37.265737 ], [ -121.942682, 37.265727 ], [ -121.942678, 37.265164 ], [ -121.94285, 37.265166 ], [ -121.942858, 37.264753 ], [ -121.943254, 37.264999 ], [ -121.943952, 37.264249 ], [ -121.944006, 37.264288 ], [ -121.944001, 37.263597 ], [ -121.944934, 37.263585 ], [ -121.944921, 37.262872 ], [ -121.944008, 37.262889 ], [ -121.944715, 37.262114 ], [ -121.94516, 37.26173 ], [ -121.9471, 37.25963 ], [ -121.94948, 37.25682 ], [ -121.95065, 37.25536 ], [ -121.950677, 37.255373 ], [ -121.95087, 37.25516 ], [ -121.9515, 37.25441 ], [ -121.954566, 37.255926 ], [ -121.954596, 37.255889 ], [ -121.955344, 37.256264 ], [ -121.954717, 37.257126 ], [ -121.953821, 37.258264 ], [ -121.954362, 37.258576 ], [ -121.954418, 37.258635 ], [ -121.956227, 37.260799 ], [ -121.956416, 37.260855 ], [ -121.957044, 37.260949 ], [ -121.95917, 37.26117 ], [ -121.96196, 37.26158 ], [ -121.96086, 37.26301 ], [ -121.96282, 37.26337 ], [ -121.96263, 37.26411 ], [ -121.97166, 37.26398 ], [ -121.97185, 37.26395 ], [ -121.97199, 37.26388 ], [ -121.973012, 37.264851 ], [ -121.97336, 37.26511 ], [ -121.97356, 37.26517 ], [ -121.973799, 37.265188 ], [ -121.974063, 37.265161 ], [ -121.974862, 37.265204 ], [ -121.97821, 37.26501 ], [ -121.979084, 37.264897 ], [ -121.979805, 37.264898 ], [ -121.981184, 37.265157 ], [ -121.981483, 37.265151 ], [ -121.981783, 37.265035 ], [ -121.982268, 37.264739 ], [ -121.98303, 37.26474 ], [ -121.98349, 37.26467 ], [ -121.98881, 37.26353 ], [ -121.99075, 37.26317 ], [ -121.991938, 37.262885 ], [ -121.991938, 37.263032 ], [ -121.992023, 37.263144 ], [ -121.992077, 37.263316 ] ] ] } },
{ "type": "Feature", "properties": { "place": "Cupertino", "place_kind": "city", "county": "Santa Cruz" }, "geometry": { "type": "Polygon", "coordinates": [ [ [ -122.092176, 37.304302 ], [ -122.09201, 37.308074 ], [ -122.091987, 37.308102 ], [ -122.077583, 37.308066 ], [ -122.077585, 37.308646 ], [ -122.082723, 37.308625 ], [ -122.087363, 37.308658 ], [ -122.087593, 37.315359 ], [ -122.077583, 37.315334 ], [ -122.077583, 37.317181 ], [ -122.080149, 37.319412 ], [ -122.081497, 37.320526 ], [ -122.078128, 37.323168 ], [ -122.081388, 37.323719 ], [ -122.081833, 37.323744 ], [ -122.082564, 37.323707 ], [ -122.084853, 37.324963 ], [ -122.088632, 37.326065 ], [ -122.089421, 37.32671 ], [ -122.082829, 37.33112 ], [ -122.083185, 37.331581 ], [ -122.083977, 37.331399 ], [ -122.084441, 37.333414 ], [ -122.084644, 37.334067 ], [ -122.087397, 37.333688 ], [ -122.086912, 37.333226 ], [ -122.087309, 37.332959 ], [ -122.087471, 37.333119 ], [ -122.087523, 37.333084 ], [ -122.087965, 37.33351 ], [ -122.088009, 37.333769 ], [ -122.088658, 37.334442 ], [ -122.089035, 37.334625 ], [ -122.089067, 37.334827 ], [ -122.089324, 37.335044 ], [ -122.089537, 37.33515 ], [ -122.090458, 37.336279 ], [ -122.090954, 37.336622 ], [ -122.09074, 37.33762 ], [ -122.0905, 37.33898 ], [ -122.090533, 37.339368 ], [ -122.090506, 37.339612 ], [ -122.090363, 37.339754 ], [ -122.090109, 37.339853 ], [ -122.090116, 37.340033 ], [ -122.089953, 37.339972 ], [ -122.0898, 37.34037 ], [ -122.089656, 37.340627 ], [ -122.08908, 37.34036 ], [ -122.08765, 37.3396 ], [ -122.0847, 37.33791 ], [ -122.083166, 37.336886 ], [ -122.083924, 37.335711 ], [ -122.083141, 37.333102 ], [ -122.081975, 37.331992 ], [ -122.080759, 37.331906 ], [ -122.079298, 37.333398 ], [ -122.079695, 37.334094 ], [ -122.078737, 37.333678 ], [ -122.078165, 37.333493 ], [ -122.077519, 37.333449 ], [ -122.076528, 37.333282 ], [ -122.075232, 37.33276 ], [ -122.075029, 37.332646 ], [ -122.074918, 37.332505 ], [ -122.074953, 37.332397 ], [ -122.074768, 37.332303 ], [ -122.074854, 37.33218 ], [ -122.074734, 37.332092 ], [ -122.07481, 37.331982 ], [ -122.074508, 37.331889 ], [ -122.074237, 37.331868 ], [ -122.073968, 37.331906 ], [ -122.073647, 37.332047 ], [ -122.069709, 37.329723 ], [ -122.069271, 37.33001 ], [ -122.06913, 37.33141 ], [ -122.068964, 37.332466 ], [ -122.06882, 37.333099 ], [ -122.06875, 37.333096 ], [ -122.068737, 37.333146 ], [ -122.068038, 37.333127 ], [ -122.068058, 37.333065 ], [ -122.06793, 37.33306 ], [ -122.068021, 37.332629 ], [ -122.068583, 37.332687 ], [ -122.06865, 37.332407 ], [ -122.068086, 37.332325 ], [ -122.068126, 37.332123 ], [ -122.068695, 37.332206 ], [ -122.068739, 37.332005 ], [ -122.068171, 37.331917 ], [ -122.068214, 37.331723 ], [ -122.068798, 37.331804 ], [ -122.068883, 37.331397 ], [ -122.0672, 37.33127 ], [ -122.06725, 37.33066 ], [ -122.06648, 37.33061 ], [ -122.0657, 37.33061 ], [ -122.06529, 37.33055 ], [ -122.06361, 37.330434 ], [ -122.06346, 37.330298 ], [ -122.062713, 37.3299 ], [ -122.062554, 37.329749 ], [ -122.062407, 37.32987 ], [ -122.062256, 37.329849 ], [ -122.062069, 37.32953 ], [ -122.062636, 37.3292 ], [ -122.062272, 37.328691 ], [ -122.060292, 37.328539 ], [ -122.059654, 37.329347 ], [ -122.060673, 37.33004 ], [ -122.060815, 37.33073 ], [ -122.061508, 37.330441 ], [ -122.061576, 37.33058 ], [ -122.060884, 37.330958 ], [ -122.060963, 37.331171 ], [ -122.06169, 37.330695 ], [ -122.06183, 37.3308 ], [ -122.061178, 37.33145 ], [ -122.061245, 37.331495 ], [ -122.061731, 37.331514 ], [ -122.062343, 37.33166 ], [ -122.062702, 37.332037 ], [ -122.063391, 37.332672 ], [ -122.063945, 37.332299 ], [ -122.064107, 37.332455 ], [ -122.063551, 37.332835 ], [ -122.063847, 37.333118 ], [ -122.063841, 37.333237 ], [ -122.064613, 37.333325 ], [ -122.065219, 37.333489 ], [ -122.065232, 37.333378 ], [ -122.066913, 37.333481 ], [ -122.06696, 37.33302 ], [ -122.067237, 37.33303 ], [ -122.067186, 37.33353 ], [ -122.067817, 37.333535 ], [ -122.068573, 37.333488 ], [ -122.06826, 37.33444 ], [ -122.068029, 37.335452 ], [ -122.06664, 37.335373 ], [ -122.065733, 37.334696 ], [ -122.065382, 37.334542 ], [ -122.063805, 37.334111 ], [ -122.06382, 37.334151 ], [ -122.064181, 37.33434 ], [ -122.06461, 37.334662 ], [ -122.06475, 37.334834 ], [ -122.06478, 37.33491 ], [ -122.064694, 37.335261 ], [ -122.064618, 37.335344 ], [ -122.064903, 37.335547 ], [ -122.064809, 37.336458 ], [ -122.06618, 37.33645 ], [ -122.067559, 37.337473 ], [ -122.067486, 37.337524 ], [ -122.06716, 37.33753 ], [ -122.059584, 37.33753 ], [ -122.059607, 37.338326 ], [ -122.05925, 37.33833 ], [ -122.05913, 37.33817 ], [ -122.05896, 37.33808 ], [ -122.0581, 37.33785 ], [ -122.05796, 37.33777 ], [ -122.0579, 37.33762 ], [ -122.05788, 37.33745 ], [ -122.057909, 37.336848 ], [ -122.057967, 37.336725 ], [ -122.058067, 37.336619 ], [ -122.058567, 37.336344 ], [ -122.05855, 37.336089 ], [ -122.058408, 37.335855 ], [ -122.0583, 37.33523 ], [ -122.057283, 37.33441 ], [ -122.057323, 37.334397 ], [ -122.057355, 37.332147 ], [ -122.05739, 37.33213 ], [ -122.057358, 37.332106 ], [ -122.057363, 37.331608 ], [ -122.05631, 37.33135 ], [ -122.05578, 37.33116 ], [ -122.05461, 37.33062 ], [ -122.05399, 37.330226 ], [ -122.052754, 37.330231 ], [ -122.052761, 37.330717 ], [ -122.052478, 37.330737 ], [ -122.052495, 37.330919 ], [ -122.052468, 37.331191 ], [ -122.052747, 37.331201 ], [ -122.052752, 37.331855 ], [ -122.052116, 37.331877 ], [ -122.051014, 37.332772 ], [ -122.051034, 37.33384 ], [ -122.050872, 37.335485 ], [ -122.050829, 37.335491 ], [ -122.050826, 37.336105 ], [ -122.050725, 37.336595 ], [ -122.050538, 37.336962 ], [ -122.050534, 37.33754 ], [ -122.044867, 37.337544 ], [ -122.044825, 37.333942 ], [ -122.043694, 37.333926 ], [ -122.043708, 37.337554 ], [ -122.03673, 37.33757 ], [ -122.03677, 37.33871 ], [ -122.036755, 37.339426 ], [ -122.032393, 37.339446 ], [ -122.03239, 37.33822 ], [ -122.030433, 37.33825 ], [ -122.030437, 37.337631 ], [ -122.02842, 37.33767 ], [ -122.022146, 37.337694 ], [ -122.022137, 37.337083 ], [ -122.021621, 37.337087 ], [ -122.021634, 37.337696 ], [ -122.019621, 37.337704 ], [ -122.019615, 37.337115 ], [ -122.020011, 37.337112 ], [ -122.019992, 37.332916 ], [ -122.016448, 37.332947 ], [ -122.016433, 37.337726 ], [ -122.01236, 37.33775 ], [ -122.011198, 37.337668 ], [ -122.010808, 37.337708 ], [ -122.008334, 37.33769 ], [ -122.0071, 37.33777 ], [ -122.002386, 37.337801 ], [ -122.002424, 37.33408 ], [ -122.004656, 37.33407 ], [ -122.004733, 37.32757 ], [ -122.004705, 37.323087 ], [ -122.003373, 37.323078 ], [ -122.003367, 37.321872 ], [ -122.003257, 37.321912 ], [ -122.002889, 37.321915 ], [ -122.002877, 37.320676 ], [ -122.0028, 37.320045 ], [ -122.002484, 37.320264 ], [ -122.002133, 37.320441 ], [ -122.00172, 37.320599 ], [ -122.000217, 37.320924 ], [ -121.999862, 37.321028 ], [ -121.999862, 37.321068 ], [ -121.999416, 37.321071 ], [ -121.999412, 37.320677 ], [ -121.996396, 37.320687 ], [ -121.99584, 37.32041 ], [ -121.995767, 37.316082 ], [ -121.995847, 37.315093 ], [ -121.99599, 37.314117 ], [ -121.995987, 37.312688 ], [ -121.995945, 37.311606 ], [ -121.995971, 37.310943 ], [ -121.996001, 37.310673 ], [ -121.996257, 37.30992 ], [ -121.99635, 37.309836 ], [ -121.996187, 37.309665 ], [ -122.0077, 37.31077 ], [ -122.01349, 37.31041 ], [ -122.01987, 37.30992 ], [ -122.02101, 37.30955 ], [ -122.02128, 37.30951 ], [ -122.02171, 37.3095 ], [ -122.022049, 37.30954 ], [ -122.03157, 37.312299 ], [ -122.032015, 37.312307 ], [ -122.032269, 37.312229 ], [ -122.032471, 37.312242 ], [ -122.032729, 37.312187 ], [ -122.03359, 37.312189 ], [ -122.034323, 37.312316 ], [ -122.034318, 37.310072 ], [ -122.034125, 37.309911 ], [ -122.034061, 37.309765 ], [ -122.034058, 37.309655 ], [ -122.033659, 37.309656 ], [ -122.033643, 37.309375 ], [ -122.033095, 37.309376 ], [ -122.033091, 37.308244 ], [ -122.032939, 37.308244 ], [ -122.032937, 37.307722 ], [ -122.033023, 37.307722 ], [ -122.033021, 37.30615 ], [ -122.033366, 37.306149 ], [ -122.033363, 37.304934 ], [ -122.034308, 37.304933 ], [ -122.034307, 37.303797 ], [ -122.035143, 37.303787 ], [ -122.033076, 37.302197 ], [ -122.033071, 37.301872 ], [ -122.032694, 37.301872 ], [ -122.032695, 37.301985 ], [ -122.03256, 37.301962 ], [ -122.032447, 37.302057 ], [ -122.032244, 37.302059 ], [ -122.032276, 37.299672 ], [ -122.032251, 37.298359 ], [ -122.032264, 37.293965 ], [ -122.03262, 37.29387 ], [ -122.03426, 37.29383 ], [ -122.03433, 37.2938 ], [ -122.0358, 37.29378 ], [ -122.03771, 37.29357 ], [ -122.03841, 37.29359 ], [ -122.0395, 37.29369 ], [ -122.039729, 37.293797 ], [ -122.040028, 37.293778 ], [ -122.04038, 37.293677 ], [ -122.04073, 37.2938 ], [ -122.04127, 37.29383 ], [ -122.04204, 37.29374 ], [ -122.04364, 37.29379 ], [ -122.04382, 37.29374 ], [ -122.04743, 37.293748 ], [ -122.047335, 37.293467 ], [ -122.049292, 37.293049 ], [ -122.049487, 37.292967 ], [ -122.050342, 37.297406 ], [ -122.052569, 37.297393 ], [ -122.052906, 37.297363 ], [ -122.058008, 37.29736 ], [ -122.058378, 37.296338 ], [ -122.059558, 37.296184 ], [ -122.059571, 37.290099 ], [ -122.064078, 37.290086 ], [ -122.063999, 37.282717 ], [ -122.059279, 37.282739 ], [ -122.059273, 37.27846 ], [ -122.064, 37.281118 ], [ -122.063912, 37.279135 ], [ -122.064482, 37.278971 ], [ -122.064786, 37.279053 ], [ -122.065042, 37.279008 ], [ -122.06522, 37.279053 ], [ -122.065429, 37.279025 ], [ -122.065558, 37.279235 ], [ -122.065907, 37.279407 ], [ -122.066988, 37.279383 ], [ -122.068011, 37.279478 ], [ -122.068322, 37.279333 ], [ -122.068552, 37.279163 ], [ -122.068518, 37.286398 ], [ -122.068586, 37.290072 ], [ -122.068471, 37.293734 ], [ -122.066866, 37.293697 ], [ -122.066862, 37.294975 ], [ -122.067659, 37.294976 ], [ -122.06845, 37.296568 ], [ -122.068413, 37.300321 ], [ -122.07309, 37.300334 ], [ -122.077538, 37.300458 ], [ -122.077038, 37.300671 ], [ -122.079562, 37.300669 ], [ -122.079563, 37.300463 ], [ -122.091815, 37.300675 ], [ -122.091676, 37.3043 ], [ -122.092176, 37.304302 ] ] ] } },
{ "type": "Feature", "properties": { "place": "Los Altos Hills", "place_kind": "city", "county": "Santa Cruz" }, "geometry": { "type": "Polygon", "coordinates": [ [ [ -122.171435, 37.381437 ], [ -122.170493, 37.385729 ], [ -122.170365, 37.385678 ], [ -122.168909, 37.391897 ], [ -122.168895, 37.392142 ], [ -122.167252, 37.399244 ], [ -122.16623, 37.39869 ], [ -122.16328, 37.39504 ], [ -122.162391, 37.394239 ], [ -122.16242, 37.39394 ], [ -122.16249, 37.39365 ], [ -122.16217, 37.39345 ], [ -122.16244, 37.39319 ], [ -122.1628, 37.39258 ], [ -122.163465, 37.390171 ], [ -122.163583, 37.389651 ], [ -122.16382, 37.38817 ], [ -122.16324, 37.38812 ], [ -122.16234, 37.38842 ], [ -122.16155, 37.38848 ], [ -122.15962, 37.38832 ], [ -122.15909, 37.38825 ], [ -122.15706, 37.38782 ], [ -122.15625, 37.38759 ], [ -122.15571, 37.38736 ], [ -122.155086, 37.38698 ], [ -122.153816, 37.387257 ], [ -122.15358, 37.387257 ], [ -122.152003, 37.387809 ], [ -122.151641, 37.388189 ], [ -122.15157, 37.38838 ], [ -122.15121, 37.38997 ], [ -122.15094, 37.39092 ], [ -122.15081, 37.39121 ], [ -122.15063, 37.39147 ], [ -122.15044, 37.39166 ], [ -122.14995, 37.39205 ], [ -122.14922, 37.39234 ], [ -122.14503, 37.39378 ], [ -122.14375, 37.39425 ], [ -122.141532, 37.395386 ], [ -122.140826, 37.394841 ], [ -122.140717, 37.394048 ], [ -122.140854, 37.39402 ], [ -122.140783, 37.393882 ], [ -122.140558, 37.392473 ], [ -122.140716, 37.392511 ], [ -122.140171, 37.391062 ], [ -122.138827, 37.391095 ], [ -122.138818, 37.389662 ], [ -122.138216, 37.389671 ], [ -122.138252, 37.389176 ], [ -122.13817, 37.389171 ], [ -122.138174, 37.38914 ], [ -122.136977, 37.38914 ], [ -122.136347, 37.388598 ], [ -122.135069, 37.38855 ], [ -122.135078, 37.389532 ], [ -122.136351, 37.389591 ], [ -122.136337, 37.391044 ], [ -122.136274, 37.39194 ], [ -122.135347, 37.391647 ], [ -122.135322, 37.392128 ], [ -122.13524, 37.392133 ], [ -122.13526, 37.39157 ], [ -122.134894, 37.391462 ], [ -122.135195, 37.391055 ], [ -122.13215, 37.390942 ], [ -122.13208, 37.39121 ], [ -122.13214, 37.39146 ], [ -122.133069, 37.392658 ], [ -122.13311, 37.39278 ], [ -122.133069, 37.393725 ], [ -122.130335, 37.393692 ], [ -122.12839, 37.39069 ], [ -122.1276, 37.38955 ], [ -122.12692, 37.38847 ], [ -122.12604, 37.38731 ], [ -122.124109, 37.38489 ], [ -122.124257, 37.384627 ], [ -122.124315, 37.384629 ], [ -122.124294, 37.384318 ], [ -122.124361, 37.384274 ], [ -122.124299, 37.384007 ], [ -122.124415, 37.383932 ], [ -122.124671, 37.383877 ], [ -122.124847, 37.383716 ], [ -122.125426, 37.383579 ], [ -122.125564, 37.383458 ], [ -122.125577, 37.38337 ], [ -122.125446, 37.383123 ], [ -122.125509, 37.382906 ], [ -122.125548, 37.382871 ], [ -122.125461, 37.382626 ], [ -122.125301, 37.382432 ], [ -122.125451, 37.382237 ], [ -122.12547, 37.381998 ], [ -122.125347, 37.381802 ], [ -122.125067, 37.381773 ], [ -122.124796, 37.38144 ], [ -122.124491, 37.381271 ], [ -122.124328, 37.381257 ], [ -122.124274, 37.381276 ], [ -122.12423, 37.381343 ], [ -122.124226, 37.381314 ], [ -122.123233, 37.381381 ], [ -122.123257, 37.381285 ], [ -122.12308, 37.380853 ], [ -122.124002, 37.380465 ], [ -122.12319, 37.379722 ], [ -122.122784, 37.379839 ], [ -122.122661, 37.379824 ], [ -122.121541, 37.379246 ], [ -122.121328, 37.379054 ], [ -122.12101, 37.379085 ], [ -122.12086, 37.379015 ], [ -122.120709, 37.378859 ], [ -122.120545, 37.378814 ], [ -122.120507, 37.378643 ], [ -122.120261, 37.378647 ], [ -122.120068, 37.37861 ], [ -122.120032, 37.378576 ], [ -122.120134, 37.378402 ], [ -122.120015, 37.378203 ], [ -122.12038, 37.37731 ], [ -122.11998, 37.37707 ], [ -122.119659, 37.377141 ], [ -122.119583, 37.37705 ], [ -122.119587, 37.376906 ], [ -122.119773, 37.376646 ], [ -122.119704, 37.376515 ], [ -122.11978, 37.376425 ], [ -122.11991, 37.37641 ], [ -122.119964, 37.376359 ], [ -122.11991, 37.376262 ], [ -122.119788, 37.376209 ], [ -122.119689, 37.376084 ], [ -122.119807, 37.375932 ], [ -122.119573, 37.375817 ], [ -122.119539, 37.375762 ], [ -122.119721, 37.375524 ], [ -122.119883, 37.375495 ], [ -122.119931, 37.37543 ], [ -122.119871, 37.375153 ], [ -122.11995, 37.374895 ], [ -122.120114, 37.374664 ], [ -122.120078, 37.374563 ], [ -122.119851, 37.374618 ], [ -122.119446, 37.374341 ], [ -122.119504, 37.374105 ], [ -122.119583, 37.373973 ], [ -122.119817, 37.373959 ], [ -122.11993, 37.37378 ], [ -122.120328, 37.373876 ], [ -122.12062, 37.37353 ], [ -122.120542, 37.373474 ], [ -122.120421, 37.372969 ], [ -122.12017, 37.372686 ], [ -122.119626, 37.372425 ], [ -122.119486, 37.372154 ], [ -122.120445, 37.37151 ], [ -122.120777, 37.37167 ], [ -122.121233, 37.371004 ], [ -122.121518, 37.370402 ], [ -122.122373, 37.369657 ], [ -122.123123, 37.369318 ], [ -122.123467, 37.369012 ], [ -122.122164, 37.369176 ], [ -122.120847, 37.366165 ], [ -122.11987, 37.36632 ], [ -122.11887, 37.36633 ], [ -122.1185, 37.36629 ], [ -122.11832, 37.36618 ], [ -122.118122, 37.365945 ], [ -122.117701, 37.36555 ], [ -122.117147, 37.365254 ], [ -122.11633, 37.36475 ], [ -122.11552, 37.36564 ], [ -122.113865, 37.365048 ], [ -122.11335, 37.364765 ], [ -122.11268, 37.36417 ], [ -122.11173, 37.36288 ], [ -122.11144, 37.36253 ], [ -122.11114, 37.36233 ], [ -122.11055, 37.3621 ], [ -122.10996, 37.36179 ], [ -122.10844, 37.36088 ], [ -122.10769, 37.36047 ], [ -122.10586, 37.35893 ], [ -122.10495, 37.35806 ], [ -122.10453, 37.3577 ], [ -122.10325, 37.35678 ], [ -122.10243, 37.35609 ], [ -122.10335, 37.35532 ], [ -122.103398, 37.355311 ], [ -122.10366, 37.35506 ], [ -122.10416, 37.35472 ], [ -122.10616, 37.35354 ], [ -122.10779, 37.35271 ], [ -122.10845, 37.35227 ], [ -122.10954, 37.35163 ], [ -122.10973, 37.35148 ], [ -122.10982, 37.35135 ], [ -122.11001, 37.35099 ], [ -122.11049, 37.35024 ], [ -122.110719, 37.35004 ], [ -122.110178, 37.349667 ], [ -122.110097, 37.349724 ], [ -122.109661, 37.350437 ], [ -122.109284, 37.350818 ], [ -122.10863, 37.350296 ], [ -122.108503, 37.350233 ], [ -122.105719, 37.348141 ], [ -122.105483, 37.348323 ], [ -122.103824, 37.347054 ], [ -122.104214, 37.34673 ], [ -122.102586, 37.345475 ], [ -122.101083, 37.34671 ], [ -122.100987, 37.346835 ], [ -122.100178, 37.346453 ], [ -122.100408, 37.346182 ], [ -122.10045, 37.346047 ], [ -122.100435, 37.345956 ], [ -122.099798, 37.345136 ], [ -122.099689, 37.345068 ], [ -122.09959, 37.345049 ], [ -122.099471, 37.345116 ], [ -122.099348, 37.345277 ], [ -122.099176, 37.345296 ], [ -122.098917, 37.345128 ], [ -122.098759, 37.34489 ], [ -122.098437, 37.344959 ], [ -122.098303, 37.344601 ], [ -122.098346, 37.344343 ], [ -122.098525, 37.343973 ], [ -122.098919, 37.343788 ], [ -122.09897, 37.343239 ], [ -122.100696, 37.341838 ], [ -122.099822, 37.341054 ], [ -122.099602, 37.341198 ], [ -122.099269, 37.341271 ], [ -122.098558, 37.341095 ], [ -122.098136, 37.341077 ], [ -122.097995, 37.341115 ], [ -122.096833, 37.342021 ], [ -122.096203, 37.341391 ], [ -122.095894, 37.341181 ], [ -122.09582, 37.34095 ], [ -122.09564, 37.34079 ], [ -122.094589, 37.340072 ], [ -122.095285, 37.339719 ], [ -122.095581, 37.339375 ], [ -122.095115, 37.339216 ], [ -122.094944, 37.339006 ], [ -122.095123, 37.33877 ], [ -122.095557, 37.338653 ], [ -122.095721, 37.33872 ], [ -122.095769, 37.338986 ], [ -122.096646, 37.339051 ], [ -122.096747, 37.339298 ], [ -122.096405, 37.339778 ], [ -122.09616, 37.339787 ], [ -122.096241, 37.33997 ], [ -122.09672, 37.339998 ], [ -122.097379, 37.339959 ], [ -122.097669, 37.339805 ], [ -122.09819, 37.339717 ], [ -122.098517, 37.340153 ], [ -122.099429, 37.339905 ], [ -122.099638, 37.339692 ], [ -122.099849, 37.339322 ], [ -122.099914, 37.33884 ], [ -122.099491, 37.338774 ], [ -122.099276, 37.338669 ], [ -122.099457, 37.338381 ], [ -122.099341, 37.338288 ], [ -122.09942, 37.33799 ], [ -122.09961, 37.33797 ], [ -122.09981, 37.33786 ], [ -122.09993, 37.33783 ], [ -122.10017, 37.33783 ], [ -122.10045, 37.33789 ], [ -122.10083, 37.33779 ], [ -122.100943, 37.337805 ], [ -122.10094, 37.33778 ], [ -122.102746, 37.337727 ], [ -122.102493, 37.338302 ], [ -122.103353, 37.33851 ], [ -122.103482, 37.338244 ], [ -122.10347, 37.33786 ], [ -122.107085, 37.33858 ], [ -122.107046, 37.338493 ], [ -122.106571, 37.338013 ], [ -122.106721, 37.338017 ], [ -122.106275, 37.337565 ], [ -122.106154, 37.337047 ], [ -122.106242, 37.336641 ], [ -122.106331, 37.336609 ], [ -122.107118, 37.336867 ], [ -122.107382, 37.336999 ], [ -122.107504, 37.337165 ], [ -122.107674, 37.337271 ], [ -122.108001, 37.337296 ], [ -122.108876, 37.337669 ], [ -122.109341, 37.337808 ], [ -122.109755, 37.337757 ], [ -122.11002, 37.337821 ], [ -122.110292, 37.337838 ], [ -122.11065, 37.337803 ], [ -122.111002, 37.337873 ], [ -122.111428, 37.337623 ], [ -122.111699, 37.337497 ], [ -122.111906, 37.33745 ], [ -122.112537, 37.337563 ], [ -122.113306, 37.33742 ], [ -122.113749, 37.337529 ], [ -122.113979, 37.337552 ], [ -122.114013, 37.340125 ], [ -122.114518, 37.340256 ], [ -122.121919, 37.341844 ], [ -122.124214, 37.342253 ], [ -122.125718, 37.342635 ], [ -122.124112, 37.346858 ], [ -122.125009, 37.347423 ], [ -122.126068, 37.347487 ], [ -122.127808, 37.346798 ], [ -122.128828, 37.347829 ], [ -122.128852, 37.348897 ], [ -122.133146, 37.348945 ], [ -122.133359, 37.348672 ], [ -122.133844, 37.348879 ], [ -122.134162, 37.348882 ], [ -122.13452, 37.348697 ], [ -122.134445, 37.348987 ], [ -122.134814, 37.34878 ], [ -122.135846, 37.34624 ], [ -122.137222, 37.348957 ], [ -122.141628, 37.348914 ], [ -122.141535, 37.346076 ], [ -122.14685, 37.345993 ], [ -122.150689, 37.346008 ], [ -122.15081, 37.35243 ], [ -122.15153, 37.35283 ], [ -122.15188, 37.35311 ], [ -122.15254, 37.35351 ], [ -122.15276, 37.35368 ], [ -122.15391, 37.35433 ], [ -122.15424, 37.35444 ], [ -122.15491, 37.35433 ], [ -122.15528, 37.35432 ], [ -122.15598, 37.35432 ], [ -122.15681, 37.35438 ], [ -122.15709, 37.35435 ], [ -122.15738, 37.35426 ], [ -122.15772, 37.35423 ], [ -122.15886, 37.3543 ], [ -122.15916, 37.35425 ], [ -122.15957, 37.35413 ], [ -122.15987, 37.35417 ], [ -122.16013, 37.35435 ], [ -122.16027, 37.35451 ], [ -122.16039, 37.35475 ], [ -122.16052, 37.3549 ], [ -122.16087, 37.35517 ], [ -122.16144, 37.35548 ], [ -122.16167, 37.35568 ], [ -122.16399, 37.35678 ], [ -122.16428, 37.35698 ], [ -122.1647, 37.35735 ], [ -122.16501, 37.35753 ], [ -122.1655, 37.35775 ], [ -122.166323, 37.357979 ], [ -122.16518, 37.35811 ], [ -122.16473, 37.35796 ], [ -122.16452, 37.35802 ], [ -122.16448, 37.35811 ], [ -122.16454, 37.35826 ], [ -122.16478, 37.35847 ], [ -122.16494, 37.35849 ], [ -122.165296, 37.35844 ], [ -122.16553, 37.35847 ], [ -122.16559, 37.35861 ], [ -122.16547, 37.35895 ], [ -122.16558, 37.35912 ], [ -122.16567, 37.3592 ], [ -122.16597, 37.35929 ], [ -122.16623, 37.35926 ], [ -122.16642, 37.35928 ], [ -122.1666, 37.35939 ], [ -122.1668, 37.35966 ], [ -122.16718, 37.35972 ], [ -122.16747, 37.35991 ], [ -122.16782, 37.35992 ], [ -122.16805, 37.35998 ], [ -122.16822, 37.36013 ], [ -122.16842, 37.36044 ], [ -122.16871, 37.36053 ], [ -122.16927, 37.36049 ], [ -122.16949, 37.36052 ], [ -122.17009, 37.36075 ], [ -122.16995, 37.36086 ], [ -122.16984, 37.36102 ], [ -122.16978, 37.36124 ], [ -122.1698, 37.36134 ], [ -122.16994, 37.36157 ], [ -122.16996, 37.36185 ], [ -122.17, 37.36198 ], [ -122.1701, 37.36213 ], [ -122.17025, 37.3622 ], [ -122.17165, 37.36253 ], [ -122.17177, 37.3626 ], [ -122.17181, 37.36283 ], [ -122.17167, 37.36293 ], [ -122.17128, 37.36293 ], [ -122.17109, 37.36297 ], [ -122.16959, 37.36279 ], [ -122.16934, 37.36281 ], [ -122.16908, 37.36289 ], [ -122.16891, 37.363 ], [ -122.16881, 37.3631 ], [ -122.16876, 37.3633 ], [ -122.168832, 37.363545 ], [ -122.168839, 37.363771 ], [ -122.168785, 37.363923 ], [ -122.168686, 37.36402 ], [ -122.168526, 37.364081 ], [ -122.167877, 37.364214 ], [ -122.16765, 37.364325 ], [ -122.16755, 37.364419 ], [ -122.16739, 37.36462 ], [ -122.16738, 37.36523 ], [ -122.167, 37.36589 ], [ -122.16701, 37.366 ], [ -122.16708, 37.36613 ], [ -122.16776, 37.36657 ], [ -122.16797, 37.36674 ], [ -122.16808, 37.36679 ], [ -122.16853, 37.36685 ], [ -122.16872, 37.36693 ], [ -122.16877, 37.36699 ], [ -122.171342, 37.366986 ], [ -122.170479, 37.369501 ], [ -122.16819, 37.37659 ], [ -122.167824, 37.377503 ], [ -122.168728, 37.378152 ], [ -122.169724, 37.378715 ], [ -122.169917, 37.37925 ], [ -122.171862, 37.379746 ], [ -122.171435, 37.381437 ] ], [ [ -122.105032, 37.338695 ], [ -122.104159, 37.338234 ], [ -122.103578, 37.338884 ], [ -122.103273, 37.338797 ], [ -122.103165, 37.339089 ], [ -122.102968, 37.33946 ], [ -122.103658, 37.3397 ], [ -122.103995, 37.339092 ], [ -122.104483, 37.339572 ], [ -122.104971, 37.339399 ], [ -122.105032, 37.338695 ] ], [ [ -122.103805, 37.339886 ], [ -122.102897, 37.339557 ], [ -122.10257, 37.339901 ], [ -122.102795, 37.340208 ], [ -122.103162, 37.340061 ], [ -122.103233, 37.340148 ], [ -122.103805, 37.339886 ] ], [ [ -122.097628, 37.340545 ], [ -122.097375, 37.340049 ], [ -122.096697, 37.340065 ], [ -122.096228, 37.34003 ], [ -122.096169, 37.340094 ], [ -122.096357, 37.340194 ], [ -122.096858, 37.340791 ], [ -122.097628, 37.340545 ] ] ] } },
{ "type": "Feature", "properties": { "place": "Monte Sereno", "place_kind": "city", "county": "Santa Cruz" }, "geometry": { "type": "Polygon", "coordinates": [ [ [ -122.005175, 37.240452 ], [ -122.00472, 37.240308 ], [ -122.004433, 37.240416 ], [ -122.004251, 37.240379 ], [ -122.004209, 37.24049 ], [ -122.004076, 37.240573 ], [ -122.002277, 37.237011 ], [ -122.001875, 37.237475 ], [ -121.99995, 37.23732 ], [ -122.00016, 37.2369 ], [ -122.00027, 37.23678 ], [ -122.000466, 37.236777 ], [ -122.000652, 37.236245 ], [ -122.000953, 37.2358 ], [ -122.000336, 37.236292 ], [ -121.999311, 37.237041 ], [ -121.998425, 37.236303 ], [ -121.997602, 37.236487 ], [ -121.996999, 37.235969 ], [ -121.9963, 37.23601 ], [ -121.9961, 37.23605 ], [ -121.99591, 37.23616 ], [ -121.99554, 37.23653 ], [ -121.99533, 37.23682 ], [ -121.99513, 37.23731 ], [ -121.99485, 37.23763 ], [ -121.994529, 37.238084 ], [ -121.99518, 37.23861 ], [ -121.99478, 37.23894 ], [ -121.99291, 37.24013 ], [ -121.99272, 37.24032 ], [ -121.99229, 37.24094 ], [ -121.99197, 37.24151 ], [ -121.991705, 37.24209 ], [ -121.991783, 37.24234 ], [ -121.991741, 37.242412 ], [ -121.99237, 37.242639 ], [ -121.992941, 37.24223 ], [ -121.99349, 37.24271 ], [ -121.99374, 37.24261 ], [ -121.994256, 37.242651 ], [ -121.994307, 37.242738 ], [ -121.994444, 37.242811 ], [ -121.994762, 37.243292 ], [ -121.995193, 37.243154 ], [ -121.99542, 37.243319 ], [ -121.99552, 37.243175 ], [ -121.995535, 37.242678 ], [ -121.995783, 37.242572 ], [ -121.996369, 37.242723 ], [ -121.996564, 37.242572 ], [ -121.99653, 37.242369 ], [ -121.996426, 37.242327 ], [ -121.99647, 37.24224 ], [ -121.99707, 37.24184 ], [ -121.997677, 37.241826 ], [ -121.99838, 37.24243 ], [ -121.998214, 37.242158 ], [ -121.998124, 37.241917 ], [ -121.998016, 37.241411 ], [ -121.997937, 37.241211 ], [ -121.997729, 37.240951 ], [ -121.997651, 37.240805 ], [ -121.997195, 37.240436 ], [ -121.997071, 37.240275 ], [ -121.99701, 37.24008 ], [ -121.997014, 37.239942 ], [ -121.99797, 37.2404 ], [ -121.9988, 37.24071 ], [ -121.99966, 37.24094 ], [ -122.000899, 37.241189 ], [ -122.000862, 37.239942 ], [ -122.001106, 37.239881 ], [ -122.001262, 37.239883 ], [ -122.0023, 37.240033 ], [ -122.002408, 37.240973 ], [ -122.002088, 37.241001 ], [ -122.002127, 37.241441 ], [ -122.002453, 37.241506 ], [ -122.001736, 37.241865 ], [ -122.001556, 37.241883 ], [ -122.001411, 37.241773 ], [ -122.001284, 37.241796 ], [ -122.001197, 37.241976 ], [ -122.00107, 37.24201 ], [ -122.000954, 37.24196 ], [ -122.000909, 37.241994 ], [ -122.00095, 37.242144 ], [ -122.000841, 37.242193 ], [ -122.000727, 37.242187 ], [ -122.000596, 37.242395 ], [ -122.000437, 37.242369 ], [ -122.000331, 37.242433 ], [ -122.000289, 37.242596 ], [ -122.000234, 37.242609 ], [ -121.999949, 37.242501 ], [ -121.999917, 37.242459 ], [ -121.999513, 37.242279 ], [ -121.999442, 37.242274 ], [ -121.999233, 37.242348 ], [ -121.998854, 37.242633 ], [ -121.99846, 37.24267 ], [ -121.998317, 37.242718 ], [ -121.998196, 37.242881 ], [ -121.997882, 37.243082 ], [ -121.997824, 37.243304 ], [ -121.99749, 37.243469 ], [ -121.997289, 37.243663 ], [ -121.996963, 37.244078 ], [ -121.997024, 37.244242 ], [ -121.996881, 37.244404 ], [ -121.996834, 37.244544 ], [ -121.996857, 37.244655 ], [ -121.996802, 37.244924 ], [ -121.996667, 37.24513 ], [ -121.996299, 37.245334 ], [ -121.996287, 37.245438 ], [ -121.996164, 37.245719 ], [ -121.995993, 37.245934 ], [ -121.995994, 37.246009 ], [ -121.99611, 37.246218 ], [ -121.9961, 37.246292 ], [ -121.996015, 37.2464 ], [ -121.995723, 37.246562 ], [ -121.995303, 37.246619 ], [ -121.995245, 37.246643 ], [ -121.99521, 37.246725 ], [ -121.995503, 37.247033 ], [ -121.995622, 37.247241 ], [ -121.995783, 37.247599 ], [ -121.995794, 37.247754 ], [ -121.995511, 37.24848 ], [ -121.995438, 37.248601 ], [ -121.995464, 37.248836 ], [ -121.995344, 37.248986 ], [ -121.995332, 37.249362 ], [ -121.995238, 37.249483 ], [ -121.995331, 37.250157 ], [ -121.995491, 37.250381 ], [ -121.99523, 37.25071 ], [ -121.99514, 37.25092 ], [ -121.99063, 37.25055 ], [ -121.99032, 37.25046 ], [ -121.98527, 37.25008 ], [ -121.985041, 37.250023 ], [ -121.979329, 37.249546 ], [ -121.979576, 37.252428 ], [ -121.978342, 37.252227 ], [ -121.97815, 37.25134 ], [ -121.977262, 37.251135 ], [ -121.976723, 37.249334 ], [ -121.974308, 37.249122 ], [ -121.97496, 37.24978 ], [ -121.974449, 37.250134 ], [ -121.97384, 37.250678 ], [ -121.973701, 37.250907 ], [ -121.97369, 37.251266 ], [ -121.973767, 37.251243 ], [ -121.973908, 37.251445 ], [ -121.97063, 37.25143 ], [ -121.97044, 37.2514 ], [ -121.96992, 37.25119 ], [ -121.96918, 37.25084 ], [ -121.9704, 37.24951 ], [ -121.97113, 37.24833 ], [ -121.97147, 37.24788 ], [ -121.97192, 37.24742 ], [ -121.97258, 37.24683 ], [ -121.974629, 37.247463 ], [ -121.974879, 37.247262 ], [ -121.97477, 37.247224 ], [ -121.974945, 37.247101 ], [ -121.975113, 37.246739 ], [ -121.975262, 37.246557 ], [ -121.974535, 37.246327 ], [ -121.973462, 37.246065 ], [ -121.97398, 37.24563 ], [ -121.97451, 37.24512 ], [ -121.97502, 37.24426 ], [ -121.97545, 37.24342 ], [ -121.9733, 37.243053 ], [ -121.973432, 37.242691 ], [ -121.973424, 37.242586 ], [ -121.972807, 37.242457 ], [ -121.972737, 37.242467 ], [ -121.972297, 37.242334 ], [ -121.972515, 37.242043 ], [ -121.972624, 37.241816 ], [ -121.97295, 37.24188 ], [ -121.973254, 37.24188 ], [ -121.973489, 37.241417 ], [ -121.973638, 37.241481 ], [ -121.97401, 37.240792 ], [ -121.975952, 37.241083 ], [ -121.975952, 37.241126 ], [ -121.97662, 37.24118 ], [ -121.97672, 37.24078 ], [ -121.97696, 37.23906 ], [ -121.97701, 37.23844 ], [ -121.977289, 37.238451 ], [ -121.978018, 37.238574 ], [ -121.978095, 37.238266 ], [ -121.978704, 37.238378 ], [ -121.978805, 37.238045 ], [ -121.978766, 37.238036 ], [ -121.978819, 37.23788 ], [ -121.979285, 37.237979 ], [ -121.979601, 37.237117 ], [ -121.983058, 37.237825 ], [ -121.982948, 37.238283 ], [ -121.98333, 37.23835 ], [ -121.9838, 37.23848 ], [ -121.98363, 37.239089 ], [ -121.982745, 37.23891 ], [ -121.982597, 37.239451 ], [ -121.981962, 37.239308 ], [ -121.981829, 37.239609 ], [ -121.982399, 37.23973 ], [ -121.982363, 37.23989 ], [ -121.981764, 37.239768 ], [ -121.981726, 37.239899 ], [ -121.982322, 37.240029 ], [ -121.982176, 37.240513 ], [ -121.982262, 37.240527 ], [ -121.982128, 37.240999 ], [ -121.983057, 37.241163 ], [ -121.983354, 37.24006 ], [ -121.984104, 37.24022 ], [ -121.98447, 37.24026 ], [ -121.984615, 37.23987 ], [ -121.985711, 37.240063 ], [ -121.986139, 37.238452 ], [ -121.984536, 37.238147 ], [ -121.984203, 37.238058 ], [ -121.984666, 37.237526 ], [ -121.984455, 37.237418 ], [ -121.984011, 37.237598 ], [ -121.98381, 37.237392 ], [ -121.984234, 37.237289 ], [ -121.984335, 37.237171 ], [ -121.98386, 37.23692 ], [ -121.98413, 37.23658 ], [ -121.984539, 37.236146 ], [ -121.98545, 37.236612 ], [ -121.986205, 37.235754 ], [ -121.984522, 37.234713 ], [ -121.983809, 37.235476 ], [ -121.983028, 37.235047 ], [ -121.982597, 37.234896 ], [ -121.981859, 37.234449 ], [ -121.981999, 37.234214 ], [ -121.982185, 37.233996 ], [ -121.982391, 37.234106 ], [ -121.982557, 37.233881 ], [ -121.982344, 37.23377 ], [ -121.984111, 37.231145 ], [ -121.984223, 37.231078 ], [ -121.98434, 37.231146 ], [ -121.984759, 37.230672 ], [ -121.984975, 37.230814 ], [ -121.985999, 37.229726 ], [ -121.98664, 37.23013 ], [ -121.987707, 37.230722 ], [ -121.988129, 37.231001 ], [ -121.989519, 37.229529 ], [ -121.990244, 37.229929 ], [ -121.990747, 37.229406 ], [ -121.990973, 37.229115 ], [ -121.991423, 37.229294 ], [ -121.991496, 37.229287 ], [ -121.991473, 37.229311 ], [ -121.991548, 37.229342 ], [ -121.992167, 37.229324 ], [ -121.992528, 37.229357 ], [ -121.993587, 37.228951 ], [ -121.993383, 37.22883 ], [ -121.994936, 37.228472 ], [ -121.995628, 37.228126 ], [ -121.996391, 37.227916 ], [ -121.996395, 37.227674 ], [ -121.996454, 37.227384 ], [ -121.99672, 37.2273 ], [ -121.99716, 37.22701 ], [ -121.99771, 37.22681 ], [ -121.99808, 37.22679 ], [ -121.99848, 37.22683 ], [ -121.99866, 37.22679 ], [ -121.999079, 37.226554 ], [ -121.999189, 37.226668 ], [ -121.999178, 37.227782 ], [ -122.004277, 37.231818 ], [ -122.004249, 37.231909 ], [ -122.003897, 37.232053 ], [ -122.003778, 37.232365 ], [ -122.00357, 37.23255 ], [ -122.00377, 37.2326 ], [ -122.0036, 37.23283 ], [ -122.00335, 37.23307 ], [ -122.00273, 37.23356 ], [ -122.00176, 37.23422 ], [ -122.00114, 37.23441 ], [ -122.00015, 37.23485 ], [ -121.99992, 37.23486 ], [ -121.99955, 37.23506 ], [ -121.99931, 37.23533 ], [ -121.999145, 37.23535 ], [ -122.000131, 37.236116 ], [ -122.000758, 37.235373 ], [ -122.001154, 37.23501 ], [ -122.002046, 37.234683 ], [ -122.00283, 37.23539 ], [ -122.003, 37.23561 ], [ -122.00316, 37.2359 ], [ -122.00348, 37.23671 ], [ -122.00349, 37.23707 ], [ -122.00359, 37.23722 ], [ -122.00369, 37.23729 ], [ -122.003838, 37.237664 ], [ -122.003997, 37.237906 ], [ -122.00451, 37.237778 ], [ -122.00478, 37.23854 ], [ -122.00511, 37.2392 ], [ -122.005024, 37.239314 ], [ -122.004873, 37.239359 ], [ -122.005142, 37.239914 ], [ -122.005175, 37.240452 ] ] ] } },
{ "type": "Feature", "properties": { "place": "Palo Alto", "place_kind": "city", "county": "Santa Cruz" }, "geometry": { "type": "Polygon", "coordinates": [ [ [ -122.202598, 37.363217 ], [ -122.202267, 37.363821 ], [ -122.202233, 37.363947 ], [ -122.202295, 37.364431 ], [ -122.202212, 37.364645 ], [ -122.201889, 37.365002 ], [ -122.201634, 37.365387 ], [ -122.20149, 37.365783 ], [ -122.201442, 37.366041 ], [ -122.201421, 37.366502 ], [ -122.201332, 37.366761 ], [ -122.201318, 37.367013 ], [ -122.201545, 37.367585 ], [ -122.2016, 37.368008 ], [ -122.201566, 37.368151 ], [ -122.201476, 37.368233 ], [ -122.201366, 37.368508 ], [ -122.201208, 37.369393 ], [ -122.201236, 37.369458 ], [ -122.20127, 37.370404 ], [ -122.201201, 37.370805 ], [ -122.201112, 37.371057 ], [ -122.20094, 37.371294 ], [ -122.20083, 37.371508 ], [ -122.200706, 37.371964 ], [ -122.200644, 37.372074 ], [ -122.200472, 37.372233 ], [ -122.200128, 37.37242 ], [ -122.199563, 37.372525 ], [ -122.199357, 37.372618 ], [ -122.199328, 37.372671 ], [ -122.198321, 37.372583 ], [ -122.197781, 37.373576 ], [ -122.195842, 37.372965 ], [ -122.194881, 37.374718 ], [ -122.193371, 37.379315 ], [ -122.192884, 37.379859 ], [ -122.191277, 37.379632 ], [ -122.190227, 37.379298 ], [ -122.188874, 37.378555 ], [ -122.188495, 37.378483 ], [ -122.186316, 37.379884 ], [ -122.187578, 37.380627 ], [ -122.186877, 37.381551 ], [ -122.188007, 37.382112 ], [ -122.187796, 37.382697 ], [ -122.188976, 37.38354 ], [ -122.188276, 37.38384 ], [ -122.18936, 37.38475 ], [ -122.187917, 37.384695 ], [ -122.187716, 37.384609 ], [ -122.187169, 37.384212 ], [ -122.18664, 37.38391 ], [ -122.183424, 37.384592 ], [ -122.183844, 37.385054 ], [ -122.185487, 37.387741 ], [ -122.181646, 37.388749 ], [ -122.172366, 37.390486 ], [ -122.170936, 37.39014 ], [ -122.170229, 37.390156 ], [ -122.167888, 37.3999 ], [ -122.16784, 37.400205 ], [ -122.164492, 37.398734 ], [ -122.16173, 37.396314 ], [ -122.152034, 37.394319 ], [ -122.152704, 37.39522 ], [ -122.153483, 37.397961 ], [ -122.152468, 37.398162 ], [ -122.152492, 37.39823 ], [ -122.152653, 37.398327 ], [ -122.152658, 37.39841 ], [ -122.152532, 37.398648 ], [ -122.152528, 37.398809 ], [ -122.152632, 37.399073 ], [ -122.152658, 37.399251 ], [ -122.152614, 37.399334 ], [ -122.152406, 37.399455 ], [ -122.152227, 37.399896 ], [ -122.152206, 37.400154 ], [ -122.152254, 37.400352 ], [ -122.152302, 37.400418 ], [ -122.152702, 37.400632 ], [ -122.152832, 37.400747 ], [ -122.15288, 37.401253 ], [ -122.152991, 37.401522 ], [ -122.153039, 37.401753 ], [ -122.153032, 37.40194 ], [ -122.152887, 37.402302 ], [ -122.152639, 37.402786 ], [ -122.15259, 37.402967 ], [ -122.152583, 37.403154 ], [ -122.152742, 37.403324 ], [ -122.152824, 37.403462 ], [ -122.152824, 37.403649 ], [ -122.152748, 37.403802 ], [ -122.152459, 37.404082 ], [ -122.152328, 37.404264 ], [ -122.152314, 37.404434 ], [ -122.152355, 37.404566 ], [ -122.15219, 37.404764 ], [ -122.151975, 37.405157 ], [ -122.15346, 37.40527 ], [ -122.15389, 37.40533 ], [ -122.15433, 37.40544 ], [ -122.15472, 37.40556 ], [ -122.15513, 37.40574 ], [ -122.15539, 37.40589 ], [ -122.15597, 37.40632 ], [ -122.149713, 37.413921 ], [ -122.152951, 37.41571 ], [ -122.153338, 37.415988 ], [ -122.15727, 37.41803 ], [ -122.15694, 37.41839 ], [ -122.15587, 37.41973 ], [ -122.15284, 37.42339 ], [ -122.14924, 37.42769 ], [ -122.15105, 37.42929 ], [ -122.15341, 37.4313 ], [ -122.15575, 37.43339 ], [ -122.160138, 37.437231 ], [ -122.160706, 37.436953 ], [ -122.161159, 37.437342 ], [ -122.160658, 37.437688 ], [ -122.16326, 37.44001 ], [ -122.163968, 37.44069 ], [ -122.16433, 37.44079 ], [ -122.164456, 37.440872 ], [ -122.165659, 37.441213 ], [ -122.166036, 37.441476 ], [ -122.165827, 37.44188 ], [ -122.16709, 37.44323 ], [ -122.16763, 37.44363 ], [ -122.16827, 37.44301 ], [ -122.168872, 37.442504 ], [ -122.16861, 37.44226 ], [ -122.16808, 37.44203 ], [ -122.167125, 37.441279 ], [ -122.167646, 37.440509 ], [ -122.168126, 37.439667 ], [ -122.169162, 37.440432 ], [ -122.16929, 37.44035 ], [ -122.1694, 37.44034 ], [ -122.16983, 37.44065 ], [ -122.17039, 37.44089 ], [ -122.17042, 37.440813 ], [ -122.17054, 37.4409 ], [ -122.170909, 37.440031 ], [ -122.170338, 37.439831 ], [ -122.170675, 37.439232 ], [ -122.17118, 37.43941 ], [ -122.17187, 37.43788 ], [ -122.172924, 37.435772 ], [ -122.172968, 37.435751 ], [ -122.17311, 37.43533 ], [ -122.17311, 37.43521 ], [ -122.17333, 37.43505 ], [ -122.17344, 37.4349 ], [ -122.17425, 37.43258 ], [ -122.174563, 37.432036 ], [ -122.178119, 37.432799 ], [ -122.17811, 37.43344 ], [ -122.180758, 37.434007 ], [ -122.182288, 37.434498 ], [ -122.18937, 37.42929 ], [ -122.189879, 37.42883 ], [ -122.189934, 37.429132 ], [ -122.190099, 37.429522 ], [ -122.190299, 37.430324 ], [ -122.190416, 37.430604 ], [ -122.190506, 37.430956 ], [ -122.190526, 37.431286 ], [ -122.190402, 37.431472 ], [ -122.190072, 37.431659 ], [ -122.189831, 37.431731 ], [ -122.189169, 37.43178 ], [ -122.188776, 37.431884 ], [ -122.188411, 37.43206 ], [ -122.188122, 37.432357 ], [ -122.187943, 37.432654 ], [ -122.187825, 37.433115 ], [ -122.187756, 37.433225 ], [ -122.187653, 37.433313 ], [ -122.186482, 37.433516 ], [ -122.185924, 37.433648 ], [ -122.185131, 37.433769 ], [ -122.184559, 37.434093 ], [ -122.184422, 37.434225 ], [ -122.183657, 37.435296 ], [ -122.183422, 37.435708 ], [ -122.183298, 37.436071 ], [ -122.183285, 37.436434 ], [ -122.183347, 37.436593 ], [ -122.183505, 37.436758 ], [ -122.183491, 37.436923 ], [ -122.183133, 37.43734 ], [ -122.18283, 37.437802 ], [ -122.182706, 37.438511 ], [ -122.182492, 37.439104 ], [ -122.182175, 37.439478 ], [ -122.182009, 37.439571 ], [ -122.181782, 37.439637 ], [ -122.181644, 37.439626 ], [ -122.181486, 37.439571 ], [ -122.181279, 37.439401 ], [ -122.180976, 37.439274 ], [ -122.180576, 37.43923 ], [ -122.180135, 37.439313 ], [ -122.17986, 37.439461 ], [ -122.179694, 37.439604 ], [ -122.179543, 37.439785 ], [ -122.179425, 37.440027 ], [ -122.179412, 37.440368 ], [ -122.179804, 37.44084 ], [ -122.179839, 37.440906 ], [ -122.179832, 37.440994 ], [ -122.17979, 37.441021 ], [ -122.179653, 37.441054 ], [ -122.179212, 37.44106 ], [ -122.178791, 37.441016 ], [ -122.178137, 37.441027 ], [ -122.17784, 37.441082 ], [ -122.17703, 37.441344 ], [ -122.176629, 37.441734 ], [ -122.176083, 37.441741 ], [ -122.175704, 37.441884 ], [ -122.175628, 37.44201 ], [ -122.175587, 37.442312 ], [ -122.175421, 37.442763 ], [ -122.174911, 37.443235 ], [ -122.174753, 37.443543 ], [ -122.174787, 37.443861 ], [ -122.17467, 37.444246 ], [ -122.174525, 37.444471 ], [ -122.174146, 37.444779 ], [ -122.173491, 37.445141 ], [ -122.173216, 37.44535 ], [ -122.172492, 37.446037 ], [ -122.172196, 37.446257 ], [ -122.171816, 37.446702 ], [ -122.171692, 37.446789 ], [ -122.171356, 37.446908 ], [ -122.170787, 37.446946 ], [ -122.170553, 37.447023 ], [ -122.169441, 37.447804 ], [ -122.169241, 37.447847 ], [ -122.169142, 37.447807 ], [ -122.168903, 37.447414 ], [ -122.168868, 37.447526 ], [ -122.168747, 37.447435 ], [ -122.16846, 37.447881 ], [ -122.167954, 37.448357 ], [ -122.167798, 37.448569 ], [ -122.167633, 37.448904 ], [ -122.167577, 37.44919 ], [ -122.167639, 37.449294 ], [ -122.167812, 37.449448 ], [ -122.167887, 37.449674 ], [ -122.16788, 37.449948 ], [ -122.167763, 37.45047 ], [ -122.167625, 37.450783 ], [ -122.16746, 37.450921 ], [ -122.167246, 37.45097 ], [ -122.16684, 37.45091 ], [ -122.166495, 37.450701 ], [ -122.166371, 37.450662 ], [ -122.166137, 37.450662 ], [ -122.165951, 37.450767 ], [ -122.16582, 37.450926 ], [ -122.165668, 37.451294 ], [ -122.165613, 37.451629 ], [ -122.165418, 37.452251 ], [ -122.165302, 37.452843 ], [ -122.165164, 37.452981 ], [ -122.164868, 37.452931 ], [ -122.164523, 37.452678 ], [ -122.164303, 37.452469 ], [ -122.164227, 37.452447 ], [ -122.16411, 37.452464 ], [ -122.163972, 37.45253 ], [ -122.163869, 37.4527 ], [ -122.163848, 37.452794 ], [ -122.16371, 37.452991 ], [ -122.163586, 37.453068 ], [ -122.16309, 37.453211 ], [ -122.162769, 37.453839 ], [ -122.162378, 37.453884 ], [ -122.161503, 37.453709 ], [ -122.16114, 37.453721 ], [ -122.160926, 37.4538 ], [ -122.16075, 37.453932 ], [ -122.160707, 37.454063 ], [ -122.160732, 37.454474 ], [ -122.16067, 37.454573 ], [ -122.160436, 37.454677 ], [ -122.159519, 37.454721 ], [ -122.159188, 37.454639 ], [ -122.158982, 37.454413 ], [ -122.15892, 37.454051 ], [ -122.158803, 37.453792 ], [ -122.158679, 37.453693 ], [ -122.158499, 37.453611 ], [ -122.157686, 37.453495 ], [ -122.157245, 37.453589 ], [ -122.157183, 37.453643 ], [ -122.157176, 37.453929 ], [ -122.157135, 37.454023 ], [ -122.157059, 37.45411 ], [ -122.156852, 37.454215 ], [ -122.1567, 37.454226 ], [ -122.156039, 37.45411 ], [ -122.155791, 37.454127 ], [ -122.155708, 37.454176 ], [ -122.155591, 37.45439 ], [ -122.155625, 37.45466 ], [ -122.155928, 37.455418 ], [ -122.155914, 37.455533 ], [ -122.155712, 37.455689 ], [ -122.155493, 37.455758 ], [ -122.154825, 37.455786 ], [ -122.154425, 37.455884 ], [ -122.153922, 37.456272 ], [ -122.153122, 37.457043 ], [ -122.152701, 37.457582 ], [ -122.152543, 37.457681 ], [ -122.152212, 37.457631 ], [ -122.15206, 37.457439 ], [ -122.152012, 37.457257 ], [ -122.151957, 37.457169 ], [ -122.151799, 37.457065 ], [ -122.151109, 37.457197 ], [ -122.150861, 37.457207 ], [ -122.149958, 37.457108 ], [ -122.148738, 37.457091 ], [ -122.14849, 37.457031 ], [ -122.148118, 37.45686 ], [ -122.147815, 37.456619 ], [ -122.147615, 37.456525 ], [ -122.147477, 37.456498 ], [ -122.146761, 37.456585 ], [ -122.146202, 37.456794 ], [ -122.146009, 37.456937 ], [ -122.145913, 37.457134 ], [ -122.145906, 37.457316 ], [ -122.145961, 37.457475 ], [ -122.145954, 37.457728 ], [ -122.145898, 37.457816 ], [ -122.14574, 37.457926 ], [ -122.14514, 37.458151 ], [ -122.144407, 37.45827 ], [ -122.144214, 37.458248 ], [ -122.143787, 37.458038 ], [ -122.143638, 37.458002 ], [ -122.14349, 37.458006 ], [ -122.143034, 37.458113 ], [ -122.142793, 37.458094 ], [ -122.141989, 37.457872 ], [ -122.141329, 37.457523 ], [ -122.140922, 37.457393 ], [ -122.140703, 37.457268 ], [ -122.141065, 37.457133 ], [ -122.140406, 37.456434 ], [ -122.139842, 37.455648 ], [ -122.139483, 37.455264 ], [ -122.139084, 37.454967 ], [ -122.138774, 37.454802 ], [ -122.138353, 37.454664 ], [ -122.138009, 37.454615 ], [ -122.136596, 37.454307 ], [ -122.136052, 37.454059 ], [ -122.135108, 37.454103 ], [ -122.134287, 37.454316 ], [ -122.133901, 37.454377 ], [ -122.133405, 37.454338 ], [ -122.132999, 37.454134 ], [ -122.132372, 37.454052 ], [ -122.132103, 37.45398 ], [ -122.131827, 37.453782 ], [ -122.131731, 37.453606 ], [ -122.131518, 37.453359 ], [ -122.130911, 37.453271 ], [ -122.130325, 37.453227 ], [ -122.130036, 37.453166 ], [ -122.129884, 37.453089 ], [ -122.129285, 37.452501 ], [ -122.129216, 37.452385 ], [ -122.128831, 37.451973 ], [ -122.128638, 37.451885 ], [ -122.128397, 37.451852 ], [ -122.128294, 37.451862 ], [ -122.128008, 37.452085 ], [ -122.127946, 37.45258 ], [ -122.127715, 37.452984 ], [ -122.127087, 37.45352 ], [ -122.126924, 37.453527 ], [ -122.126906, 37.453617 ], [ -122.126612, 37.453649 ], [ -122.126255, 37.45362 ], [ -122.125976, 37.453554 ], [ -122.125505, 37.453344 ], [ -122.125083, 37.453024 ], [ -122.124806, 37.45288 ], [ -122.124491, 37.4528 ], [ -122.124125, 37.4528 ], [ -122.123165, 37.453184 ], [ -122.122375, 37.453376 ], [ -122.122103, 37.45359 ], [ -122.121884, 37.45391 ], [ -122.121772, 37.454241 ], [ -122.121766, 37.454503 ], [ -122.12187, 37.454807 ], [ -122.121952, 37.454953 ], [ -122.122558, 37.45571 ], [ -122.122821, 37.456141 ], [ -122.122878, 37.456506 ], [ -122.122862, 37.456938 ], [ -122.122792, 37.457351 ], [ -122.122781, 37.457621 ], [ -122.12299, 37.458178 ], [ -122.123379, 37.459571 ], [ -122.123916, 37.461011 ], [ -122.123919, 37.461145 ], [ -122.123754, 37.461321 ], [ -122.123439, 37.461534 ], [ -122.119582, 37.463935 ], [ -122.117693, 37.465238 ], [ -122.117174, 37.465431 ], [ -122.115955, 37.465709 ], [ -122.115331, 37.466167 ], [ -122.113282, 37.467529 ], [ -122.111974, 37.466438 ], [ -122.111868, 37.466376 ], [ -122.111548, 37.466292 ], [ -122.096574, 37.466138 ], [ -122.096426, 37.466102 ], [ -122.096774, 37.462138 ], [ -122.096762, 37.461905 ], [ -122.081473, 37.477838 ], [ -122.068868, 37.469887 ], [ -122.072204, 37.466973 ], [ -122.086323, 37.450949 ], [ -122.08735, 37.450794 ], [ -122.08825, 37.450031 ], [ -122.088672, 37.450544 ], [ -122.090833, 37.450331 ], [ -122.090202, 37.449431 ], [ -122.090002, 37.448981 ], [ -122.090012, 37.44837 ], [ -122.090133, 37.448023 ], [ -122.090699, 37.447324 ], [ -122.090725, 37.447212 ], [ -122.091008, 37.446958 ], [ -122.091542, 37.446724 ], [ -122.093325, 37.446417 ], [ -122.094247, 37.445652 ], [ -122.095085, 37.445153 ], [ -122.095169, 37.445057 ], [ -122.094971, 37.444683 ], [ -122.09508, 37.444157 ], [ -122.094691, 37.443704 ], [ -122.094353, 37.443576 ], [ -122.094021, 37.443513 ], [ -122.093438, 37.443091 ], [ -122.093178, 37.44265 ], [ -122.093211, 37.442236 ], [ -122.093481, 37.441698 ], [ -122.093819, 37.441611 ], [ -122.093872, 37.441506 ], [ -122.093859, 37.441401 ], [ -122.09419, 37.441286 ], [ -122.0946, 37.441436 ], [ -122.096091, 37.441196 ], [ -122.096883, 37.440633 ], [ -122.097212, 37.440309 ], [ -122.097399, 37.439735 ], [ -122.097403, 37.439565 ], [ -122.097888, 37.438942 ], [ -122.099556, 37.437127 ], [ -122.099816, 37.43714 ], [ -122.099314, 37.435239 ], [ -122.099535, 37.43497 ], [ -122.09981, 37.43499 ], [ -122.099934, 37.434928 ], [ -122.099978, 37.434088 ], [ -122.0999, 37.43406 ], [ -122.09981, 37.43396 ], [ -122.09973, 37.43378 ], [ -122.09971, 37.43356 ], [ -122.09994, 37.43354 ], [ -122.10002, 37.43347 ], [ -122.10026, 37.43205 ], [ -122.10037, 37.43159 ], [ -122.10078, 37.42906 ], [ -122.100803, 37.428411 ], [ -122.100756, 37.427689 ], [ -122.10115, 37.42791 ], [ -122.09901, 37.4259 ], [ -122.097761, 37.424805 ], [ -122.09808, 37.42254 ], [ -122.098146, 37.421652 ], [ -122.100626, 37.421793 ], [ -122.101279, 37.419392 ], [ -122.10138, 37.4194 ], [ -122.100998, 37.41933 ], [ -122.101003, 37.419293 ], [ -122.101308, 37.418187 ], [ -122.101523, 37.418206 ], [ -122.102158, 37.415586 ], [ -122.10203, 37.41552 ], [ -122.102065, 37.415455 ], [ -122.101886, 37.414513 ], [ -122.101812, 37.414423 ], [ -122.101295, 37.412048 ], [ -122.10339, 37.413341 ], [ -122.10488, 37.411667 ], [ -122.105736, 37.410937 ], [ -122.105371, 37.410565 ], [ -122.10719, 37.40876 ], [ -122.107544, 37.40821 ], [ -122.10773, 37.40804 ], [ -122.108533, 37.40858 ], [ -122.108582, 37.408521 ], [ -122.111305, 37.410122 ], [ -122.115518, 37.412765 ], [ -122.115637, 37.412699 ], [ -122.115696, 37.412534 ], [ -122.115965, 37.412182 ], [ -122.116065, 37.411917 ], [ -122.116508, 37.411303 ], [ -122.116749, 37.41105 ], [ -122.1171, 37.410841 ], [ -122.117291, 37.410653 ], [ -122.115686, 37.409628 ], [ -122.115813, 37.40951 ], [ -122.115155, 37.409119 ], [ -122.11527, 37.40901 ], [ -122.114736, 37.408657 ], [ -122.114273, 37.409114 ], [ -122.114239, 37.409092 ], [ -122.114258, 37.409075 ], [ -122.112754, 37.408141 ], [ -122.113469, 37.407433 ], [ -122.113591, 37.407499 ], [ -122.113713, 37.40735 ], [ -122.113946, 37.407236 ], [ -122.114347, 37.406824 ], [ -122.114319, 37.406803 ], [ -122.114618, 37.406488 ], [ -122.114489, 37.406402 ], [ -122.114871, 37.405997 ], [ -122.115061, 37.406122 ], [ -122.115426, 37.405786 ], [ -122.115745, 37.405436 ], [ -122.116206, 37.405714 ], [ -122.117622, 37.404279 ], [ -122.11914, 37.40559 ], [ -122.11966, 37.4061 ], [ -122.119941, 37.406425 ], [ -122.120053, 37.406258 ], [ -122.120047, 37.405942 ], [ -122.120439, 37.405635 ], [ -122.120784, 37.40552 ], [ -122.120922, 37.405515 ], [ -122.12108, 37.405391 ], [ -122.121338, 37.405414 ], [ -122.121662, 37.404961 ], [ -122.121983, 37.404787 ], [ -122.12199, 37.40449 ], [ -122.122047, 37.404406 ], [ -122.12241, 37.404261 ], [ -122.122554, 37.404055 ], [ -122.12273, 37.403981 ], [ -122.122819, 37.40385 ], [ -122.122711, 37.403573 ], [ -122.122806, 37.403457 ], [ -122.123134, 37.40327 ], [ -122.123311, 37.403334 ], [ -122.123574, 37.402844 ], [ -122.123574, 37.402474 ], [ -122.123963, 37.402228 ], [ -122.124177, 37.401755 ], [ -122.124471, 37.401268 ], [ -122.124783, 37.401081 ], [ -122.124856, 37.400986 ], [ -122.1249, 37.400838 ], [ -122.124928, 37.400501 ], [ -122.125131, 37.400131 ], [ -122.125104, 37.400042 ], [ -122.124964, 37.399922 ], [ -122.12488, 37.399671 ], [ -122.124913, 37.399364 ], [ -122.124828, 37.399206 ], [ -122.12505, 37.399041 ], [ -122.125344, 37.398975 ], [ -122.125504, 37.398843 ], [ -122.125535, 37.398753 ], [ -122.125413, 37.398496 ], [ -122.125519, 37.398403 ], [ -122.126209, 37.398187 ], [ -122.126417, 37.397988 ], [ -122.126703, 37.397794 ], [ -122.126967, 37.39757 ], [ -122.12708, 37.397413 ], [ -122.127101, 37.397136 ], [ -122.127384, 37.397018 ], [ -122.127437, 37.396927 ], [ -122.127626, 37.39683 ], [ -122.127698, 37.396893 ], [ -122.127682, 37.39712 ], [ -122.127771, 37.397148 ], [ -122.127839, 37.396914 ], [ -122.12793, 37.3968 ], [ -122.127965, 37.396614 ], [ -122.12824, 37.39661 ], [ -122.128493, 37.396454 ], [ -122.128276, 37.396362 ], [ -122.128238, 37.396132 ], [ -122.127986, 37.395953 ], [ -122.128103, 37.395771 ], [ -122.128335, 37.395797 ], [ -122.128572, 37.395926 ], [ -122.128803, 37.395888 ], [ -122.129103, 37.396067 ], [ -122.129132, 37.396257 ], [ -122.129237, 37.396258 ], [ -122.129492, 37.396151 ], [ -122.129417, 37.395996 ], [ -122.129565, 37.395848 ], [ -122.129497, 37.395704 ], [ -122.129479, 37.395559 ], [ -122.129627, 37.395291 ], [ -122.129654, 37.395115 ], [ -122.129441, 37.39516 ], [ -122.129131, 37.395391 ], [ -122.128911, 37.395367 ], [ -122.128845, 37.395193 ], [ -122.128502, 37.395138 ], [ -122.128347, 37.394545 ], [ -122.128307, 37.394528 ], [ -122.128017, 37.39466 ], [ -122.127575, 37.394501 ], [ -122.127531, 37.394274 ], [ -122.127895, 37.393842 ], [ -122.127886, 37.393781 ], [ -122.127838, 37.393711 ], [ -122.127549, 37.393624 ], [ -122.127418, 37.393534 ], [ -122.127398, 37.393484 ], [ -122.127615, 37.392851 ], [ -122.127885, 37.392716 ], [ -122.128029, 37.392576 ], [ -122.128339, 37.392209 ], [ -122.128373, 37.392084 ], [ -122.128333, 37.391944 ], [ -122.128281, 37.391862 ], [ -122.128202, 37.391811 ], [ -122.12805, 37.391796 ], [ -122.127978, 37.391822 ], [ -122.127902, 37.39179 ], [ -122.127883, 37.391711 ], [ -122.127805, 37.391688 ], [ -122.127681, 37.391677 ], [ -122.127454, 37.391726 ], [ -122.12733, 37.391638 ], [ -122.12731, 37.391593 ], [ -122.127429, 37.39137 ], [ -122.127286, 37.39083 ], [ -122.127167, 37.390507 ], [ -122.127091, 37.390407 ], [ -122.126801, 37.390159 ], [ -122.126977, 37.389829 ], [ -122.126972, 37.389672 ], [ -122.126808, 37.389605 ], [ -122.126705, 37.389627 ], [ -122.126216, 37.389407 ], [ -122.126307, 37.389202 ], [ -122.126714, 37.388892 ], [ -122.126386, 37.38838 ], [ -122.126344, 37.388364 ], [ -122.12659, 37.38802 ], [ -122.12692, 37.38847 ], [ -122.1276, 37.38955 ], [ -122.12839, 37.39069 ], [ -122.130335, 37.393692 ], [ -122.133069, 37.393725 ], [ -122.13311, 37.39278 ], [ -122.133069, 37.392658 ], [ -122.13214, 37.39146 ], [ -122.13208, 37.39121 ], [ -122.13215, 37.390942 ], [ -122.135195, 37.391055 ], [ -122.134894, 37.391462 ], [ -122.13526, 37.39157 ], [ -122.13524, 37.392133 ], [ -122.135322, 37.392128 ], [ -122.135347, 37.391647 ], [ -122.136274, 37.39194 ], [ -122.136337, 37.391044 ], [ -122.136351, 37.389591 ], [ -122.135078, 37.389532 ], [ -122.135069, 37.38855 ], [ -122.136347, 37.388598 ], [ -122.136977, 37.38914 ], [ -122.138174, 37.38914 ], [ -122.13817, 37.389171 ], [ -122.138252, 37.389176 ], [ -122.138216, 37.389671 ], [ -122.138818, 37.389662 ], [ -122.138827, 37.391095 ], [ -122.140171, 37.391062 ], [ -122.140716, 37.392511 ], [ -122.140558, 37.392473 ], [ -122.140783, 37.393882 ], [ -122.140854, 37.39402 ], [ -122.140717, 37.394048 ], [ -122.140826, 37.394841 ], [ -122.141532, 37.395386 ], [ -122.14375, 37.39425 ], [ -122.14503, 37.39378 ], [ -122.14975, 37.39215 ], [ -122.14995, 37.39205 ], [ -122.150199, 37.391835 ], [ -122.151307, 37.393463 ], [ -122.155823, 37.394401 ], [ -122.161047, 37.3952 ], [ -122.161964, 37.395409 ], [ -122.16223, 37.39571 ], [ -122.165032, 37.398188 ], [ -122.166467, 37.398818 ], [ -122.167252, 37.399244 ], [ -122.168895, 37.392142 ], [ -122.168909, 37.391897 ], [ -122.170365, 37.385678 ], [ -122.170493, 37.385729 ], [ -122.171435, 37.381437 ], [ -122.171862, 37.379746 ], [ -122.169917, 37.37925 ], [ -122.169724, 37.378715 ], [ -122.168728, 37.378152 ], [ -122.167824, 37.377503 ], [ -122.16819, 37.37659 ], [ -122.170479, 37.369501 ], [ -122.172222, 37.364423 ], [ -122.168832, 37.363545 ], [ -122.16876, 37.36336 ], [ -122.16878, 37.36317 ], [ -122.16886, 37.36304 ], [ -122.16908, 37.36289 ], [ -122.16943, 37.3628 ], [ -122.16959, 37.36279 ], [ -122.17109, 37.36297 ], [ -122.17128, 37.36293 ], [ -122.17158, 37.36294 ], [ -122.17172, 37.36291 ], [ -122.17181, 37.36283 ], [ -122.1718, 37.36266 ], [ -122.17177, 37.3626 ], [ -122.17165, 37.36253 ], [ -122.17025, 37.3622 ], [ -122.1701, 37.36213 ], [ -122.17, 37.36198 ], [ -122.16996, 37.36185 ], [ -122.16994, 37.36157 ], [ -122.1698, 37.36134 ], [ -122.16978, 37.36124 ], [ -122.16984, 37.36102 ], [ -122.16995, 37.36086 ], [ -122.17009, 37.36075 ], [ -122.17016, 37.36074 ], [ -122.17072, 37.36079 ], [ -122.17118, 37.36076 ], [ -122.17164, 37.36093 ], [ -122.17207, 37.36093 ], [ -122.17252, 37.36112 ], [ -122.17266, 37.36113 ], [ -122.17297, 37.36108 ], [ -122.173222, 37.360979 ], [ -122.17356, 37.36061 ], [ -122.17386, 37.36054 ], [ -122.17425, 37.36053 ], [ -122.17448, 37.36036 ], [ -122.17468, 37.36014 ], [ -122.17503, 37.35989 ], [ -122.17518, 37.35972 ], [ -122.17545, 37.35911 ], [ -122.17558, 37.35889 ], [ -122.17559, 37.35877 ], [ -122.17557, 37.35867 ], [ -122.17548, 37.35853 ], [ -122.17527, 37.3584 ], [ -122.17463, 37.35832 ], [ -122.17428, 37.35836 ], [ -122.17393, 37.35823 ], [ -122.172635, 37.357918 ], [ -122.172131, 37.35961 ], [ -122.171389, 37.359428 ], [ -122.171012, 37.359367 ], [ -122.170563, 37.359424 ], [ -122.170054, 37.359301 ], [ -122.169007, 37.359275 ], [ -122.168759, 37.35914 ], [ -122.167601, 37.358834 ], [ -122.169029, 37.35687 ], [ -122.167643, 37.356134 ], [ -122.165782, 37.355301 ], [ -122.165228, 37.354477 ], [ -122.165282, 37.353529 ], [ -122.172214, 37.352736 ], [ -122.172082, 37.345756 ], [ -122.172352, 37.345055 ], [ -122.172496, 37.338475 ], [ -122.172346, 37.338065 ], [ -122.168038, 37.338247 ], [ -122.168468, 37.330853 ], [ -122.160117, 37.330853 ], [ -122.160051, 37.32346 ], [ -122.150493, 37.323598 ], [ -122.150502, 37.32777 ], [ -122.146155, 37.327899 ], [ -122.146221, 37.331049 ], [ -122.13222, 37.331102 ], [ -122.132738, 37.309531 ], [ -122.134982, 37.301642 ], [ -122.135167, 37.293655 ], [ -122.135318, 37.293787 ], [ -122.135647, 37.293857 ], [ -122.137783, 37.293766 ], [ -122.151947, 37.294381 ], [ -122.15257, 37.28822 ], [ -122.1527, 37.28864 ], [ -122.15294, 37.28914 ], [ -122.1531, 37.28938 ], [ -122.15339, 37.28971 ], [ -122.154381, 37.290423 ], [ -122.15589, 37.291405 ], [ -122.156214, 37.291645 ], [ -122.156234, 37.291812 ], [ -122.158573, 37.292821 ], [ -122.16027, 37.293393 ], [ -122.16051, 37.293293 ], [ -122.160608, 37.293119 ], [ -122.161193, 37.293001 ], [ -122.16146, 37.293277 ], [ -122.161885, 37.293617 ], [ -122.162042, 37.293864 ], [ -122.163025, 37.293924 ], [ -122.163008, 37.293732 ], [ -122.163704, 37.294013 ], [ -122.16404, 37.294081 ], [ -122.164359, 37.294394 ], [ -122.164663, 37.294479 ], [ -122.165641, 37.294864 ], [ -122.166322, 37.295048 ], [ -122.166838, 37.295237 ], [ -122.165822, 37.295781 ], [ -122.165427, 37.296161 ], [ -122.16526, 37.296489 ], [ -122.165305, 37.297267 ], [ -122.165275, 37.297642 ], [ -122.165138, 37.297992 ], [ -122.164832, 37.298267 ], [ -122.164298, 37.298595 ], [ -122.164039, 37.298839 ], [ -122.163779, 37.299487 ], [ -122.163352, 37.300128 ], [ -122.162727, 37.300731 ], [ -122.162775, 37.300803 ], [ -122.162672, 37.300904 ], [ -122.163352, 37.301082 ], [ -122.163627, 37.301257 ], [ -122.163627, 37.301479 ], [ -122.163535, 37.301662 ], [ -122.163075, 37.302042 ], [ -122.162803, 37.302364 ], [ -122.162666, 37.302737 ], [ -122.162666, 37.303043 ], [ -122.162605, 37.303294 ], [ -122.162375, 37.303642 ], [ -122.16207, 37.304233 ], [ -122.162269, 37.304408 ], [ -122.162668, 37.304441 ], [ -122.162872, 37.30454 ], [ -122.163502, 37.304673 ], [ -122.163883, 37.304851 ], [ -122.164311, 37.305217 ], [ -122.164692, 37.305484 ], [ -122.164967, 37.30553 ], [ -122.165592, 37.305508 ], [ -122.166172, 37.305425 ], [ -122.166584, 37.305617 ], [ -122.167027, 37.306204 ], [ -122.167285, 37.306723 ], [ -122.167543, 37.307105 ], [ -122.16823, 37.307807 ], [ -122.168611, 37.308519 ], [ -122.168824, 37.309053 ], [ -122.168767, 37.309548 ], [ -122.168886, 37.309985 ], [ -122.169192, 37.31029 ], [ -122.170094, 37.310899 ], [ -122.170475, 37.311234 ], [ -122.170597, 37.311493 ], [ -122.170598, 37.311737 ], [ -122.170812, 37.311982 ], [ -122.171178, 37.312118 ], [ -122.172079, 37.312247 ], [ -122.17301, 37.312435 ], [ -122.174275, 37.312742 ], [ -122.175405, 37.312802 ], [ -122.175817, 37.312749 ], [ -122.17633, 37.31289 ], [ -122.17674, 37.31294 ], [ -122.17735, 37.31293 ], [ -122.17792, 37.31283 ], [ -122.178914, 37.312537 ], [ -122.179327, 37.3135 ], [ -122.178803, 37.313719 ], [ -122.178702, 37.314019 ], [ -122.178844, 37.31434 ], [ -122.179083, 37.314611 ], [ -122.17915, 37.314938 ], [ -122.179603, 37.315704 ], [ -122.179672, 37.31595 ], [ -122.17941, 37.316233 ], [ -122.179485, 37.316599 ], [ -122.179372, 37.316882 ], [ -122.179349, 37.317102 ], [ -122.179239, 37.317513 ], [ -122.179301, 37.317748 ], [ -122.179477, 37.317909 ], [ -122.179893, 37.318544 ], [ -122.180482, 37.319953 ], [ -122.180702, 37.319988 ], [ -122.181164, 37.32038 ], [ -122.181233, 37.320623 ], [ -122.181094, 37.320865 ], [ -122.181325, 37.321281 ], [ -122.181672, 37.322136 ], [ -122.183115, 37.323395 ], [ -122.183658, 37.323637 ], [ -122.185458, 37.323737 ], [ -122.184609, 37.325075 ], [ -122.183792, 37.32582 ], [ -122.183235, 37.326235 ], [ -122.182466, 37.32648 ], [ -122.18187, 37.32635 ], [ -122.181237, 37.325969 ], [ -122.181147, 37.326022 ], [ -122.180473, 37.32622 ], [ -122.180306, 37.326182 ], [ -122.179512, 37.32622 ], [ -122.17928, 37.326195 ], [ -122.178546, 37.325158 ], [ -122.175075, 37.325741 ], [ -122.179205, 37.329783 ], [ -122.180643, 37.330832 ], [ -122.181083, 37.331371 ], [ -122.181606, 37.332118 ], [ -122.181874, 37.332299 ], [ -122.182273, 37.332492 ], [ -122.182493, 37.33264 ], [ -122.182844, 37.33297 ], [ -122.183298, 37.333635 ], [ -122.183629, 37.334327 ], [ -122.183814, 37.334547 ], [ -122.183883, 37.33469 ], [ -122.184227, 37.334959 ], [ -122.184372, 37.335294 ], [ -122.184716, 37.335651 ], [ -122.185232, 37.336459 ], [ -122.185232, 37.336503 ], [ -122.185466, 37.336898 ], [ -122.185775, 37.337618 ], [ -122.185858, 37.338453 ], [ -122.185954, 37.338701 ], [ -122.186525, 37.339113 ], [ -122.186753, 37.339206 ], [ -122.187069, 37.339431 ], [ -122.187282, 37.339646 ], [ -122.187709, 37.339981 ], [ -122.188335, 37.340388 ], [ -122.189767, 37.341497 ], [ -122.19029, 37.34197 ], [ -122.19042, 37.342168 ], [ -122.19084, 37.342646 ], [ -122.191198, 37.343212 ], [ -122.191404, 37.343475 ], [ -122.191886, 37.343783 ], [ -122.192017, 37.343915 ], [ -122.192444, 37.344195 ], [ -122.193634, 37.345113 ], [ -122.193855, 37.345387 ], [ -122.194164, 37.345668 ], [ -122.194543, 37.346234 ], [ -122.19521, 37.347025 ], [ -122.195272, 37.347255 ], [ -122.195472, 37.347591 ], [ -122.195775, 37.347953 ], [ -122.195899, 37.348299 ], [ -122.195871, 37.349343 ], [ -122.195981, 37.349596 ], [ -122.195926, 37.349893 ], [ -122.195809, 37.350206 ], [ -122.195803, 37.35058 ], [ -122.195871, 37.350849 ], [ -122.196064, 37.35131 ], [ -122.196181, 37.351459 ], [ -122.197131, 37.352206 ], [ -122.197241, 37.352338 ], [ -122.197461, 37.352909 ], [ -122.197709, 37.353255 ], [ -122.197998, 37.353799 ], [ -122.198081, 37.354123 ], [ -122.198205, 37.354272 ], [ -122.198418, 37.354398 ], [ -122.198776, 37.354794 ], [ -122.199052, 37.355019 ], [ -122.199286, 37.355261 ], [ -122.199623, 37.355393 ], [ -122.199843, 37.355618 ], [ -122.200449, 37.356733 ], [ -122.201076, 37.357607 ], [ -122.201337, 37.357838 ], [ -122.201489, 37.358046 ], [ -122.202012, 37.359261 ], [ -122.202377, 37.359969 ], [ -122.202467, 37.360272 ], [ -122.202487, 37.360772 ], [ -122.202432, 37.360947 ], [ -122.202425, 37.361552 ], [ -122.202522, 37.361854 ], [ -122.202549, 37.362502 ], [ -122.202653, 37.363046 ], [ -122.202598, 37.363217 ] ] ] } },
{ "type": "Feature", "properties": { "place": "San Jose", "place_kind": "city", "county": "Santa Cruz" }, "geometry": { "type": "MultiPolygon", "coordinates": [ [ [ [ -121.75976, 37.396027 ], [ -121.759124, 37.397994 ], [ -121.756271, 37.398757 ], [ -121.75572, 37.399018 ], [ -121.75554, 37.399438 ], [ -121.756393, 37.399818 ], [ -121.756994, 37.399947 ], [ -121.75731, 37.400527 ], [ -121.756283, 37.401294 ], [ -121.755286, 37.401334 ], [ -121.754767, 37.400951 ], [ -121.754009, 37.400617 ], [ -121.75349, 37.400498 ], [ -121.752088, 37.400373 ], [ -121.751056, 37.400356 ], [ -121.750833, 37.400447 ], [ -121.750159, 37.400862 ], [ -121.749594, 37.400796 ], [ -121.749235, 37.401014 ], [ -121.748663, 37.399798 ], [ -121.749234, 37.399466 ], [ -121.750522, 37.399048 ], [ -121.750756, 37.398852 ], [ -121.752011, 37.398396 ], [ -121.75363, 37.397396 ], [ -121.754462, 37.397103 ], [ -121.755815, 37.39645 ], [ -121.756309, 37.39557 ], [ -121.757238, 37.395407 ], [ -121.757446, 37.395454 ], [ -121.757438, 37.395401 ], [ -121.75853, 37.3954 ], [ -121.758495, 37.395694 ], [ -121.75976, 37.396027 ] ] ], [ [ [ -121.782492, 37.265535 ], [ -121.78219, 37.265637 ], [ -121.781953, 37.265564 ], [ -121.781896, 37.265422 ], [ -121.782083, 37.26501 ], [ -121.782377, 37.265002 ], [ -121.782365, 37.265055 ], [ -121.782578, 37.265398 ], [ -121.782492, 37.265535 ] ] ], [ [ [ -121.821649, 37.366594 ], [ -121.821547, 37.366599 ], [ -121.821387, 37.366843 ], [ -121.821852, 37.367033 ], [ -121.821575, 37.367474 ], [ -121.821109, 37.367291 ], [ -121.820915, 37.367619 ], [ -121.820911, 37.367668 ], [ -121.820965, 37.3677 ], [ -121.820506, 37.368423 ], [ -121.818917, 37.36693 ], [ -121.819389, 37.366611 ], [ -121.818985, 37.36621 ], [ -121.81927, 37.366018 ], [ -121.819667, 37.366383 ], [ -121.819796, 37.366295 ], [ -121.819402, 37.365929 ], [ -121.819522, 37.365848 ], [ -121.81992, 37.366211 ], [ -121.820193, 37.366027 ], [ -121.819833, 37.365637 ], [ -121.8202, 37.365386 ], [ -121.820588, 37.365753 ], [ -121.820861, 37.365571 ], [ -121.821409, 37.366055 ], [ -121.821583, 37.366166 ], [ -121.821852, 37.366277 ], [ -121.821649, 37.366594 ] ] ], [ [ [ -121.823697, 37.20722 ], [ -121.823401, 37.207634 ], [ -121.822883, 37.208632 ], [ -121.822569, 37.20851 ], [ -121.822812, 37.208822 ], [ -121.822679, 37.209003 ], [ -121.82115, 37.208639 ], [ -121.821095, 37.208712 ], [ -121.82257, 37.209427 ], [ -121.820116, 37.214358 ], [ -121.819906, 37.214694 ], [ -121.818386, 37.217867 ], [ -121.817133, 37.220319 ], [ -121.814774, 37.220046 ], [ -121.813331, 37.219198 ], [ -121.812522, 37.219237 ], [ -121.812542, 37.218915 ], [ -121.811541, 37.217545 ], [ -121.806563, 37.216283 ], [ -121.805357, 37.216149 ], [ -121.804647, 37.213936 ], [ -121.80164, 37.211469 ], [ -121.8012, 37.211247 ], [ -121.800095, 37.210866 ], [ -121.805612, 37.203204 ], [ -121.80776, 37.203299 ], [ -121.810572, 37.203472 ], [ -121.811486, 37.203482 ], [ -121.81568, 37.204997 ], [ -121.816733, 37.203336 ], [ -121.816939, 37.203424 ], [ -121.817413, 37.203798 ], [ -121.81777, 37.204286 ], [ -121.818189, 37.204589 ], [ -121.818443, 37.204814 ], [ -121.818951, 37.204995 ], [ -121.819102, 37.205089 ], [ -121.81935, 37.20533 ], [ -121.819494, 37.205413 ], [ -121.819686, 37.205468 ], [ -121.820195, 37.205473 ], [ -121.820971, 37.205803 ], [ -121.821184, 37.205946 ], [ -121.8215, 37.206237 ], [ -121.821816, 37.206226 ], [ -121.8224, 37.206396 ], [ -121.822764, 37.206561 ], [ -121.823293, 37.206869 ], [ -121.823697, 37.20722 ] ] ], [ [ [ -121.826096, 37.378349 ], [ -121.825486, 37.378776 ], [ -121.825259, 37.378581 ], [ -121.824046, 37.379393 ], [ -121.8236, 37.378974 ], [ -121.822465, 37.378523 ], [ -121.823567, 37.376806 ], [ -121.824219, 37.377058 ], [ -121.824916, 37.37593 ], [ -121.825503, 37.376163 ], [ -121.825108, 37.376808 ], [ -121.824814, 37.376691 ], [ -121.824511, 37.377174 ], [ -121.82502, 37.377377 ], [ -121.825258, 37.377539 ], [ -121.825738, 37.377222 ], [ -121.825974, 37.37743 ], [ -121.825488, 37.377761 ], [ -121.826096, 37.378349 ] ] ], [ [ [ -121.826512, 37.379867 ], [ -121.82599, 37.380221 ], [ -121.825891, 37.380129 ], [ -121.826412, 37.379772 ], [ -121.826512, 37.379867 ] ] ], [ [ [ -122.045672, 37.449025 ], [ -122.045384, 37.455673 ], [ -122.045271, 37.460276 ], [ -122.042541, 37.461811 ], [ -122.040698, 37.462975 ], [ -122.037266, 37.464699 ], [ -122.036182, 37.464966 ], [ -122.033756, 37.465126 ], [ -122.029896, 37.465317 ], [ -122.025425, 37.46563 ], [ -122.023808, 37.465424 ], [ -122.022472, 37.465139 ], [ -122.021153, 37.465073 ], [ -122.020872, 37.465139 ], [ -121.997771, 37.467139 ], [ -121.997171, 37.467139 ], [ -121.996671, 37.467239 ], [ -121.996471, 37.467039 ], [ -121.995502, 37.466744 ], [ -121.994311, 37.466049 ], [ -121.992669, 37.464639 ], [ -121.980014, 37.460892 ], [ -121.975071, 37.460639 ], [ -121.974772, 37.460739 ], [ -121.974471, 37.460739 ], [ -121.970821, 37.461507 ], [ -121.968524, 37.461953 ], [ -121.968074, 37.462168 ], [ -121.965951, 37.462813 ], [ -121.964157, 37.463151 ], [ -121.959313, 37.463515 ], [ -121.957624, 37.463199 ], [ -121.955889, 37.46273 ], [ -121.955378, 37.462582 ], [ -121.954451, 37.462204 ], [ -121.953391, 37.461945 ], [ -121.952819, 37.461674 ], [ -121.951921, 37.461461 ], [ -121.949602, 37.461408 ], [ -121.949375, 37.461496 ], [ -121.948979, 37.461538 ], [ -121.948126, 37.461845 ], [ -121.947842, 37.461978 ], [ -121.947041, 37.462602 ], [ -121.946409, 37.463362 ], [ -121.946174, 37.463946 ], [ -121.946167, 37.464487 ], [ -121.946276, 37.464803 ], [ -121.946772, 37.465664 ], [ -121.94699, 37.466252 ], [ -121.946987, 37.466477 ], [ -121.947087, 37.467424 ], [ -121.946914, 37.467648 ], [ -121.946912, 37.467783 ], [ -121.946797, 37.467918 ], [ -121.946679, 37.468277 ], [ -121.946449, 37.46859 ], [ -121.945934, 37.468991 ], [ -121.945479, 37.469168 ], [ -121.944914, 37.469163 ], [ -121.944522, 37.468889 ], [ -121.944244, 37.468526 ], [ -121.944137, 37.468119 ], [ -121.944144, 37.467623 ], [ -121.944317, 37.4674 ], [ -121.944335, 37.466093 ], [ -121.944226, 37.465822 ], [ -121.943779, 37.465457 ], [ -121.943471, 37.465348 ], [ -121.943101, 37.465116 ], [ -121.942357, 37.464963 ], [ -121.941085, 37.464948 ], [ -121.940792, 37.464709 ], [ -121.940515, 37.464346 ], [ -121.940462, 37.464075 ], [ -121.940023, 37.463125 ], [ -121.939241, 37.462487 ], [ -121.938903, 37.462394 ], [ -121.936478, 37.462883 ], [ -121.936025, 37.462929 ], [ -121.93538, 37.462669 ], [ -121.934987, 37.462464 ], [ -121.934947, 37.46212 ], [ -121.935296, 37.461421 ], [ -121.935242, 37.461068 ], [ -121.935137, 37.46084 ], [ -121.934732, 37.460524 ], [ -121.934116, 37.460331 ], [ -121.933578, 37.460271 ], [ -121.932896, 37.460266 ], [ -121.932374, 37.460352 ], [ -121.933069, 37.460738 ], [ -121.933378, 37.460762 ], [ -121.93267, 37.460974 ], [ -121.932085, 37.460999 ], [ -121.931471, 37.460911 ], [ -121.931199, 37.460644 ], [ -121.931199, 37.460413 ], [ -121.931128, 37.460158 ], [ -121.93139, 37.459595 ], [ -121.93137, 37.4591 ], [ -121.931521, 37.458831 ], [ -121.93141, 37.458187 ], [ -121.931179, 37.457911 ], [ -121.931128, 37.45739 ], [ -121.932656, 37.456919 ], [ -121.932712, 37.456842 ], [ -121.932876, 37.456239 ], [ -121.932899, 37.455447 ], [ -121.932626, 37.455147 ], [ -121.932069, 37.455277 ], [ -121.930531, 37.456489 ], [ -121.930135, 37.456691 ], [ -121.929373, 37.456865 ], [ -121.929207, 37.456853 ], [ -121.928444, 37.457394 ], [ -121.928025, 37.45725 ], [ -121.927793, 37.457124 ], [ -121.927561, 37.456925 ], [ -121.927461, 37.456705 ], [ -121.927418, 37.456543 ], [ -121.927441, 37.456279 ], [ -121.927495, 37.456123 ], [ -121.9279, 37.455352 ], [ -121.92785, 37.455262 ], [ -121.927633, 37.455136 ], [ -121.927363, 37.455029 ], [ -121.926901, 37.455249 ], [ -121.926755, 37.455241 ], [ -121.92643, 37.454868 ], [ -121.926294, 37.454573 ], [ -121.925548, 37.454389 ], [ -121.925393, 37.454295 ], [ -121.925224, 37.454293 ], [ -121.925041, 37.454186 ], [ -121.924893, 37.453985 ], [ -121.924874, 37.453716 ], [ -121.924895, 37.453569 ], [ -121.925012, 37.453291 ], [ -121.925468, 37.453398 ], [ -121.926122, 37.453244 ], [ -121.928048, 37.452874 ], [ -121.928227, 37.452759 ], [ -121.928227, 37.452606 ], [ -121.927423, 37.450986 ], [ -121.927232, 37.450807 ], [ -121.9269, 37.45073 ], [ -121.925344, 37.451343 ], [ -121.925127, 37.451317 ], [ -121.924791, 37.451144 ], [ -121.924459, 37.450716 ], [ -121.92421, 37.450243 ], [ -121.923999, 37.44993 ], [ -121.923967, 37.449438 ], [ -121.924164, 37.448738 ], [ -121.924194, 37.448471 ], [ -121.924374, 37.448108 ], [ -121.924691, 37.447614 ], [ -121.924705, 37.447388 ], [ -121.924615, 37.447278 ], [ -121.924498, 37.447207 ], [ -121.923444, 37.446729 ], [ -121.923389, 37.446646 ], [ -121.923368, 37.446504 ], [ -121.923485, 37.446075 ], [ -121.923671, 37.445668 ], [ -121.923823, 37.445174 ], [ -121.923982, 37.444811 ], [ -121.924092, 37.444317 ], [ -121.924051, 37.444092 ], [ -121.923954, 37.443888 ], [ -121.923672, 37.443542 ], [ -121.923251, 37.443119 ], [ -121.923196, 37.442987 ], [ -121.923183, 37.442844 ], [ -121.923245, 37.44263 ], [ -121.923355, 37.442542 ], [ -121.924099, 37.442114 ], [ -121.924595, 37.441768 ], [ -121.924706, 37.441652 ], [ -121.924995, 37.44107 ], [ -121.925981, 37.44012 ], [ -121.926374, 37.439625 ], [ -121.926477, 37.439411 ], [ -121.926615, 37.439087 ], [ -121.926718, 37.438543 ], [ -121.926649, 37.438252 ], [ -121.926512, 37.437928 ], [ -121.926023, 37.436955 ], [ -121.925926, 37.436345 ], [ -121.925988, 37.435637 ], [ -121.926071, 37.435356 ], [ -121.926243, 37.434955 ], [ -121.926657, 37.434115 ], [ -121.926919, 37.433488 ], [ -121.927064, 37.43323 ], [ -121.92736, 37.432895 ], [ -121.927601, 37.43239 ], [ -121.92807, 37.431664 ], [ -121.928166, 37.431467 ], [ -121.928387, 37.430835 ], [ -121.928449, 37.430544 ], [ -121.928242, 37.428917 ], [ -121.928098, 37.428461 ], [ -121.927684, 37.427593 ], [ -121.926369, 37.426165 ], [ -121.925687, 37.425604 ], [ -121.925473, 37.425285 ], [ -121.925239, 37.424846 ], [ -121.925143, 37.42434 ], [ -121.925178, 37.424 ], [ -121.925409, 37.423512 ], [ -121.925846, 37.423225 ], [ -121.925978, 37.423096 ], [ -121.926666, 37.422593 ], [ -121.930708, 37.420479 ], [ -121.931047, 37.420094 ], [ -121.931096, 37.419984 ], [ -121.931082, 37.419847 ], [ -121.930848, 37.419621 ], [ -121.930062, 37.419407 ], [ -121.929842, 37.419281 ], [ -121.929794, 37.419193 ], [ -121.929787, 37.418962 ], [ -121.930014, 37.418643 ], [ -121.930221, 37.418264 ], [ -121.930262, 37.418138 ], [ -121.930262, 37.417973 ], [ -121.930131, 37.417759 ], [ -121.928113, 37.415539 ], [ -121.927982, 37.415479 ], [ -121.927783, 37.415446 ], [ -121.927363, 37.415462 ], [ -121.927163, 37.41544 ], [ -121.926984, 37.415352 ], [ -121.926722, 37.415028 ], [ -121.926026, 37.414616 ], [ -121.925902, 37.414429 ], [ -121.925834, 37.414182 ], [ -121.925751, 37.413385 ], [ -121.925606, 37.413138 ], [ -121.924608, 37.41277 ], [ -121.924112, 37.412346 ], [ -121.923788, 37.412011 ], [ -121.922974, 37.411035 ], [ -121.922804, 37.410621 ], [ -121.922804, 37.41044 ], [ -121.922983, 37.410006 ], [ -121.923307, 37.409423 ], [ -121.923665, 37.408445 ], [ -121.923851, 37.407715 ], [ -121.923948, 37.406896 ], [ -121.923906, 37.406248 ], [ -121.923803, 37.406001 ], [ -121.923493, 37.405693 ], [ -121.923135, 37.405489 ], [ -121.92288, 37.405467 ], [ -121.922171, 37.405748 ], [ -121.921854, 37.405715 ], [ -121.921675, 37.405627 ], [ -121.921241, 37.405193 ], [ -121.920945, 37.404835 ], [ -121.920801, 37.404736 ], [ -121.920243, 37.404566 ], [ -121.918996, 37.404258 ], [ -121.918521, 37.404099 ], [ -121.918383, 37.404044 ], [ -121.918225, 37.403928 ], [ -121.918053, 37.40373 ], [ -121.917757, 37.403203 ], [ -121.917592, 37.402829 ], [ -121.917137, 37.401313 ], [ -121.917041, 37.401142 ], [ -121.916903, 37.400956 ], [ -121.915919, 37.39995 ], [ -121.915416, 37.399192 ], [ -121.915293, 37.398917 ], [ -121.91521, 37.39862 ], [ -121.915176, 37.397813 ], [ -121.915321, 37.396494 ], [ -121.915307, 37.396362 ], [ -121.915198, 37.39611 ], [ -121.912928, 37.398103 ], [ -121.912878, 37.398252 ], [ -121.91153, 37.399457 ], [ -121.909428, 37.401234 ], [ -121.908777, 37.401839 ], [ -121.906634, 37.403689 ], [ -121.906122, 37.404073 ], [ -121.905633, 37.404322 ], [ -121.904969, 37.404466 ], [ -121.904626, 37.404491 ], [ -121.902863, 37.404407 ], [ -121.899981, 37.404151 ], [ -121.898682, 37.404091 ], [ -121.898389, 37.404122 ], [ -121.897818, 37.404271 ], [ -121.897746, 37.404132 ], [ -121.897559, 37.403952 ], [ -121.897181, 37.403848 ], [ -121.895344, 37.403701 ], [ -121.893729, 37.403527 ], [ -121.891436, 37.403373 ], [ -121.890883, 37.403892 ], [ -121.890448, 37.404335 ], [ -121.890302, 37.40453 ], [ -121.889168, 37.405653 ], [ -121.888915, 37.405794 ], [ -121.888729, 37.406085 ], [ -121.887876, 37.406952 ], [ -121.888863, 37.407575 ], [ -121.884149, 37.409406 ], [ -121.884396, 37.409896 ], [ -121.882753, 37.410562 ], [ -121.882829, 37.410703 ], [ -121.880811, 37.411522 ], [ -121.882056, 37.413152 ], [ -121.881623, 37.413308 ], [ -121.881303, 37.413152 ], [ -121.881199, 37.41328 ], [ -121.880526, 37.413717 ], [ -121.880043, 37.41384 ], [ -121.880261, 37.414516 ], [ -121.875045, 37.416007 ], [ -121.874037, 37.416366 ], [ -121.870433, 37.41791 ], [ -121.860033, 37.422487 ], [ -121.858734, 37.421727 ], [ -121.858183, 37.421482 ], [ -121.837656, 37.425911 ], [ -121.836996, 37.425089 ], [ -121.839297, 37.423991 ], [ -121.838578, 37.421769 ], [ -121.839075, 37.421691 ], [ -121.838879, 37.421214 ], [ -121.838996, 37.42107 ], [ -121.830755, 37.408328 ], [ -121.830486, 37.407997 ], [ -121.830313, 37.407889 ], [ -121.830072, 37.407808 ], [ -121.82976, 37.4078 ], [ -121.829314, 37.407951 ], [ -121.828175, 37.408089 ], [ -121.827661, 37.408047 ], [ -121.827465, 37.40812 ], [ -121.827342, 37.408231 ], [ -121.827297, 37.408307 ], [ -121.827219, 37.408622 ], [ -121.827148, 37.408753 ], [ -121.826942, 37.409005 ], [ -121.82665, 37.409253 ], [ -121.826554, 37.409421 ], [ -121.826529, 37.409561 ], [ -121.826551, 37.410138 ], [ -121.826635, 37.410292 ], [ -121.826797, 37.410407 ], [ -121.827314, 37.410644 ], [ -121.827408, 37.410798 ], [ -121.827377, 37.410932 ], [ -121.82707, 37.411266 ], [ -121.826737, 37.411777 ], [ -121.826229, 37.412198 ], [ -121.826144, 37.412322 ], [ -121.826165, 37.412583 ], [ -121.826481, 37.413318 ], [ -121.824689, 37.413709 ], [ -121.824846, 37.414031 ], [ -121.825057, 37.414322 ], [ -121.824346, 37.413833 ], [ -121.823384, 37.412868 ], [ -121.823252, 37.41292 ], [ -121.821044, 37.411203 ], [ -121.817814, 37.406596 ], [ -121.81506, 37.404196 ], [ -121.812698, 37.408882 ], [ -121.812064, 37.408638 ], [ -121.810073, 37.407779 ], [ -121.809741, 37.407265 ], [ -121.807347, 37.40745 ], [ -121.803427, 37.407571 ], [ -121.802484, 37.407712 ], [ -121.801878, 37.407433 ], [ -121.80118, 37.407479 ], [ -121.800318, 37.408154 ], [ -121.800272, 37.409319 ], [ -121.801715, 37.413673 ], [ -121.800854, 37.415116 ], [ -121.799179, 37.414773 ], [ -121.796092, 37.413684 ], [ -121.793342, 37.413822 ], [ -121.791962, 37.413719 ], [ -121.791993, 37.413251 ], [ -121.791923, 37.413255 ], [ -121.791494, 37.413102 ], [ -121.790521, 37.411152 ], [ -121.790941, 37.409551 ], [ -121.790434, 37.40862 ], [ -121.789623, 37.405757 ], [ -121.789327, 37.405704 ], [ -121.789053, 37.405586 ], [ -121.788693, 37.405521 ], [ -121.789014, 37.405354 ], [ -121.78864, 37.404893 ], [ -121.788285, 37.405033 ], [ -121.78801, 37.404992 ], [ -121.787689, 37.404819 ], [ -121.787348, 37.404885 ], [ -121.78714, 37.404877 ], [ -121.786823, 37.404752 ], [ -121.786521, 37.404497 ], [ -121.785987, 37.402525 ], [ -121.785143, 37.400587 ], [ -121.78519, 37.397277 ], [ -121.78523, 37.396995 ], [ -121.785329, 37.39685 ], [ -121.784904, 37.396716 ], [ -121.784782, 37.396181 ], [ -121.78473, 37.396087 ], [ -121.784281, 37.396099 ], [ -121.783871, 37.395797 ], [ -121.783903, 37.395628 ], [ -121.784058, 37.395433 ], [ -121.784258, 37.395261 ], [ -121.784013, 37.394899 ], [ -121.783885, 37.39416 ], [ -121.784024, 37.393795 ], [ -121.783902, 37.393497 ], [ -121.783478, 37.393171 ], [ -121.78346, 37.392804 ], [ -121.783897, 37.392466 ], [ -121.783885, 37.391698 ], [ -121.78377, 37.391525 ], [ -121.7856, 37.391006 ], [ -121.78913, 37.399143 ], [ -121.792643, 37.400623 ], [ -121.79416, 37.398305 ], [ -121.794986, 37.393939 ], [ -121.800388, 37.3915 ], [ -121.801607, 37.391414 ], [ -121.803456, 37.394164 ], [ -121.80314, 37.394561 ], [ -121.804543, 37.394656 ], [ -121.805983, 37.394926 ], [ -121.805138, 37.393402 ], [ -121.805807, 37.39316 ], [ -121.804014, 37.390475 ], [ -121.803684, 37.390587 ], [ -121.803707, 37.390291 ], [ -121.803837, 37.390245 ], [ -121.8042, 37.390255 ], [ -121.804424, 37.390207 ], [ -121.804639, 37.390094 ], [ -121.805145, 37.389706 ], [ -121.805626, 37.389601 ], [ -121.806267, 37.389527 ], [ -121.806443, 37.3896 ], [ -121.806505, 37.389697 ], [ -121.806567, 37.390133 ], [ -121.806743, 37.390421 ], [ -121.807033, 37.390649 ], [ -121.807745, 37.391051 ], [ -121.808076, 37.391403 ], [ -121.808339, 37.391778 ], [ -121.808443, 37.391863 ], [ -121.80861, 37.391928 ], [ -121.808882, 37.391925 ], [ -121.809419, 37.39175 ], [ -121.809522, 37.391648 ], [ -121.809565, 37.391467 ], [ -121.809704, 37.391372 ], [ -121.809897, 37.391387 ], [ -121.810382, 37.391522 ], [ -121.811134, 37.39156 ], [ -121.811966, 37.391805 ], [ -121.811955, 37.391753 ], [ -121.812913, 37.39118 ], [ -121.813052, 37.391148 ], [ -121.813405, 37.390887 ], [ -121.813619, 37.390781 ], [ -121.81374, 37.39064 ], [ -121.814137, 37.391036 ], [ -121.814171, 37.391107 ], [ -121.814125, 37.39114 ], [ -121.814113, 37.391342 ], [ -121.814153, 37.391847 ], [ -121.814357, 37.391916 ], [ -121.814551, 37.391948 ], [ -121.815664, 37.391939 ], [ -121.816566, 37.392045 ], [ -121.816869, 37.392026 ], [ -121.817434, 37.392171 ], [ -121.818451, 37.39219 ], [ -121.819005, 37.392284 ], [ -121.819237, 37.392376 ], [ -121.818923, 37.393204 ], [ -121.819467, 37.393479 ], [ -121.819866, 37.393561 ], [ -121.821323, 37.393545 ], [ -121.821933, 37.39422 ], [ -121.823562, 37.394761 ], [ -121.825216, 37.394553 ], [ -121.825442, 37.395099 ], [ -121.825606, 37.395167 ], [ -121.826406, 37.39655 ], [ -121.826219, 37.395801 ], [ -121.825928, 37.395456 ], [ -121.826266, 37.395255 ], [ -121.82658, 37.395244 ], [ -121.827449, 37.395113 ], [ -121.827934, 37.395138 ], [ -121.827188, 37.393736 ], [ -121.827196, 37.393613 ], [ -121.826805, 37.392836 ], [ -121.825725, 37.393332 ], [ -121.825396, 37.392729 ], [ -121.827748, 37.391616 ], [ -121.827817, 37.391714 ], [ -121.827918, 37.391786 ], [ -121.827857, 37.391859 ], [ -121.827952, 37.391903 ], [ -121.828159, 37.39226 ], [ -121.828294, 37.392211 ], [ -121.829434, 37.393888 ], [ -121.829948, 37.393656 ], [ -121.830769, 37.39354 ], [ -121.830864, 37.393598 ], [ -121.831723, 37.39368 ], [ -121.831958, 37.393662 ], [ -121.832083, 37.393613 ], [ -121.832117, 37.39365 ], [ -121.832199, 37.393635 ], [ -121.83251, 37.393485 ], [ -121.832928, 37.393065 ], [ -121.833074, 37.392967 ], [ -121.832678, 37.392565 ], [ -121.833007, 37.392421 ], [ -121.833233, 37.392744 ], [ -121.833412, 37.392659 ], [ -121.833967, 37.39251 ], [ -121.834004, 37.392433 ], [ -121.832304, 37.390047 ], [ -121.831564, 37.388839 ], [ -121.830225, 37.386981 ], [ -121.828438, 37.384318 ], [ -121.82643, 37.385162 ], [ -121.826026, 37.38421 ], [ -121.825376, 37.382515 ], [ -121.825264, 37.382311 ], [ -121.824753, 37.382446 ], [ -121.824506, 37.382159 ], [ -121.824259, 37.381486 ], [ -121.826482, 37.381045 ], [ -121.826769, 37.380965 ], [ -121.826479, 37.380682 ], [ -121.827063, 37.38028 ], [ -121.827416, 37.380625 ], [ -121.827591, 37.380509 ], [ -121.827261, 37.380191 ], [ -121.827718, 37.379876 ], [ -121.828045, 37.380202 ], [ -121.828884, 37.379632 ], [ -121.828551, 37.379318 ], [ -121.828905, 37.379078 ], [ -121.826097, 37.376452 ], [ -121.827188, 37.375348 ], [ -121.830554, 37.3785 ], [ -121.831374, 37.377944 ], [ -121.831732, 37.378384 ], [ -121.832181, 37.378086 ], [ -121.831846, 37.377626 ], [ -121.831985, 37.377531 ], [ -121.832293, 37.377966 ], [ -121.832535, 37.377807 ], [ -121.833416, 37.378945 ], [ -121.833769, 37.378773 ], [ -121.834284, 37.379435 ], [ -121.833127, 37.380004 ], [ -121.834155, 37.381351 ], [ -121.838706, 37.379172 ], [ -121.837763, 37.377897 ], [ -121.837499, 37.377628 ], [ -121.83716, 37.377126 ], [ -121.83545, 37.377955 ], [ -121.834846, 37.377164 ], [ -121.834697, 37.376968 ], [ -121.835402, 37.376488 ], [ -121.835313, 37.376372 ], [ -121.836145, 37.375803 ], [ -121.835609, 37.37511 ], [ -121.83503, 37.375486 ], [ -121.834683, 37.375057 ], [ -121.834199, 37.375385 ], [ -121.834572, 37.375783 ], [ -121.833292, 37.37665 ], [ -121.832887, 37.376274 ], [ -121.833831, 37.375626 ], [ -121.833759, 37.375561 ], [ -121.834146, 37.375305 ], [ -121.833332, 37.374444 ], [ -121.832533, 37.373697 ], [ -121.832504, 37.373648 ], [ -121.832521, 37.373559 ], [ -121.832446, 37.373434 ], [ -121.83219, 37.373161 ], [ -121.831673, 37.373422 ], [ -121.831307, 37.372961 ], [ -121.831719, 37.372753 ], [ -121.831911, 37.373003 ], [ -121.833362, 37.372268 ], [ -121.832528, 37.371219 ], [ -121.828813, 37.373092 ], [ -121.828703, 37.373122 ], [ -121.828572, 37.37303 ], [ -121.824181, 37.371292 ], [ -121.824052, 37.371259 ], [ -121.823689, 37.37184 ], [ -121.822405, 37.371326 ], [ -121.822526, 37.371118 ], [ -121.82363, 37.371545 ], [ -121.824175, 37.370655 ], [ -121.825288, 37.371088 ], [ -121.825434, 37.370864 ], [ -121.82903, 37.372287 ], [ -121.829356, 37.371623 ], [ -121.82972, 37.372092 ], [ -121.830012, 37.371944 ], [ -121.829687, 37.371523 ], [ -121.830839, 37.370948 ], [ -121.83116, 37.371362 ], [ -121.832223, 37.370826 ], [ -121.831717, 37.370131 ], [ -121.83122, 37.370391 ], [ -121.831424, 37.370654 ], [ -121.831277, 37.370729 ], [ -121.831005, 37.370352 ], [ -121.831641, 37.370036 ], [ -121.830293, 37.368339 ], [ -121.828625, 37.366495 ], [ -121.828084, 37.366802 ], [ -121.828001, 37.366715 ], [ -121.827618, 37.367331 ], [ -121.827317, 37.367206 ], [ -121.827113, 37.367524 ], [ -121.826957, 37.367459 ], [ -121.827163, 37.367144 ], [ -121.825849, 37.366634 ], [ -121.825875, 37.366594 ], [ -121.825843, 37.366582 ], [ -121.826386, 37.365772 ], [ -121.826479, 37.365681 ], [ -121.827345, 37.365103 ], [ -121.825942, 37.363593 ], [ -121.825496, 37.363886 ], [ -121.825254, 37.363712 ], [ -121.8251, 37.363522 ], [ -121.823584, 37.364572 ], [ -121.822945, 37.36498 ], [ -121.822467, 37.364502 ], [ -121.824691, 37.362988 ], [ -121.824881, 37.36319 ], [ -121.824974, 37.363164 ], [ -121.824983, 37.363131 ], [ -121.825014, 37.363163 ], [ -121.825365, 37.362958 ], [ -121.824727, 37.362248 ], [ -121.824685, 37.362339 ], [ -121.824228, 37.361852 ], [ -121.822218, 37.363207 ], [ -121.821868, 37.362836 ], [ -121.821774, 37.362733 ], [ -121.822111, 37.362507 ], [ -121.821907, 37.362288 ], [ -121.821564, 37.362503 ], [ -121.821351, 37.362269 ], [ -121.821793, 37.361992 ], [ -121.821547, 37.361735 ], [ -121.821703, 37.361605 ], [ -121.823232, 37.360631 ], [ -121.821341, 37.358576 ], [ -121.820836, 37.358915 ], [ -121.82053, 37.358638 ], [ -121.82035, 37.358766 ], [ -121.820238, 37.358671 ], [ -121.81896, 37.359534 ], [ -121.81709, 37.357536 ], [ -121.816057, 37.358237 ], [ -121.816349, 37.358396 ], [ -121.816573, 37.358582 ], [ -121.816608, 37.35856 ], [ -121.817625, 37.359707 ], [ -121.817827, 37.359871 ], [ -121.816075, 37.361086 ], [ -121.814459, 37.35931 ], [ -121.812175, 37.360885 ], [ -121.812157, 37.361023 ], [ -121.812186, 37.361481 ], [ -121.814081, 37.363549 ], [ -121.814153, 37.363616 ], [ -121.814351, 37.363545 ], [ -121.814359, 37.363639 ], [ -121.814503, 37.363825 ], [ -121.812767, 37.365004 ], [ -121.813928, 37.366321 ], [ -121.814293, 37.36663 ], [ -121.814887, 37.366233 ], [ -121.816475, 37.367926 ], [ -121.815773, 37.368391 ], [ -121.815873, 37.368446 ], [ -121.818123, 37.370554 ], [ -121.816379, 37.371123 ], [ -121.816859, 37.372033 ], [ -121.818628, 37.37144 ], [ -121.817918, 37.372563 ], [ -121.819105, 37.373032 ], [ -121.818236, 37.374445 ], [ -121.816369, 37.37371 ], [ -121.816168, 37.374029 ], [ -121.816412, 37.374128 ], [ -121.815923, 37.374932 ], [ -121.815603, 37.374808 ], [ -121.815673, 37.374696 ], [ -121.815389, 37.374582 ], [ -121.815553, 37.374323 ], [ -121.814902, 37.374222 ], [ -121.81402, 37.374515 ], [ -121.814416, 37.372987 ], [ -121.814473, 37.372922 ], [ -121.815547, 37.373384 ], [ -121.815866, 37.372839 ], [ -121.815892, 37.372353 ], [ -121.815657, 37.372434 ], [ -121.815389, 37.371982 ], [ -121.8148, 37.372178 ], [ -121.813864, 37.370382 ], [ -121.813774, 37.370282 ], [ -121.813204, 37.369238 ], [ -121.812947, 37.368921 ], [ -121.812433, 37.369136 ], [ -121.811329, 37.369212 ], [ -121.811231, 37.369173 ], [ -121.810762, 37.369493 ], [ -121.80955, 37.370014 ], [ -121.80992, 37.370557 ], [ -121.809687, 37.370754 ], [ -121.808869, 37.370193 ], [ -121.808394, 37.36975 ], [ -121.808808, 37.36956 ], [ -121.808449, 37.369093 ], [ -121.809978, 37.368363 ], [ -121.808914, 37.367998 ], [ -121.808206, 37.368392 ], [ -121.808618, 37.368576 ], [ -121.808484, 37.368775 ], [ -121.807722, 37.369137 ], [ -121.807783, 37.369186 ], [ -121.807175, 37.369494 ], [ -121.807079, 37.369579 ], [ -121.807032, 37.369921 ], [ -121.807086, 37.37016 ], [ -121.807423, 37.370511 ], [ -121.807683, 37.370731 ], [ -121.806473, 37.371315 ], [ -121.805968, 37.370843 ], [ -121.805642, 37.370997 ], [ -121.805591, 37.371028 ], [ -121.806024, 37.371533 ], [ -121.801185, 37.373905 ], [ -121.799838, 37.372751 ], [ -121.799106, 37.372013 ], [ -121.798026, 37.371073 ], [ -121.800848, 37.369148 ], [ -121.801549, 37.368606 ], [ -121.799123, 37.367552 ], [ -121.793728, 37.371209 ], [ -121.791761, 37.368873 ], [ -121.790278, 37.367312 ], [ -121.792145, 37.36535 ], [ -121.793813, 37.364415 ], [ -121.793867, 37.364481 ], [ -121.794314, 37.364025 ], [ -121.794592, 37.363356 ], [ -121.795114, 37.363363 ], [ -121.7944, 37.361743 ], [ -121.793891, 37.361853 ], [ -121.793599, 37.36174 ], [ -121.793042, 37.361424 ], [ -121.792546, 37.361236 ], [ -121.791649, 37.361023 ], [ -121.79174, 37.360421 ], [ -121.796828, 37.360405 ], [ -121.798118, 37.360446 ], [ -121.796493, 37.358323 ], [ -121.797155, 37.358302 ], [ -121.798238, 37.358116 ], [ -121.798891, 37.357964 ], [ -121.799181, 37.357784 ], [ -121.798338, 37.35674 ], [ -121.798291, 37.355715 ], [ -121.798337, 37.355631 ], [ -121.798033, 37.355533 ], [ -121.795594, 37.354414 ], [ -121.795043, 37.354251 ], [ -121.794377, 37.354274 ], [ -121.79192, 37.35451 ], [ -121.791735, 37.354468 ], [ -121.791656, 37.354548 ], [ -121.791537, 37.354571 ], [ -121.791327, 37.354513 ], [ -121.790673, 37.354242 ], [ -121.790319, 37.354257 ], [ -121.790027, 37.35431 ], [ -121.789948, 37.353766 ], [ -121.790066, 37.352152 ], [ -121.789928, 37.352116 ], [ -121.789561, 37.351871 ], [ -121.789901, 37.351555 ], [ -121.786755, 37.349412 ], [ -121.786952, 37.349313 ], [ -121.787692, 37.348571 ], [ -121.787631, 37.348547 ], [ -121.788608, 37.347591 ], [ -121.788232, 37.34734 ], [ -121.788409, 37.347167 ], [ -121.788036, 37.346907 ], [ -121.788297, 37.346634 ], [ -121.787899, 37.346369 ], [ -121.787497, 37.346246 ], [ -121.788713, 37.345047 ], [ -121.787283, 37.344037 ], [ -121.78396, 37.341793 ], [ -121.783589, 37.341503 ], [ -121.782, 37.340426 ], [ -121.781236, 37.33999 ], [ -121.78145, 37.339757 ], [ -121.781683, 37.339398 ], [ -121.781179, 37.339429 ], [ -121.7808, 37.339388 ], [ -121.780365, 37.339263 ], [ -121.780044, 37.339103 ], [ -121.777448, 37.337325 ], [ -121.773922, 37.334967 ], [ -121.773257, 37.334456 ], [ -121.772697, 37.333992 ], [ -121.772481, 37.333702 ], [ -121.771947, 37.332221 ], [ -121.771788, 37.331855 ], [ -121.770946, 37.332119 ], [ -121.770673, 37.332241 ], [ -121.77019, 37.332302 ], [ -121.769879, 37.332415 ], [ -121.769663, 37.331876 ], [ -121.769649, 37.331715 ], [ -121.769484, 37.331342 ], [ -121.76875, 37.330763 ], [ -121.768645, 37.330797 ], [ -121.767794, 37.331285 ], [ -121.767648, 37.331319 ], [ -121.767741, 37.331789 ], [ -121.768142, 37.332451 ], [ -121.768325, 37.333395 ], [ -121.767665, 37.333536 ], [ -121.76829, 37.334918 ], [ -121.765429, 37.335788 ], [ -121.763456, 37.33635 ], [ -121.762809, 37.335648 ], [ -121.764607, 37.335325 ], [ -121.764779, 37.334633 ], [ -121.764931, 37.334435 ], [ -121.765179, 37.334215 ], [ -121.765365, 37.334061 ], [ -121.765592, 37.33399 ], [ -121.765963, 37.333952 ], [ -121.766625, 37.333617 ], [ -121.766377, 37.333106 ], [ -121.766172, 37.332375 ], [ -121.76618, 37.332132 ], [ -121.765945, 37.332183 ], [ -121.765851, 37.332255 ], [ -121.765757, 37.332438 ], [ -121.765186, 37.332741 ], [ -121.764953, 37.332348 ], [ -121.765237, 37.331998 ], [ -121.765387, 37.331753 ], [ -121.765405, 37.331576 ], [ -121.765358, 37.331257 ], [ -121.765426, 37.331075 ], [ -121.76565, 37.330846 ], [ -121.76614, 37.330611 ], [ -121.766243, 37.330526 ], [ -121.766335, 37.330374 ], [ -121.766333, 37.330117 ], [ -121.766201, 37.329893 ], [ -121.766126, 37.329689 ], [ -121.766146, 37.329175 ], [ -121.766101, 37.328732 ], [ -121.76603, 37.328685 ], [ -121.764943, 37.328869 ], [ -121.764169, 37.329254 ], [ -121.764006, 37.328818 ], [ -121.762778, 37.329419 ], [ -121.761442, 37.326797 ], [ -121.761622, 37.326771 ], [ -121.761492, 37.326053 ], [ -121.761495, 37.325826 ], [ -121.761332, 37.325359 ], [ -121.761075, 37.324435 ], [ -121.759606, 37.324482 ], [ -121.758906, 37.322186 ], [ -121.758774, 37.322049 ], [ -121.758891, 37.321944 ], [ -121.758973, 37.321761 ], [ -121.758992, 37.321595 ], [ -121.758951, 37.321383 ], [ -121.758427, 37.320358 ], [ -121.758274, 37.32016 ], [ -121.757952, 37.31985 ], [ -121.757884, 37.319709 ], [ -121.757903, 37.319489 ], [ -121.758045, 37.319121 ], [ -121.758157, 37.319043 ], [ -121.758411, 37.318994 ], [ -121.757689, 37.318 ], [ -121.757503, 37.3172 ], [ -121.757128, 37.316573 ], [ -121.756281, 37.31682 ], [ -121.752453, 37.314397 ], [ -121.751592, 37.314153 ], [ -121.751109, 37.31406 ], [ -121.750728, 37.314032 ], [ -121.750368, 37.314087 ], [ -121.750232, 37.314079 ], [ -121.75014, 37.314023 ], [ -121.749904, 37.313753 ], [ -121.749772, 37.313655 ], [ -121.749603, 37.313613 ], [ -121.749034, 37.31363 ], [ -121.74878, 37.313527 ], [ -121.750054, 37.312591 ], [ -121.749074, 37.309241 ], [ -121.746628, 37.308371 ], [ -121.745971, 37.308474 ], [ -121.745087, 37.307292 ], [ -121.745008, 37.306939 ], [ -121.744167, 37.306114 ], [ -121.74401, 37.305032 ], [ -121.743819, 37.302553 ], [ -121.744498, 37.302553 ], [ -121.746751, 37.302262 ], [ -121.751863, 37.300939 ], [ -121.750362, 37.29636 ], [ -121.749909, 37.294503 ], [ -121.748153, 37.294792 ], [ -121.74621, 37.294434 ], [ -121.745775, 37.294042 ], [ -121.745453, 37.293985 ], [ -121.745135, 37.293738 ], [ -121.74433, 37.293552 ], [ -121.74374, 37.293367 ], [ -121.743501, 37.29339 ], [ -121.74307, 37.293145 ], [ -121.743045, 37.293064 ], [ -121.742932, 37.292976 ], [ -121.742704, 37.292912 ], [ -121.74239, 37.292736 ], [ -121.742197, 37.29267 ], [ -121.741979, 37.292525 ], [ -121.741602, 37.292575 ], [ -121.741363, 37.292494 ], [ -121.741088, 37.292494 ], [ -121.740638, 37.292399 ], [ -121.740307, 37.292511 ], [ -121.740136, 37.292504 ], [ -121.739471, 37.292606 ], [ -121.73925, 37.292582 ], [ -121.739077, 37.292472 ], [ -121.738567, 37.292268 ], [ -121.738528, 37.292198 ], [ -121.738359, 37.292187 ], [ -121.738191, 37.292115 ], [ -121.737973, 37.292126 ], [ -121.737692, 37.292045 ], [ -121.737551, 37.291894 ], [ -121.737262, 37.291739 ], [ -121.737079, 37.291725 ], [ -121.736935, 37.291654 ], [ -121.736622, 37.29164 ], [ -121.736353, 37.291566 ], [ -121.736131, 37.291549 ], [ -121.735663, 37.291401 ], [ -121.735564, 37.291338 ], [ -121.709868, 37.295328 ], [ -121.706884, 37.291584 ], [ -121.707081, 37.290458 ], [ -121.707475, 37.289613 ], [ -121.706553, 37.288025 ], [ -121.706759, 37.287641 ], [ -121.716959, 37.284741 ], [ -121.716959, 37.285541 ], [ -121.722159, 37.284341 ], [ -121.725459, 37.284741 ], [ -121.727576, 37.285785 ], [ -121.728561, 37.285869 ], [ -121.72904, 37.28563 ], [ -121.729828, 37.28577 ], [ -121.730828, 37.285728 ], [ -121.731391, 37.285911 ], [ -121.731841, 37.285869 ], [ -121.73232, 37.285953 ], [ -121.732812, 37.285883 ], [ -121.733474, 37.286094 ], [ -121.734079, 37.28601 ], [ -121.735726, 37.28639 ], [ -121.736163, 37.286446 ], [ -121.73636, 37.286643 ], [ -121.737007, 37.285447 ], [ -121.73776, 37.285042 ], [ -121.739033, 37.284155 ], [ -121.738692, 37.283627 ], [ -121.738488, 37.2832 ], [ -121.73847, 37.282382 ], [ -121.738365, 37.281915 ], [ -121.739543, 37.281648 ], [ -121.739512, 37.281566 ], [ -121.73954, 37.28156 ], [ -121.739338, 37.280998 ], [ -121.738521, 37.281222 ], [ -121.738709, 37.280813 ], [ -121.738691, 37.280459 ], [ -121.738912, 37.278707 ], [ -121.737164, 37.279056 ], [ -121.735197, 37.277352 ], [ -121.735044, 37.276652 ], [ -121.735853, 37.275669 ], [ -121.736181, 37.274795 ], [ -121.735656, 37.27427 ], [ -121.734607, 37.274227 ], [ -121.733995, 37.273768 ], [ -121.734804, 37.272478 ], [ -121.734498, 37.272063 ], [ -121.733187, 37.272194 ], [ -121.732225, 37.271779 ], [ -121.731744, 37.271101 ], [ -121.731023, 37.270621 ], [ -121.73122, 37.270052 ], [ -121.732356, 37.269746 ], [ -121.734167, 37.266965 ], [ -121.734488, 37.267114 ], [ -121.735252, 37.267632 ], [ -121.73545, 37.26769 ], [ -121.736228, 37.267756 ], [ -121.736589, 37.267834 ], [ -121.738345, 37.268597 ], [ -121.739325, 37.26939 ], [ -121.741423, 37.271301 ], [ -121.742583, 37.272 ], [ -121.743056, 37.272335 ], [ -121.743738, 37.272718 ], [ -121.744347, 37.27298 ], [ -121.744532, 37.272795 ], [ -121.74477, 37.272644 ], [ -121.745235, 37.272502 ], [ -121.745729, 37.272488 ], [ -121.747188, 37.272698 ], [ -121.749236, 37.272447 ], [ -121.749557, 37.272378 ], [ -121.749846, 37.272254 ], [ -121.750151, 37.271992 ], [ -121.750607, 37.271244 ], [ -121.750767, 37.270671 ], [ -121.750922, 37.270457 ], [ -121.751234, 37.270307 ], [ -121.752639, 37.269949 ], [ -121.753007, 37.269944 ], [ -121.753393, 37.269986 ], [ -121.754163, 37.27022 ], [ -121.754727, 37.270244 ], [ -121.755075, 37.270302 ], [ -121.755344, 37.270369 ], [ -121.755546, 37.270463 ], [ -121.756895, 37.268914 ], [ -121.757526, 37.268582 ], [ -121.78408, 37.269311 ], [ -121.784321, 37.269161 ], [ -121.785051, 37.268798 ], [ -121.786141, 37.268051 ], [ -121.786403, 37.267776 ], [ -121.786618, 37.267479 ], [ -121.786918, 37.266858 ], [ -121.786948, 37.266423 ], [ -121.786882, 37.265846 ], [ -121.78637, 37.265037 ], [ -121.786074, 37.264745 ], [ -121.785815, 37.264569 ], [ -121.785242, 37.264091 ], [ -121.784891, 37.264046 ], [ -121.78441, 37.263595 ], [ -121.783812, 37.263496 ], [ -121.783544, 37.263397 ], [ -121.783159, 37.263392 ], [ -121.783015, 37.263326 ], [ -121.782142, 37.262545 ], [ -121.782018, 37.262474 ], [ -121.781159, 37.262089 ], [ -121.780568, 37.262034 ], [ -121.78039, 37.261964 ], [ -121.780355, 37.261891 ], [ -121.780431, 37.261638 ], [ -121.780431, 37.261452 ], [ -121.780396, 37.261342 ], [ -121.780128, 37.261083 ], [ -121.779881, 37.260984 ], [ -121.779469, 37.26094 ], [ -121.779256, 37.260951 ], [ -121.779001, 37.260885 ], [ -121.778994, 37.260808 ], [ -121.779118, 37.260572 ], [ -121.779118, 37.260122 ], [ -121.778926, 37.25994 ], [ -121.77883, 37.259899 ], [ -121.779303, 37.259534 ], [ -121.776532, 37.257349 ], [ -121.77615, 37.257082 ], [ -121.771501, 37.25498 ], [ -121.771285, 37.254787 ], [ -121.768981, 37.252071 ], [ -121.768678, 37.252402 ], [ -121.768353, 37.252644 ], [ -121.767421, 37.253441 ], [ -121.767203, 37.253653 ], [ -121.767171, 37.253719 ], [ -121.764957, 37.252595 ], [ -121.765468, 37.252173 ], [ -121.764887, 37.251841 ], [ -121.764345, 37.252279 ], [ -121.764267, 37.252235 ], [ -121.76393, 37.252538 ], [ -121.764564, 37.252904 ], [ -121.765449, 37.253558 ], [ -121.766527, 37.254462 ], [ -121.766884, 37.254148 ], [ -121.767644, 37.254556 ], [ -121.762841, 37.258413 ], [ -121.753173, 37.258447 ], [ -121.745043, 37.258524 ], [ -121.739639, 37.261576 ], [ -121.733402, 37.257211 ], [ -121.734259, 37.256542 ], [ -121.738559, 37.252843 ], [ -121.720273, 37.238527 ], [ -121.719478, 37.237801 ], [ -121.718394, 37.236918 ], [ -121.719636, 37.236603 ], [ -121.720397, 37.236538 ], [ -121.721268, 37.236543 ], [ -121.722107, 37.236646 ], [ -121.722415, 37.236727 ], [ -121.723358, 37.237221 ], [ -121.723946, 37.237444 ], [ -121.724207, 37.23747 ], [ -121.724941, 37.237364 ], [ -121.72529, 37.237346 ], [ -121.725636, 37.237389 ], [ -121.726317, 37.23756 ], [ -121.726736, 37.237572 ], [ -121.727073, 37.237455 ], [ -121.727617, 37.236998 ], [ -121.727755, 37.236816 ], [ -121.72798, 37.236309 ], [ -121.728309, 37.235841 ], [ -121.728883, 37.235292 ], [ -121.729064, 37.235149 ], [ -121.729246, 37.235065 ], [ -121.7296, 37.235029 ], [ -121.730016, 37.235106 ], [ -121.730668, 37.234957 ], [ -121.730919, 37.234938 ], [ -121.731228, 37.235001 ], [ -121.73186, 37.235225 ], [ -121.732031, 37.235256 ], [ -121.732386, 37.235192 ], [ -121.733125, 37.235206 ], [ -121.733808, 37.235049 ], [ -121.734166, 37.235132 ], [ -121.734529, 37.235099 ], [ -121.735238, 37.235178 ], [ -121.745991, 37.229577 ], [ -121.746458, 37.229265 ], [ -121.747507, 37.2287 ], [ -121.74727, 37.228662 ], [ -121.74827, 37.228088 ], [ -121.748502, 37.228151 ], [ -121.749062, 37.227872 ], [ -121.75027, 37.227038 ], [ -121.74691, 37.224402 ], [ -121.74661, 37.22431 ], [ -121.746417, 37.2242 ], [ -121.746122, 37.223876 ], [ -121.745777, 37.223265 ], [ -121.742431, 37.220204 ], [ -121.741742, 37.219823 ], [ -121.741584, 37.219697 ], [ -121.741233, 37.21895 ], [ -121.740965, 37.218549 ], [ -121.740607, 37.218193 ], [ -121.73976, 37.218809 ], [ -121.739486, 37.218571 ], [ -121.738886, 37.219232 ], [ -121.738487, 37.219536 ], [ -121.738271, 37.219406 ], [ -121.7379, 37.219074 ], [ -121.737591, 37.218912 ], [ -121.735227, 37.21827 ], [ -121.73511, 37.218263 ], [ -121.736595, 37.217259 ], [ -121.737344, 37.21721 ], [ -121.73779, 37.217254 ], [ -121.735944, 37.215577 ], [ -121.736631, 37.215085 ], [ -121.732972, 37.211595 ], [ -121.733665, 37.211117 ], [ -121.733447, 37.210907 ], [ -121.733169, 37.21106 ], [ -121.732758, 37.211118 ], [ -121.732544, 37.211185 ], [ -121.73004, 37.208735 ], [ -121.727217, 37.210472 ], [ -121.727027, 37.209936 ], [ -121.726749, 37.210119 ], [ -121.726491, 37.209413 ], [ -121.726253, 37.209298 ], [ -121.725934, 37.208612 ], [ -121.723967, 37.207751 ], [ -121.72324, 37.207717 ], [ -121.724647, 37.206826 ], [ -121.724196, 37.206646 ], [ -121.723028, 37.206324 ], [ -121.722767, 37.206117 ], [ -121.722462, 37.205336 ], [ -121.722316, 37.20517 ], [ -121.72183, 37.204805 ], [ -121.721233, 37.204548 ], [ -121.720448, 37.205048 ], [ -121.719585, 37.203376 ], [ -121.722546, 37.201334 ], [ -121.722446, 37.201218 ], [ -121.722958, 37.200867 ], [ -121.721289, 37.199218 ], [ -121.722095, 37.198635 ], [ -121.721617, 37.198172 ], [ -121.720786, 37.19872 ], [ -121.71884, 37.19686 ], [ -121.719682, 37.196272 ], [ -121.719412, 37.196004 ], [ -121.718572, 37.196596 ], [ -121.71814, 37.196182 ], [ -121.717587, 37.196548 ], [ -121.717154, 37.196158 ], [ -121.715713, 37.194738 ], [ -121.713677, 37.196079 ], [ -121.713252, 37.195905 ], [ -121.712764, 37.195608 ], [ -121.712462, 37.195471 ], [ -121.71207, 37.195361 ], [ -121.711775, 37.195218 ], [ -121.711617, 37.195098 ], [ -121.711349, 37.194784 ], [ -121.710606, 37.194068 ], [ -121.713257, 37.192378 ], [ -121.711863, 37.191042 ], [ -121.712486, 37.190608 ], [ -121.711578, 37.189737 ], [ -121.711225, 37.189972 ], [ -121.711726, 37.190465 ], [ -121.708892, 37.192326 ], [ -121.708636, 37.192577 ], [ -121.708458, 37.192465 ], [ -121.707417, 37.193153 ], [ -121.707378, 37.193082 ], [ -121.706253, 37.191988 ], [ -121.702153, 37.194938 ], [ -121.705861, 37.196821 ], [ -121.708963, 37.199285 ], [ -121.707725, 37.200331 ], [ -121.710195, 37.201756 ], [ -121.710292, 37.202287 ], [ -121.711215, 37.20367 ], [ -121.712252, 37.204964 ], [ -121.715741, 37.208948 ], [ -121.710635, 37.208939 ], [ -121.708833, 37.209001 ], [ -121.702937, 37.20347 ], [ -121.692333, 37.200674 ], [ -121.679121, 37.200674 ], [ -121.679087, 37.202378 ], [ -121.673359, 37.203368 ], [ -121.667904, 37.206163 ], [ -121.665525, 37.206162 ], [ -121.66366, 37.209689 ], [ -121.662713, 37.209748 ], [ -121.66239, 37.209934 ], [ -121.662403, 37.210034 ], [ -121.662369, 37.210204 ], [ -121.662406, 37.210601 ], [ -121.662237, 37.211221 ], [ -121.661547, 37.211807 ], [ -121.661225, 37.212041 ], [ -121.660329, 37.212463 ], [ -121.659445, 37.212559 ], [ -121.658729, 37.212766 ], [ -121.658485, 37.2129 ], [ -121.658205, 37.213126 ], [ -121.657636, 37.213481 ], [ -121.657153, 37.214057 ], [ -121.656934, 37.214251 ], [ -121.656652, 37.215079 ], [ -121.656814, 37.215348 ], [ -121.656838, 37.215438 ], [ -121.656793, 37.215688 ], [ -121.656395, 37.216289 ], [ -121.655951, 37.216721 ], [ -121.639679, 37.216743 ], [ -121.631459, 37.216833 ], [ -121.631183, 37.202311 ], [ -121.604348, 37.202322 ], [ -121.604282, 37.195253 ], [ -121.585939, 37.195117 ], [ -121.58587, 37.188195 ], [ -121.590132, 37.188161 ], [ -121.597433, 37.183116 ], [ -121.602114, 37.179767 ], [ -121.607487, 37.177489 ], [ -121.608646, 37.17916 ], [ -121.610504, 37.178444 ], [ -121.609362, 37.176705 ], [ -121.613807, 37.174861 ], [ -121.616973, 37.173077 ], [ -121.618385, 37.172366 ], [ -121.620638, 37.170846 ], [ -121.62205, 37.169477 ], [ -121.622813, 37.169285 ], [ -121.623092, 37.168945 ], [ -121.623728, 37.168646 ], [ -121.624733, 37.167943 ], [ -121.624853, 37.166869 ], [ -121.629735, 37.165811 ], [ -121.631733, 37.165442 ], [ -121.631922, 37.165523 ], [ -121.63233, 37.165488 ], [ -121.633563, 37.165036 ], [ -121.641456, 37.167544 ], [ -121.641036, 37.168235 ], [ -121.642194, 37.168621 ], [ -121.64258, 37.167866 ], [ -121.648903, 37.169717 ], [ -121.654355, 37.171784 ], [ -121.658008, 37.172656 ], [ -121.663156, 37.172758 ], [ -121.664247, 37.170508 ], [ -121.670049, 37.172986 ], [ -121.672849, 37.171117 ], [ -121.67341, 37.170664 ], [ -121.673712, 37.17047 ], [ -121.671528, 37.169721 ], [ -121.670209, 37.169326 ], [ -121.669106, 37.168945 ], [ -121.668495, 37.168939 ], [ -121.668096, 37.169005 ], [ -121.666633, 37.168477 ], [ -121.667187, 37.167945 ], [ -121.667576, 37.167665 ], [ -121.66738, 37.167433 ], [ -121.667723, 37.167321 ], [ -121.668815, 37.166416 ], [ -121.668609, 37.166322 ], [ -121.665584, 37.164077 ], [ -121.666044, 37.163701 ], [ -121.666119, 37.163743 ], [ -121.673974, 37.158215 ], [ -121.674448, 37.157921 ], [ -121.676074, 37.156792 ], [ -121.677141, 37.156036 ], [ -121.677079, 37.155975 ], [ -121.677401, 37.155783 ], [ -121.680055, 37.158412 ], [ -121.671983, 37.164063 ], [ -121.675974, 37.167714 ], [ -121.676871, 37.168599 ], [ -121.684709, 37.163479 ], [ -121.684531, 37.163305 ], [ -121.68458, 37.163273 ], [ -121.683671, 37.162387 ], [ -121.689675, 37.158464 ], [ -121.69224, 37.16097 ], [ -121.686533, 37.164789 ], [ -121.689101, 37.167266 ], [ -121.689902, 37.166737 ], [ -121.690561, 37.167393 ], [ -121.69061, 37.167364 ], [ -121.691014, 37.167739 ], [ -121.692827, 37.166559 ], [ -121.693833, 37.167541 ], [ -121.691804, 37.168875 ], [ -121.695457, 37.172443 ], [ -121.695577, 37.172365 ], [ -121.696585, 37.173357 ], [ -121.696376, 37.173583 ], [ -121.697755, 37.174926 ], [ -121.697875, 37.174804 ], [ -121.699042, 37.175936 ], [ -121.699208, 37.175834 ], [ -121.702992, 37.179525 ], [ -121.702874, 37.179694 ], [ -121.704759, 37.181524 ], [ -121.704148, 37.181906 ], [ -121.706039, 37.183753 ], [ -121.705979, 37.183795 ], [ -121.707751, 37.18555 ], [ -121.708366, 37.185168 ], [ -121.711184, 37.187779 ], [ -121.710914, 37.188059 ], [ -121.710562, 37.188332 ], [ -121.71138, 37.189073 ], [ -121.711891, 37.188724 ], [ -121.713773, 37.190548 ], [ -121.713352, 37.190826 ], [ -121.71824, 37.19556 ], [ -121.718657, 37.195267 ], [ -121.718979, 37.195579 ], [ -121.719517, 37.195199 ], [ -121.72068, 37.196336 ], [ -121.720139, 37.196706 ], [ -121.721121, 37.197674 ], [ -121.721665, 37.197295 ], [ -121.723095, 37.198692 ], [ -121.722564, 37.199082 ], [ -121.723841, 37.200355 ], [ -121.730985, 37.195274 ], [ -121.744913, 37.18548 ], [ -121.742059, 37.18375 ], [ -121.740762, 37.184665 ], [ -121.732488, 37.177224 ], [ -121.742264, 37.170294 ], [ -121.741543, 37.16929 ], [ -121.736135, 37.15835 ], [ -121.73786, 37.157694 ], [ -121.740435, 37.156947 ], [ -121.739364, 37.153252 ], [ -121.749208, 37.153147 ], [ -121.749329, 37.154105 ], [ -121.747219, 37.154476 ], [ -121.746898, 37.154773 ], [ -121.745271, 37.155834 ], [ -121.746162, 37.157962 ], [ -121.747223, 37.159329 ], [ -121.748922, 37.159792 ], [ -121.750738, 37.161291 ], [ -121.75118, 37.160664 ], [ -121.753803, 37.159483 ], [ -121.756906, 37.155758 ], [ -121.756836, 37.155325 ], [ -121.756028, 37.153942 ], [ -121.755158, 37.152936 ], [ -121.75935, 37.152695 ], [ -121.76054, 37.152567 ], [ -121.761092, 37.152108 ], [ -121.761259, 37.151713 ], [ -121.761251, 37.151395 ], [ -121.761121, 37.151578 ], [ -121.76092, 37.150952 ], [ -121.760935, 37.150475 ], [ -121.761006, 37.150161 ], [ -121.761113, 37.149911 ], [ -121.761315, 37.149656 ], [ -121.761758, 37.149322 ], [ -121.762057, 37.149157 ], [ -121.762844, 37.149019 ], [ -121.762922, 37.148972 ], [ -121.763344, 37.148587 ], [ -121.763551, 37.148147 ], [ -121.763734, 37.147984 ], [ -121.765378, 37.147394 ], [ -121.766273, 37.147241 ], [ -121.767011, 37.14743 ], [ -121.767632, 37.147665 ], [ -121.768047, 37.147783 ], [ -121.769047, 37.147991 ], [ -121.769643, 37.148009 ], [ -121.770122, 37.148066 ], [ -121.771509, 37.148026 ], [ -121.77257, 37.148136 ], [ -121.772917, 37.147687 ], [ -121.773442, 37.147314 ], [ -121.767002, 37.142427 ], [ -121.763452, 37.139775 ], [ -121.766512, 37.137602 ], [ -121.762148, 37.134346 ], [ -121.770801, 37.127232 ], [ -121.77565, 37.123145 ], [ -121.802951, 37.136712 ], [ -121.801379, 37.137843 ], [ -121.792844, 37.144218 ], [ -121.792165, 37.143795 ], [ -121.781325, 37.149777 ], [ -121.783271, 37.150562 ], [ -121.78599, 37.150199 ], [ -121.785892, 37.158472 ], [ -121.78165, 37.157947 ], [ -121.77263, 37.169053 ], [ -121.771197, 37.168097 ], [ -121.769658, 37.166184 ], [ -121.76487, 37.163602 ], [ -121.763986, 37.163742 ], [ -121.761182, 37.162761 ], [ -121.760189, 37.162627 ], [ -121.75903, 37.162746 ], [ -121.758359, 37.163151 ], [ -121.757537, 37.164037 ], [ -121.756715, 37.166914 ], [ -121.75655, 37.16908 ], [ -121.756657, 37.169644 ], [ -121.758114, 37.171139 ], [ -121.758498, 37.17165 ], [ -121.758797, 37.172181 ], [ -121.75896, 37.172615 ], [ -121.759098, 37.173177 ], [ -121.759389, 37.175453 ], [ -121.760061, 37.175911 ], [ -121.760481, 37.177742 ], [ -121.760785, 37.177482 ], [ -121.760818, 37.177106 ], [ -121.761006, 37.176838 ], [ -121.761109, 37.176727 ], [ -121.761488, 37.176627 ], [ -121.763847, 37.177507 ], [ -121.763951, 37.177481 ], [ -121.764086, 37.177515 ], [ -121.764861, 37.177974 ], [ -121.765631, 37.178705 ], [ -121.76636, 37.17842 ], [ -121.766112, 37.17768 ], [ -121.768017, 37.177899 ], [ -121.767819, 37.178731 ], [ -121.768014, 37.178976 ], [ -121.768158, 37.179092 ], [ -121.768701, 37.179301 ], [ -121.768879, 37.179328 ], [ -121.769339, 37.179284 ], [ -121.770117, 37.179467 ], [ -121.770009, 37.180209 ], [ -121.771822, 37.181274 ], [ -121.772984, 37.181901 ], [ -121.773418, 37.182328 ], [ -121.772688, 37.182609 ], [ -121.772688, 37.182785 ], [ -121.772736, 37.182895 ], [ -121.773093, 37.183247 ], [ -121.773265, 37.183302 ], [ -121.773917, 37.183269 ], [ -121.774157, 37.183193 ], [ -121.774494, 37.182978 ], [ -121.774652, 37.182989 ], [ -121.775215, 37.183198 ], [ -121.775538, 37.183457 ], [ -121.775867, 37.183627 ], [ -121.776155, 37.183836 ], [ -121.776409, 37.183918 ], [ -121.776821, 37.183858 ], [ -121.776929, 37.183878 ], [ -121.777293, 37.183637 ], [ -121.776675, 37.183227 ], [ -121.776502, 37.183043 ], [ -121.776197, 37.18288 ], [ -121.776074, 37.182594 ], [ -121.776081, 37.18255 ], [ -121.776129, 37.182523 ], [ -121.776218, 37.182528 ], [ -121.776856, 37.18288 ], [ -121.777186, 37.182946 ], [ -121.777481, 37.183084 ], [ -121.777893, 37.183166 ], [ -121.77838, 37.183326 ], [ -121.779115, 37.183266 ], [ -121.779335, 37.183156 ], [ -121.779459, 37.183156 ], [ -121.779555, 37.183233 ], [ -121.77972, 37.183277 ], [ -121.77996, 37.183249 ], [ -121.780715, 37.182997 ], [ -121.780963, 37.182816 ], [ -121.781121, 37.182744 ], [ -121.781663, 37.182816 ], [ -121.781917, 37.182761 ], [ -121.782405, 37.18225 ], [ -121.782597, 37.182113 ], [ -121.783037, 37.18191 ], [ -121.783703, 37.181404 ], [ -121.784356, 37.18069 ], [ -121.784349, 37.180641 ], [ -121.784246, 37.180536 ], [ -121.784019, 37.180536 ], [ -121.783793, 37.180602 ], [ -121.783559, 37.180717 ], [ -121.783085, 37.181069 ], [ -121.782811, 37.181195 ], [ -121.782666, 37.181206 ], [ -121.782577, 37.181069 ], [ -121.782591, 37.180734 ], [ -121.782646, 37.180536 ], [ -121.782749, 37.180382 ], [ -121.782749, 37.17997 ], [ -121.782784, 37.179877 ], [ -121.78277, 37.179789 ], [ -121.782447, 37.179536 ], [ -121.781692, 37.179371 ], [ -121.781198, 37.179365 ], [ -121.779818, 37.179162 ], [ -121.779612, 37.179074 ], [ -121.779577, 37.179019 ], [ -121.779632, 37.178925 ], [ -121.780134, 37.178755 ], [ -121.780367, 37.17864 ], [ -121.780759, 37.178733 ], [ -121.781006, 37.178739 ], [ -121.781459, 37.178613 ], [ -121.781823, 37.17858 ], [ -121.782578, 37.178723 ], [ -121.783189, 37.178959 ], [ -121.783718, 37.178954 ], [ -121.784082, 37.179097 ], [ -121.784329, 37.179108 ], [ -121.784947, 37.178998 ], [ -121.785208, 37.178916 ], [ -121.785339, 37.178839 ], [ -121.785524, 37.178548 ], [ -121.785751, 37.178323 ], [ -121.785758, 37.178185 ], [ -121.7856, 37.177872 ], [ -121.785312, 37.177592 ], [ -121.785435, 37.177306 ], [ -121.785449, 37.177158 ], [ -121.785277, 37.17685 ], [ -121.785264, 37.176669 ], [ -121.785133, 37.176471 ], [ -121.78512, 37.176383 ], [ -121.785209, 37.176114 ], [ -121.785257, 37.175608 ], [ -121.785216, 37.175482 ], [ -121.784969, 37.175218 ], [ -121.784853, 37.175185 ], [ -121.784695, 37.17518 ], [ -121.784063, 37.17546 ], [ -121.783939, 37.175542 ], [ -121.783795, 37.175559 ], [ -121.783671, 37.175476 ], [ -121.783658, 37.175416 ], [ -121.784022, 37.175218 ], [ -121.784516, 37.175004 ], [ -121.784777, 37.174812 ], [ -121.785169, 37.17468 ], [ -121.785416, 37.174455 ], [ -121.785484, 37.174345 ], [ -121.785498, 37.174103 ], [ -121.785533, 37.174064 ], [ -121.785938, 37.173949 ], [ -121.786398, 37.173554 ], [ -121.786583, 37.173257 ], [ -121.786693, 37.173147 ], [ -121.78725, 37.172713 ], [ -121.787408, 37.172653 ], [ -121.787779, 37.172158 ], [ -121.787902, 37.171911 ], [ -121.787992, 37.171906 ], [ -121.788266, 37.172021 ], [ -121.788973, 37.172104 ], [ -121.789124, 37.172113 ], [ -121.789323, 37.172076 ], [ -121.789577, 37.172186 ], [ -121.789955, 37.172241 ], [ -121.790017, 37.172274 ], [ -121.790031, 37.172318 ], [ -121.790614, 37.172483 ], [ -121.791115, 37.172604 ], [ -121.791349, 37.172604 ], [ -121.791932, 37.172451 ], [ -121.792386, 37.172379 ], [ -121.792839, 37.172242 ], [ -121.793038, 37.172242 ], [ -121.793333, 37.172182 ], [ -121.793786, 37.172171 ], [ -121.794507, 37.171913 ], [ -121.794823, 37.171869 ], [ -121.795215, 37.171968 ], [ -121.795386, 37.172089 ], [ -121.795565, 37.172166 ], [ -121.79597, 37.172248 ], [ -121.796251, 37.172358 ], [ -121.796485, 37.172342 ], [ -121.796588, 37.172276 ], [ -121.796643, 37.172134 ], [ -121.798947, 37.17207 ], [ -121.801444, 37.171926 ], [ -121.802041, 37.171828 ], [ -121.805488, 37.171733 ], [ -121.80669, 37.17112 ], [ -121.808737, 37.17029 ], [ -121.815227, 37.169619 ], [ -121.817471, 37.171861 ], [ -121.818331, 37.172354 ], [ -121.81801, 37.171713 ], [ -121.819025, 37.171822 ], [ -121.819663, 37.17159 ], [ -121.820331, 37.171046 ], [ -121.820802, 37.171515 ], [ -121.820702, 37.171841 ], [ -121.820589, 37.17197 ], [ -121.820206, 37.172126 ], [ -121.82018, 37.172194 ], [ -121.819921, 37.17238 ], [ -121.819748, 37.172444 ], [ -121.819123, 37.172536 ], [ -121.818965, 37.172678 ], [ -121.818618, 37.17331 ], [ -121.818619, 37.173474 ], [ -121.818756, 37.173648 ], [ -121.818791, 37.173866 ], [ -121.818865, 37.174074 ], [ -121.818869, 37.174213 ], [ -121.818791, 37.174313 ], [ -121.818321, 37.174648 ], [ -121.817986, 37.174714 ], [ -121.817675, 37.17484 ], [ -121.817131, 37.17487 ], [ -121.817074, 37.174929 ], [ -121.817089, 37.175173 ], [ -121.817049, 37.17534 ], [ -121.816872, 37.175518 ], [ -121.816627, 37.175657 ], [ -121.816386, 37.175691 ], [ -121.816012, 37.175521 ], [ -121.815811, 37.175497 ], [ -121.815607, 37.175616 ], [ -121.81535, 37.175653 ], [ -121.815194, 37.175713 ], [ -121.814792, 37.175992 ], [ -121.814357, 37.176188 ], [ -121.814301, 37.176264 ], [ -121.814316, 37.176352 ], [ -121.814665, 37.176267 ], [ -121.815239, 37.176002 ], [ -121.815428, 37.175994 ], [ -121.815653, 37.176062 ], [ -121.81567, 37.176125 ], [ -121.81562, 37.176169 ], [ -121.815075, 37.176358 ], [ -121.815018, 37.176486 ], [ -121.815072, 37.176582 ], [ -121.815171, 37.176641 ], [ -121.815656, 37.176661 ], [ -121.815818, 37.176752 ], [ -121.815904, 37.176881 ], [ -121.815921, 37.176992 ], [ -121.815687, 37.177368 ], [ -121.81577, 37.177476 ], [ -121.815879, 37.177501 ], [ -121.815665, 37.177605 ], [ -121.814934, 37.177435 ], [ -121.814652, 37.178253 ], [ -121.814457, 37.178102 ], [ -121.814276, 37.178458 ], [ -121.814691, 37.178848 ], [ -121.814725, 37.179058 ], [ -121.814603, 37.179179 ], [ -121.81431, 37.179837 ], [ -121.81277, 37.181182 ], [ -121.81276, 37.181363 ], [ -121.812887, 37.181533 ], [ -121.813394, 37.181889 ], [ -121.813632, 37.182488 ], [ -121.813886, 37.183447 ], [ -121.814175, 37.183825 ], [ -121.814222, 37.184018 ], [ -121.814545, 37.184436 ], [ -121.81471, 37.184733 ], [ -121.814829, 37.184878 ], [ -121.814894, 37.185469 ], [ -121.814748, 37.185777 ], [ -121.814508, 37.186037 ], [ -121.814347, 37.186152 ], [ -121.814001, 37.186109 ], [ -121.813634, 37.186197 ], [ -121.813229, 37.186181 ], [ -121.813112, 37.186225 ], [ -121.812979, 37.186367 ], [ -121.812574, 37.186376 ], [ -121.812295, 37.186462 ], [ -121.812183, 37.186554 ], [ -121.812095, 37.186806 ], [ -121.812008, 37.186904 ], [ -121.811817, 37.186964 ], [ -121.811564, 37.186995 ], [ -121.811179, 37.187284 ], [ -121.810231, 37.187655 ], [ -121.810044, 37.187806 ], [ -121.809765, 37.188108 ], [ -121.808499, 37.188433 ], [ -121.808061, 37.188824 ], [ -121.807402, 37.189507 ], [ -121.807142, 37.189571 ], [ -121.806613, 37.189577 ], [ -121.805958, 37.18975 ], [ -121.805726, 37.189737 ], [ -121.804908, 37.189385 ], [ -121.804454, 37.189034 ], [ -121.804344, 37.189023 ], [ -121.804246, 37.189068 ], [ -121.804175, 37.189196 ], [ -121.804191, 37.189615 ], [ -121.804155, 37.189705 ], [ -121.80401, 37.189797 ], [ -121.803731, 37.189873 ], [ -121.803577, 37.189846 ], [ -121.803007, 37.189494 ], [ -121.802449, 37.18955 ], [ -121.802162, 37.189482 ], [ -121.802056, 37.189351 ], [ -121.802076, 37.189068 ], [ -121.80201, 37.18899 ], [ -121.80193, 37.188958 ], [ -121.801689, 37.188941 ], [ -121.801438, 37.189107 ], [ -121.801156, 37.189222 ], [ -121.801021, 37.189238 ], [ -121.800908, 37.189191 ], [ -121.800844, 37.189102 ], [ -121.800892, 37.188806 ], [ -121.800816, 37.188715 ], [ -121.800677, 37.188698 ], [ -121.800135, 37.18875 ], [ -121.799757, 37.188727 ], [ -121.799504, 37.18869 ], [ -121.799369, 37.188625 ], [ -121.799285, 37.188518 ], [ -121.799262, 37.18829 ], [ -121.799194, 37.188094 ], [ -121.799243, 37.188016 ], [ -121.799307, 37.187982 ], [ -121.799509, 37.187941 ], [ -121.799353, 37.187923 ], [ -121.799322, 37.1875 ], [ -121.799635, 37.187501 ], [ -121.799755, 37.187428 ], [ -121.799706, 37.187364 ], [ -121.799485, 37.187282 ], [ -121.799485, 37.187199 ], [ -121.799697, 37.187156 ], [ -121.799216, 37.186961 ], [ -121.798346, 37.186491 ], [ -121.797555, 37.18684 ], [ -121.797243, 37.186724 ], [ -121.797163, 37.186444 ], [ -121.797365, 37.18622 ], [ -121.797456, 37.185925 ], [ -121.797416, 37.185575 ], [ -121.797027, 37.185052 ], [ -121.796716, 37.184816 ], [ -121.796466, 37.184439 ], [ -121.796337, 37.184041 ], [ -121.796226, 37.183219 ], [ -121.795684, 37.182988 ], [ -121.795526, 37.182978 ], [ -121.7953, 37.183024 ], [ -121.795147, 37.182998 ], [ -121.794725, 37.182708 ], [ -121.794843, 37.183386 ], [ -121.794737, 37.18336 ], [ -121.795072, 37.183971 ], [ -121.794942, 37.184021 ], [ -121.794691, 37.184224 ], [ -121.795294, 37.185301 ], [ -121.795551, 37.185936 ], [ -121.794774, 37.186105 ], [ -121.793641, 37.186698 ], [ -121.793306, 37.186513 ], [ -121.793055, 37.186307 ], [ -121.792531, 37.186516 ], [ -121.789049, 37.185575 ], [ -121.788489, 37.183592 ], [ -121.78809, 37.183576 ], [ -121.787754, 37.183427 ], [ -121.786628, 37.183103 ], [ -121.786381, 37.183125 ], [ -121.786175, 37.183185 ], [ -121.786099, 37.183295 ], [ -121.786085, 37.183383 ], [ -121.786264, 37.183745 ], [ -121.786243, 37.184081 ], [ -121.78614, 37.184179 ], [ -121.785645, 37.184201 ], [ -121.785499, 37.184236 ], [ -121.785403, 37.185018 ], [ -121.779808, 37.188252 ], [ -121.775341, 37.188396 ], [ -121.774923, 37.188372 ], [ -121.774473, 37.188294 ], [ -121.773925, 37.188135 ], [ -121.773324, 37.18785 ], [ -121.772905, 37.187561 ], [ -121.771712, 37.186622 ], [ -121.771305, 37.18636 ], [ -121.770733, 37.186074 ], [ -121.77003, 37.185823 ], [ -121.769589, 37.185712 ], [ -121.767785, 37.185414 ], [ -121.766037, 37.187418 ], [ -121.766011, 37.189834 ], [ -121.76597, 37.189933 ], [ -121.768661, 37.192145 ], [ -121.770161, 37.193446 ], [ -121.777062, 37.19865 ], [ -121.77822, 37.200579 ], [ -121.7788, 37.201782 ], [ -121.773399, 37.208923 ], [ -121.758478, 37.216921 ], [ -121.758006, 37.217093 ], [ -121.759168, 37.217679 ], [ -121.761169, 37.216664 ], [ -121.76346, 37.215401 ], [ -121.765077, 37.21539 ], [ -121.764792, 37.215917 ], [ -121.765592, 37.216506 ], [ -121.765626, 37.216475 ], [ -121.767142, 37.217574 ], [ -121.767509, 37.218067 ], [ -121.767729, 37.21827 ], [ -121.76813, 37.218776 ], [ -121.768861, 37.219303 ], [ -121.769765, 37.21906 ], [ -121.769843, 37.219264 ], [ -121.771293, 37.220191 ], [ -121.771295, 37.220166 ], [ -121.771635, 37.220295 ], [ -121.77134, 37.221114 ], [ -121.771896, 37.221581 ], [ -121.77231, 37.221748 ], [ -121.772442, 37.221877 ], [ -121.77391, 37.222459 ], [ -121.774502, 37.22273 ], [ -121.778987, 37.224585 ], [ -121.782703, 37.220627 ], [ -121.782996, 37.220736 ], [ -121.783327, 37.22065 ], [ -121.785608, 37.221437 ], [ -121.786255, 37.221598 ], [ -121.786276, 37.221656 ], [ -121.786496, 37.221798 ], [ -121.786778, 37.221798 ], [ -121.787018, 37.221848 ], [ -121.787385, 37.222032 ], [ -121.787446, 37.222399 ], [ -121.787802, 37.222644 ], [ -121.788587, 37.222654 ], [ -121.789174, 37.222863 ], [ -121.789466, 37.222834 ], [ -121.789649, 37.222858 ], [ -121.7899, 37.222932 ], [ -121.789956, 37.22299 ], [ -121.790398, 37.223162 ], [ -121.790487, 37.223486 ], [ -121.790686, 37.22375 ], [ -121.790672, 37.223948 ], [ -121.790727, 37.224057 ], [ -121.790968, 37.224217 ], [ -121.79151, 37.224393 ], [ -121.791703, 37.224497 ], [ -121.791874, 37.224728 ], [ -121.791861, 37.224915 ], [ -121.791641, 37.225135 ], [ -121.791572, 37.225343 ], [ -121.791606, 37.225854 ], [ -121.791675, 37.225942 ], [ -121.791888, 37.225904 ], [ -121.792211, 37.225783 ], [ -121.792396, 37.225788 ], [ -121.792912, 37.22592 ], [ -121.79331, 37.226118 ], [ -121.793516, 37.226151 ], [ -121.794169, 37.226152 ], [ -121.794567, 37.226097 ], [ -121.795667, 37.225839 ], [ -121.796333, 37.225531 ], [ -121.796533, 37.225498 ], [ -121.796608, 37.22552 ], [ -121.796663, 37.225591 ], [ -121.796684, 37.225811 ], [ -121.796739, 37.225976 ], [ -121.796869, 37.226015 ], [ -121.797989, 37.225993 ], [ -121.798814, 37.225691 ], [ -121.799295, 37.225806 ], [ -121.800064, 37.225817 ], [ -121.800813, 37.225982 ], [ -121.800888, 37.225944 ], [ -121.800964, 37.225801 ], [ -121.801088, 37.225718 ], [ -121.801912, 37.22546 ], [ -121.802297, 37.225312 ], [ -121.802655, 37.225109 ], [ -121.803321, 37.224884 ], [ -121.804077, 37.224362 ], [ -121.805451, 37.224098 ], [ -121.805698, 37.224274 ], [ -121.805657, 37.224604 ], [ -121.805733, 37.224823 ], [ -121.805856, 37.224944 ], [ -121.806056, 37.225071 ], [ -121.806378, 37.225181 ], [ -121.80645, 37.225186 ], [ -121.807035, 37.224994 ], [ -121.807086, 37.225067 ], [ -121.807286, 37.224935 ], [ -121.807355, 37.224986 ], [ -121.807607, 37.224824 ], [ -121.807751, 37.224785 ], [ -121.808021, 37.224815 ], [ -121.808183, 37.224911 ], [ -121.808298, 37.225071 ], [ -121.808307, 37.225212 ], [ -121.808247, 37.225357 ], [ -121.807912, 37.225699 ], [ -121.807876, 37.225797 ], [ -121.807884, 37.225972 ], [ -121.807855, 37.226 ], [ -121.808302, 37.226318 ], [ -121.808474, 37.226373 ], [ -121.808838, 37.226395 ], [ -121.808886, 37.226428 ], [ -121.808975, 37.226752 ], [ -121.809044, 37.226813 ], [ -121.809147, 37.226835 ], [ -121.809319, 37.226796 ], [ -121.809745, 37.226571 ], [ -121.809855, 37.226565 ], [ -121.810219, 37.226692 ], [ -121.810418, 37.22667 ], [ -121.810693, 37.226571 ], [ -121.811126, 37.22656 ], [ -121.811435, 37.226511 ], [ -121.811552, 37.226582 ], [ -121.81171, 37.227087 ], [ -121.811758, 37.227148 ], [ -121.81182, 37.227159 ], [ -121.812267, 37.227049 ], [ -121.812802, 37.226747 ], [ -121.813325, 37.226643 ], [ -121.813497, 37.226681 ], [ -121.813716, 37.226818 ], [ -121.813929, 37.227066 ], [ -121.814376, 37.227697 ], [ -121.814472, 37.227774 ], [ -121.814548, 37.227791 ], [ -121.814678, 37.227725 ], [ -121.814823, 37.227593 ], [ -121.815482, 37.227203 ], [ -121.815585, 37.227181 ], [ -121.816162, 37.227417 ], [ -121.816252, 37.227483 ], [ -121.816334, 37.227626 ], [ -121.816444, 37.228055 ], [ -121.816533, 37.228214 ], [ -121.816753, 37.228285 ], [ -121.816918, 37.228291 ], [ -121.817062, 37.228258 ], [ -121.817159, 37.228175 ], [ -121.817337, 37.227846 ], [ -121.817461, 37.227763 ], [ -121.817846, 37.227654 ], [ -121.818402, 37.228203 ], [ -121.818595, 37.228318 ], [ -121.819096, 37.228362 ], [ -121.819227, 37.228406 ], [ -121.819419, 37.228835 ], [ -121.819481, 37.228862 ], [ -121.819825, 37.228835 ], [ -121.820175, 37.228873 ], [ -121.820354, 37.228972 ], [ -121.820416, 37.229082 ], [ -121.820532, 37.229461 ], [ -121.820636, 37.229593 ], [ -121.820766, 37.22967 ], [ -121.820938, 37.229719 ], [ -121.821041, 37.229714 ], [ -121.821172, 37.229626 ], [ -121.821268, 37.229494 ], [ -121.821453, 37.228802 ], [ -121.82146, 37.228357 ], [ -121.821577, 37.22817 ], [ -121.821714, 37.228093 ], [ -121.821879, 37.228054 ], [ -121.82212, 37.228137 ], [ -121.822903, 37.22862 ], [ -121.823109, 37.228697 ], [ -121.823459, 37.228714 ], [ -121.823714, 37.228659 ], [ -121.824236, 37.22834 ], [ -121.82449, 37.228274 ], [ -121.824676, 37.228159 ], [ -121.824703, 37.228109 ], [ -121.824978, 37.228005 ], [ -121.825102, 37.228027 ], [ -121.825177, 37.228126 ], [ -121.825273, 37.228411 ], [ -121.825404, 37.228576 ], [ -121.825617, 37.228653 ], [ -121.826071, 37.228672 ], [ -121.82674, 37.228132 ], [ -121.827036, 37.228007 ], [ -121.827154, 37.227881 ], [ -121.827938, 37.227733 ], [ -121.827975, 37.227441 ], [ -121.828046, 37.227189 ], [ -121.827994, 37.226968 ], [ -121.82762, 37.226653 ], [ -121.827528, 37.226491 ], [ -121.82735, 37.226317 ], [ -121.827284, 37.22618 ], [ -121.827295, 37.226006 ], [ -121.827341, 37.225867 ], [ -121.827417, 37.225834 ], [ -121.828035, 37.225944 ], [ -121.828399, 37.225873 ], [ -121.828619, 37.2259 ], [ -121.828666, 37.225945 ], [ -121.828663, 37.22601 ], [ -121.828748, 37.226154 ], [ -121.828915, 37.226365 ], [ -121.829111, 37.226435 ], [ -121.82931, 37.226402 ], [ -121.829753, 37.226171 ], [ -121.82972, 37.226234 ], [ -121.830145, 37.226933 ], [ -121.830358, 37.227015 ], [ -121.83077, 37.226971 ], [ -121.831169, 37.226856 ], [ -121.83143, 37.226724 ], [ -121.831567, 37.226515 ], [ -121.831643, 37.226196 ], [ -121.831691, 37.226136 ], [ -121.831787, 37.226098 ], [ -121.832123, 37.226136 ], [ -121.832474, 37.226317 ], [ -121.832749, 37.226383 ], [ -121.832886, 37.226504 ], [ -121.833195, 37.226674 ], [ -121.833766, 37.226718 ], [ -121.8338, 37.226685 ], [ -121.834034, 37.22663 ], [ -121.834109, 37.226559 ], [ -121.834583, 37.226564 ], [ -121.835078, 37.226641 ], [ -121.835346, 37.226734 ], [ -121.835435, 37.226883 ], [ -121.835415, 37.226993 ], [ -121.835154, 37.227229 ], [ -121.834968, 37.227515 ], [ -121.834879, 37.227745 ], [ -121.834893, 37.227905 ], [ -121.835003, 37.22807 ], [ -121.835166, 37.228191 ], [ -121.835642, 37.228322 ], [ -121.835834, 37.228311 ], [ -121.836164, 37.228223 ], [ -121.836439, 37.228229 ], [ -121.836583, 37.228344 ], [ -121.836975, 37.228816 ], [ -121.837154, 37.22897 ], [ -121.83736, 37.229053 ], [ -121.837518, 37.229075 ], [ -121.837992, 37.228937 ], [ -121.838136, 37.228981 ], [ -121.838494, 37.229421 ], [ -121.838714, 37.229559 ], [ -121.840148, 37.229562 ], [ -121.840778, 37.225121 ], [ -121.841819, 37.224548 ], [ -121.841788, 37.224954 ], [ -121.84192, 37.225243 ], [ -121.842047, 37.225365 ], [ -121.843629, 37.226537 ], [ -121.843896, 37.226666 ], [ -121.844172, 37.22674 ], [ -121.845118, 37.226788 ], [ -121.845457, 37.226845 ], [ -121.845727, 37.22693 ], [ -121.845935, 37.227022 ], [ -121.845971, 37.227169 ], [ -121.846988, 37.227714 ], [ -121.848237, 37.228201 ], [ -121.847653, 37.225883 ], [ -121.847176, 37.224405 ], [ -121.845247, 37.224618 ], [ -121.844305, 37.224659 ], [ -121.84366, 37.224628 ], [ -121.843462, 37.22335 ], [ -121.843458, 37.223216 ], [ -121.843943, 37.222774 ], [ -121.844275, 37.222574 ], [ -121.845277, 37.222171 ], [ -121.845471, 37.222138 ], [ -121.845584, 37.222154 ], [ -121.846672, 37.221536 ], [ -121.84681, 37.22157 ], [ -121.847518, 37.220846 ], [ -121.846873, 37.22087 ], [ -121.845959, 37.220842 ], [ -121.845746, 37.220798 ], [ -121.845272, 37.220562 ], [ -121.844832, 37.220238 ], [ -121.844138, 37.219986 ], [ -121.843898, 37.219815 ], [ -121.84374, 37.21964 ], [ -121.843472, 37.219255 ], [ -121.84308, 37.218777 ], [ -121.842413, 37.217799 ], [ -121.84187, 37.21714 ], [ -121.841527, 37.21686 ], [ -121.8406, 37.216403 ], [ -121.838874, 37.215631 ], [ -121.836948, 37.217554 ], [ -121.83936, 37.218562 ], [ -121.839993, 37.218937 ], [ -121.84019, 37.219902 ], [ -121.84013, 37.220091 ], [ -121.839182, 37.220524 ], [ -121.838333, 37.220702 ], [ -121.834699, 37.220202 ], [ -121.834741, 37.217476 ], [ -121.835604, 37.217212 ], [ -121.835782, 37.217117 ], [ -121.836549, 37.216395 ], [ -121.836798, 37.216247 ], [ -121.837871, 37.21517 ], [ -121.83748, 37.214894 ], [ -121.837267, 37.214784 ], [ -121.836875, 37.214691 ], [ -121.836332, 37.21463 ], [ -121.835714, 37.214493 ], [ -121.835116, 37.214186 ], [ -121.834683, 37.214087 ], [ -121.833763, 37.214004 ], [ -121.831427, 37.213422 ], [ -121.83118, 37.213335 ], [ -121.830383, 37.212934 ], [ -121.829888, 37.21278 ], [ -121.829696, 37.212675 ], [ -121.828893, 37.211676 ], [ -121.827445, 37.210889 ], [ -121.826934, 37.210522 ], [ -121.825426, 37.209267 ], [ -121.824969, 37.208758 ], [ -121.824378, 37.207918 ], [ -121.824124, 37.20761 ], [ -121.823706, 37.207211 ], [ -121.824034, 37.20691 ], [ -121.826366, 37.205536 ], [ -121.826813, 37.205157 ], [ -121.827072, 37.204757 ], [ -121.827807, 37.202691 ], [ -121.828266, 37.20195 ], [ -121.828647, 37.201602 ], [ -121.828436, 37.201521 ], [ -121.826772, 37.200487 ], [ -121.826729, 37.200674 ], [ -121.826328, 37.201748 ], [ -121.826014, 37.202424 ], [ -121.824454, 37.201949 ], [ -121.82468, 37.199884 ], [ -121.824185, 37.199791 ], [ -121.822201, 37.199248 ], [ -121.823014, 37.197292 ], [ -121.824603, 37.198417 ], [ -121.825107, 37.198157 ], [ -121.825253, 37.198844 ], [ -121.826918, 37.199449 ], [ -121.830474, 37.196403 ], [ -121.830935, 37.196675 ], [ -121.831311, 37.196835 ], [ -121.833221, 37.197977 ], [ -121.833848, 37.197335 ], [ -121.8366, 37.1948 ], [ -121.839758, 37.195063 ], [ -121.83978, 37.19317 ], [ -121.848672, 37.193091 ], [ -121.848703, 37.196582 ], [ -121.857807, 37.196582 ], [ -121.85784, 37.200367 ], [ -121.862546, 37.20041 ], [ -121.862569, 37.20375 ], [ -121.862523, 37.203957 ], [ -121.863229, 37.203953 ], [ -121.863732, 37.203903 ], [ -121.864516, 37.203943 ], [ -121.867614, 37.203936 ], [ -121.876171, 37.203859 ], [ -121.876291, 37.209812 ], [ -121.87623, 37.210771 ], [ -121.876234, 37.212381 ], [ -121.87658, 37.212645 ], [ -121.877709, 37.212941 ], [ -121.877781, 37.213033 ], [ -121.878025, 37.213072 ], [ -121.878413, 37.213202 ], [ -121.87923, 37.213667 ], [ -121.879558, 37.213971 ], [ -121.879796, 37.214286 ], [ -121.880148, 37.214312 ], [ -121.881311, 37.214695 ], [ -121.88139, 37.21476 ], [ -121.881412, 37.214848 ], [ -121.88327, 37.214152 ], [ -121.883678, 37.215025 ], [ -121.883763, 37.215277 ], [ -121.88378, 37.215567 ], [ -121.883742, 37.215674 ], [ -121.883353, 37.216062 ], [ -121.883938, 37.216801 ], [ -121.884357, 37.217245 ], [ -121.88472, 37.217544 ], [ -121.885147, 37.21769 ], [ -121.885788, 37.21783 ], [ -121.886415, 37.217634 ], [ -121.886919, 37.218659 ], [ -121.887, 37.219176 ], [ -121.887188, 37.219526 ], [ -121.888073, 37.219852 ], [ -121.888381, 37.219814 ], [ -121.888654, 37.219894 ], [ -121.89003, 37.219346 ], [ -121.890931, 37.219209 ], [ -121.89116, 37.219148 ], [ -121.891602, 37.218858 ], [ -121.892005, 37.218264 ], [ -121.892965, 37.217244 ], [ -121.893065, 37.216644 ], [ -121.893874, 37.21631 ], [ -121.892902, 37.21587 ], [ -121.892211, 37.213667 ], [ -121.890357, 37.213658 ], [ -121.89952, 37.206476 ], [ -121.89985, 37.20675 ], [ -121.90002, 37.20695 ], [ -121.90036, 37.20719 ], [ -121.90076, 37.20735 ], [ -121.90121, 37.20747 ], [ -121.90161, 37.20762 ], [ -121.90176, 37.20775 ], [ -121.90186, 37.20791 ], [ -121.90193, 37.20809 ], [ -121.90203, 37.20869 ], [ -121.9022, 37.20891 ], [ -121.90368, 37.20972 ], [ -121.90377, 37.20982 ], [ -121.90393, 37.21026 ], [ -121.90409, 37.21048 ], [ -121.90469, 37.21091 ], [ -121.90481, 37.21096 ], [ -121.90552, 37.21101 ], [ -121.90601, 37.21091 ], [ -121.90618, 37.21081 ], [ -121.90671, 37.21059 ], [ -121.90688, 37.21057 ], [ -121.90696, 37.21061 ], [ -121.90788, 37.21126 ], [ -121.90806, 37.21146 ], [ -121.90826, 37.2116 ], [ -121.90859, 37.21177 ], [ -121.90931, 37.21207 ], [ -121.90943, 37.21241 ], [ -121.90942, 37.2128 ], [ -121.90953, 37.21296 ], [ -121.90966, 37.21304 ], [ -121.91, 37.21313 ], [ -121.91123, 37.21312 ], [ -121.91162, 37.21318 ], [ -121.91202, 37.21334 ], [ -121.91241, 37.21355 ], [ -121.91254, 37.21367 ], [ -121.913039, 37.214997 ], [ -121.913236, 37.215212 ], [ -121.913411, 37.215278 ], [ -121.91346, 37.21543 ], [ -121.91346, 37.21555 ], [ -121.91338, 37.21596 ], [ -121.91302, 37.21662 ], [ -121.91266, 37.21707 ], [ -121.912442, 37.2169 ], [ -121.910409, 37.217365 ], [ -121.909695, 37.21764 ], [ -121.909372, 37.217815 ], [ -121.909076, 37.218024 ], [ -121.908939, 37.218167 ], [ -121.908849, 37.218293 ], [ -121.908774, 37.218574 ], [ -121.908801, 37.2187 ], [ -121.909199, 37.219387 ], [ -121.909289, 37.219645 ], [ -121.909288, 37.219953 ], [ -121.909199, 37.220178 ], [ -121.908348, 37.220938 ], [ -121.908183, 37.221194 ], [ -121.907951, 37.221404 ], [ -121.906866, 37.221987 ], [ -121.90667, 37.222188 ], [ -121.906573, 37.222326 ], [ -121.906298, 37.223062 ], [ -121.905768, 37.223804 ], [ -121.905542, 37.224378 ], [ -121.906795, 37.226453 ], [ -121.908443, 37.226075 ], [ -121.908756, 37.225845 ], [ -121.90904, 37.22549 ], [ -121.909522, 37.225296 ], [ -121.910173, 37.225211 ], [ -121.910422, 37.22511 ], [ -121.910516, 37.225031 ], [ -121.912855, 37.225321 ], [ -121.912871, 37.22669 ], [ -121.91129, 37.226709 ], [ -121.91129, 37.227533 ], [ -121.909732, 37.227555 ], [ -121.909723, 37.229049 ], [ -121.909579, 37.229056 ], [ -121.909752, 37.22922 ], [ -121.909756, 37.230586 ], [ -121.911195, 37.230549 ], [ -121.911221, 37.23631 ], [ -121.91488, 37.23622 ], [ -121.92181, 37.236195 ], [ -121.925111, 37.236147 ], [ -121.925109, 37.240095 ], [ -121.924319, 37.2401 ], [ -121.924306, 37.239847 ], [ -121.923326, 37.239834 ], [ -121.923334, 37.240217 ], [ -121.923202, 37.24022 ], [ -121.923224, 37.24262 ], [ -121.922666, 37.24263 ], [ -121.922654, 37.243488 ], [ -121.925161, 37.243474 ], [ -121.925124, 37.241155 ], [ -121.925493, 37.241154 ], [ -121.925605, 37.241145 ], [ -121.925655, 37.241092 ], [ -121.926065, 37.241082 ], [ -121.926531, 37.241081 ], [ -121.926569, 37.241151 ], [ -121.927543, 37.24114 ], [ -121.92754, 37.24265 ], [ -121.927614, 37.242651 ], [ -121.927624, 37.243451 ], [ -121.92848, 37.24341 ], [ -121.929681, 37.243441 ], [ -121.93055, 37.243423 ], [ -121.930539, 37.24241 ], [ -121.931188, 37.242402 ], [ -121.931241, 37.243419 ], [ -121.933807, 37.243417 ], [ -121.933806, 37.240164 ], [ -121.93464, 37.240166 ], [ -121.93463, 37.238005 ], [ -121.934597, 37.236874 ], [ -121.934565, 37.236883 ], [ -121.934558, 37.23615 ], [ -121.940256, 37.23612 ], [ -121.940332, 37.243395 ], [ -121.941067, 37.24334 ], [ -121.94298, 37.24333 ], [ -121.943545, 37.243354 ], [ -121.944701, 37.24333 ], [ -121.945628, 37.243395 ], [ -121.94623, 37.243588 ], [ -121.946466, 37.244529 ], [ -121.947093, 37.246703 ], [ -121.947807, 37.24671 ], [ -121.948142, 37.247878 ], [ -121.948984, 37.247703 ], [ -121.948718, 37.246722 ], [ -121.950034, 37.246505 ], [ -121.951807, 37.252966 ], [ -121.951923, 37.252979 ], [ -121.95224, 37.25317 ], [ -121.951925, 37.253608 ], [ -121.951968, 37.253842 ], [ -121.95117, 37.25482 ], [ -121.950677, 37.255373 ], [ -121.95065, 37.25536 ], [ -121.950171, 37.25598 ], [ -121.94808, 37.25849 ], [ -121.94652, 37.26028 ], [ -121.94516, 37.26173 ], [ -121.944715, 37.262114 ], [ -121.944008, 37.262889 ], [ -121.944921, 37.262872 ], [ -121.944934, 37.263585 ], [ -121.944001, 37.263597 ], [ -121.944006, 37.264288 ], [ -121.943952, 37.264249 ], [ -121.943254, 37.264999 ], [ -121.942858, 37.264753 ], [ -121.94285, 37.265166 ], [ -121.942678, 37.265164 ], [ -121.942682, 37.265727 ], [ -121.942231, 37.265737 ], [ -121.94196, 37.266034 ], [ -121.942154, 37.266198 ], [ -121.942183, 37.26646 ], [ -121.942257, 37.266513 ], [ -121.942309, 37.266458 ], [ -121.942351, 37.266583 ], [ -121.942424, 37.266636 ], [ -121.942796, 37.266568 ], [ -121.942918, 37.2669 ], [ -121.942472, 37.26707 ], [ -121.942229, 37.266883 ], [ -121.942046, 37.267039 ], [ -121.941874, 37.266908 ], [ -121.941318, 37.267369 ], [ -121.941262, 37.267498 ], [ -121.941309, 37.267612 ], [ -121.940908, 37.267904 ], [ -121.940917, 37.269015 ], [ -121.940566, 37.26902 ], [ -121.940634, 37.272452 ], [ -121.941031, 37.272453 ], [ -121.941076, 37.272399 ], [ -121.941283, 37.272402 ], [ -121.941344, 37.272454 ], [ -121.941351, 37.27261 ], [ -121.941285, 37.272669 ], [ -121.941089, 37.272666 ], [ -121.941035, 37.272622 ], [ -121.940703, 37.272616 ], [ -121.940711, 37.273209 ], [ -121.940054, 37.27323 ], [ -121.940056, 37.273013 ], [ -121.939191, 37.272999 ], [ -121.939202, 37.273089 ], [ -121.938755, 37.273082 ], [ -121.938777, 37.273544 ], [ -121.938344, 37.273556 ], [ -121.938334, 37.273229 ], [ -121.93789, 37.273226 ], [ -121.9379, 37.273566 ], [ -121.937927, 37.273566 ], [ -121.93794, 37.274515 ], [ -121.936585, 37.274515 ], [ -121.936204, 37.274598 ], [ -121.936197, 37.274182 ], [ -121.935759, 37.274177 ], [ -121.935759, 37.274298 ], [ -121.935377, 37.274301 ], [ -121.935393, 37.274661 ], [ -121.935279, 37.274658 ], [ -121.934307, 37.274094 ], [ -121.933831, 37.274667 ], [ -121.934263, 37.275687 ], [ -121.933732, 37.275829 ], [ -121.934255, 37.276997 ], [ -121.934781, 37.276851 ], [ -121.934998, 37.277367 ], [ -121.935365, 37.278445 ], [ -121.935747, 37.279294 ], [ -121.93581, 37.279868 ], [ -121.934748, 37.279871 ], [ -121.934744, 37.279754 ], [ -121.934338, 37.279744 ], [ -121.934142, 37.279604 ], [ -121.933911, 37.27989 ], [ -121.934457, 37.280147 ], [ -121.934461, 37.281378 ], [ -121.934147, 37.281384 ], [ -121.934174, 37.282392 ], [ -121.931679, 37.2824 ], [ -121.931657, 37.28201 ], [ -121.930818, 37.282018 ], [ -121.930821, 37.281409 ], [ -121.928868, 37.281432 ], [ -121.92886, 37.281569 ], [ -121.927914, 37.281572 ], [ -121.927925, 37.282029 ], [ -121.927047, 37.282033 ], [ -121.927038, 37.281922 ], [ -121.926403, 37.281937 ], [ -121.9264, 37.281573 ], [ -121.926314, 37.281572 ], [ -121.925988, 37.281385 ], [ -121.925139, 37.281399 ], [ -121.925136, 37.281243 ], [ -121.924732, 37.281244 ], [ -121.924733, 37.28121 ], [ -121.924337, 37.281205 ], [ -121.924333, 37.281374 ], [ -121.923544, 37.281419 ], [ -121.923536, 37.281716 ], [ -121.923495, 37.281809 ], [ -121.92325, 37.282084 ], [ -121.922455, 37.282627 ], [ -121.922498, 37.28492 ], [ -121.922544, 37.285413 ], [ -121.922597, 37.289862 ], [ -121.918046, 37.289882 ], [ -121.918074, 37.294401 ], [ -121.922656, 37.294373 ], [ -121.924388, 37.294411 ], [ -121.927692, 37.294382 ], [ -121.931686, 37.294397 ], [ -121.931674, 37.29803 ], [ -121.931866, 37.297941 ], [ -121.93367, 37.29628 ], [ -121.93598, 37.29422 ], [ -121.937427, 37.294241 ], [ -121.937836, 37.294547 ], [ -121.938738, 37.295713 ], [ -121.939492, 37.296619 ], [ -121.939876, 37.297336 ], [ -121.940213, 37.29812 ], [ -121.940401, 37.298857 ], [ -121.940452, 37.299148 ], [ -121.940488, 37.299743 ], [ -121.938102, 37.299749 ], [ -121.938159, 37.30202 ], [ -121.938126, 37.302086 ], [ -121.938113, 37.302417 ], [ -121.939288, 37.302399 ], [ -121.939465, 37.302428 ], [ -121.939836, 37.302426 ], [ -121.939847, 37.304493 ], [ -121.939824, 37.304546 ], [ -121.939851, 37.305208 ], [ -121.939921, 37.305229 ], [ -121.940597, 37.305111 ], [ -121.940753, 37.305129 ], [ -121.94074, 37.303322 ], [ -121.943158, 37.303309 ], [ -121.943176, 37.305203 ], [ -121.943966, 37.305203 ], [ -121.943964, 37.306988 ], [ -121.945491, 37.306993 ], [ -121.94544, 37.3052 ], [ -121.945409, 37.305197 ], [ -121.945385, 37.301637 ], [ -121.945356, 37.301543 ], [ -121.945306, 37.297947 ], [ -121.94472, 37.29794 ], [ -121.94473, 37.29753 ], [ -121.94456, 37.29743 ], [ -121.9445, 37.29561 ], [ -121.94451, 37.29547 ], [ -121.944622, 37.295376 ], [ -121.944625, 37.294992 ], [ -121.945217, 37.294987 ], [ -121.945212, 37.294922 ], [ -121.947608, 37.294937 ], [ -121.947634, 37.295749 ], [ -121.949921, 37.295747 ], [ -121.949919, 37.295628 ], [ -121.954441, 37.295628 ], [ -121.954441, 37.295569 ], [ -121.959019, 37.29553 ], [ -121.959017, 37.297856 ], [ -121.960937, 37.297845 ], [ -121.96134, 37.29789 ], [ -121.962602, 37.297882 ], [ -121.962643, 37.297789 ], [ -121.962856, 37.29766 ], [ -121.963064, 37.297603 ], [ -121.962967, 37.297403 ], [ -121.962993, 37.297347 ], [ -121.962416, 37.296187 ], [ -121.96234, 37.296124 ], [ -121.962292, 37.29603 ], [ -121.961798, 37.295949 ], [ -121.96139, 37.295933 ], [ -121.961341, 37.295866 ], [ -121.961289, 37.295535 ], [ -121.962943, 37.295495 ], [ -121.962917, 37.295677 ], [ -121.966213, 37.295671 ], [ -121.966223, 37.29544 ], [ -121.970857, 37.295365 ], [ -121.970768, 37.29319 ], [ -121.97067, 37.29318 ], [ -121.97065, 37.29163 ], [ -121.970732, 37.291641 ], [ -121.970718, 37.290803 ], [ -121.976151, 37.290714 ], [ -121.976598, 37.290779 ], [ -121.976599, 37.289826 ], [ -121.980273, 37.292518 ], [ -121.981645, 37.291322 ], [ -121.979815, 37.289983 ], [ -121.983454, 37.286841 ], [ -121.984115, 37.286238 ], [ -121.983107, 37.286049 ], [ -121.982943, 37.283453 ], [ -121.976631, 37.283601 ], [ -121.976624, 37.284361 ], [ -121.974028, 37.284477 ], [ -121.974164, 37.286094 ], [ -121.968199, 37.286343 ], [ -121.966722, 37.286658 ], [ -121.965825, 37.286701 ], [ -121.965786, 37.284175 ], [ -121.966465, 37.284166 ], [ -121.966468, 37.28194 ], [ -121.96477, 37.28194 ], [ -121.964704, 37.279835 ], [ -121.964727, 37.278836 ], [ -121.965131, 37.278697 ], [ -121.965323, 37.278556 ], [ -121.965535, 37.27829 ], [ -121.965904, 37.278114 ], [ -121.966588, 37.278028 ], [ -121.966979, 37.277941 ], [ -121.968929, 37.277253 ], [ -121.969441, 37.277321 ], [ -121.970482, 37.277294 ], [ -121.97132, 37.27734 ], [ -121.97166, 37.27739 ], [ -121.973257, 37.277351 ], [ -121.975138, 37.277424 ], [ -121.976321, 37.277365 ], [ -121.97666, 37.2772 ], [ -121.97673, 37.277887 ], [ -121.976604, 37.278371 ], [ -121.976863, 37.278454 ], [ -121.976984, 37.278538 ], [ -121.97721, 37.278902 ], [ -121.977277, 37.279143 ], [ -121.977849, 37.279034 ], [ -121.979788, 37.279004 ], [ -121.979683, 37.276498 ], [ -121.983033, 37.276406 ], [ -121.98292, 37.273431 ], [ -121.982671, 37.273477 ], [ -121.982118, 37.273694 ], [ -121.981229, 37.27119 ], [ -121.98138, 37.27119 ], [ -121.981589, 37.271123 ], [ -121.982402, 37.270966 ], [ -121.982353, 37.270797 ], [ -121.982374, 37.2708 ], [ -121.982152, 37.270208 ], [ -121.983296, 37.269985 ], [ -121.983331, 37.26988 ], [ -121.982601, 37.267808 ], [ -121.98211, 37.26788 ], [ -121.981782, 37.267021 ], [ -121.982252, 37.266927 ], [ -121.982296, 37.267075 ], [ -121.984465, 37.266628 ], [ -121.984492, 37.266588 ], [ -121.984962, 37.266509 ], [ -121.993661, 37.270491 ], [ -121.993892, 37.272903 ], [ -121.993984, 37.273372 ], [ -121.9941, 37.273749 ], [ -121.994218, 37.276053 ], [ -121.99427, 37.27608 ], [ -121.989497, 37.276231 ], [ -121.989525, 37.27682 ], [ -121.98948, 37.277 ], [ -121.98955, 37.27781 ], [ -121.989545, 37.278213 ], [ -121.989608, 37.278641 ], [ -121.989699, 37.280637 ], [ -121.994313, 37.280536 ], [ -121.994409, 37.283856 ], [ -121.994462, 37.284274 ], [ -121.994492, 37.284954 ], [ -121.994463, 37.287197 ], [ -121.994435, 37.287483 ], [ -121.995811, 37.287465 ], [ -121.996349, 37.28782 ], [ -121.995259, 37.288799 ], [ -121.996257, 37.288924 ], [ -121.995116, 37.29006 ], [ -121.996074, 37.290802 ], [ -121.995987, 37.291289 ], [ -121.994054, 37.29107 ], [ -121.993891, 37.291998 ], [ -122.003433, 37.293081 ], [ -122.003183, 37.293361 ], [ -122.002929, 37.293757 ], [ -122.002887, 37.293883 ], [ -122.002873, 37.294339 ], [ -122.00277, 37.294625 ], [ -122.002474, 37.29496 ], [ -122.001992, 37.295306 ], [ -122.001868, 37.295432 ], [ -122.001791, 37.295564 ], [ -122.003482, 37.296247 ], [ -122.00741, 37.296411 ], [ -122.00741, 37.29599 ], [ -122.00761, 37.29437 ], [ -122.007717, 37.294232 ], [ -122.00763, 37.29413 ], [ -122.0077, 37.29337 ], [ -122.007852, 37.293338 ], [ -122.0171, 37.293637 ], [ -122.022152, 37.293847 ], [ -122.022565, 37.293783 ], [ -122.025635, 37.293873 ], [ -122.028036, 37.293889 ], [ -122.028743, 37.293938 ], [ -122.029091, 37.294002 ], [ -122.031419, 37.294063 ], [ -122.031699, 37.294056 ], [ -122.032264, 37.293965 ], [ -122.032251, 37.298359 ], [ -122.032276, 37.299672 ], [ -122.032244, 37.302059 ], [ -122.032447, 37.302057 ], [ -122.03256, 37.301962 ], [ -122.032695, 37.301985 ], [ -122.032694, 37.301872 ], [ -122.033071, 37.301872 ], [ -122.033076, 37.302197 ], [ -122.035143, 37.303787 ], [ -122.034307, 37.303797 ], [ -122.034308, 37.304933 ], [ -122.033363, 37.304934 ], [ -122.033366, 37.306149 ], [ -122.033021, 37.30615 ], [ -122.033023, 37.307722 ], [ -122.032937, 37.307722 ], [ -122.032939, 37.308244 ], [ -122.033091, 37.308244 ], [ -122.033095, 37.309376 ], [ -122.033643, 37.309375 ], [ -122.033659, 37.309656 ], [ -122.034058, 37.309655 ], [ -122.034061, 37.309765 ], [ -122.034125, 37.309911 ], [ -122.034318, 37.310072 ], [ -122.034323, 37.312316 ], [ -122.03359, 37.312189 ], [ -122.032729, 37.312187 ], [ -122.032471, 37.312242 ], [ -122.032269, 37.312229 ], [ -122.032015, 37.312307 ], [ -122.03157, 37.312299 ], [ -122.022049, 37.30954 ], [ -122.02171, 37.3095 ], [ -122.02128, 37.30951 ], [ -122.02101, 37.30955 ], [ -122.01987, 37.30992 ], [ -122.01349, 37.31041 ], [ -122.0077, 37.31077 ], [ -121.996187, 37.309665 ], [ -121.99635, 37.309836 ], [ -121.996257, 37.30992 ], [ -121.996001, 37.310673 ], [ -121.995971, 37.310943 ], [ -121.995945, 37.311606 ], [ -121.995987, 37.312688 ], [ -121.99599, 37.314117 ], [ -121.995847, 37.315093 ], [ -121.995767, 37.316082 ], [ -121.99584, 37.32041 ], [ -121.996396, 37.320687 ], [ -121.999412, 37.320677 ], [ -121.999416, 37.321071 ], [ -121.999862, 37.321068 ], [ -121.999862, 37.321028 ], [ -122.000217, 37.320924 ], [ -122.00172, 37.320599 ], [ -122.002133, 37.320441 ], [ -122.002484, 37.320264 ], [ -122.0028, 37.320045 ], [ -122.002877, 37.320676 ], [ -122.002889, 37.321915 ], [ -122.003257, 37.321912 ], [ -122.003367, 37.321872 ], [ -122.003373, 37.323078 ], [ -121.97342, 37.32322 ], [ -121.96847, 37.32328 ], [ -121.95187, 37.32336 ], [ -121.94785, 37.32342 ], [ -121.94667, 37.323366 ], [ -121.946664, 37.325757 ], [ -121.950091, 37.325775 ], [ -121.950116, 37.326969 ], [ -121.956335, 37.326995 ], [ -121.956416, 37.327224 ], [ -121.956436, 37.32739 ], [ -121.956446, 37.329841 ], [ -121.95641, 37.3299 ], [ -121.953847, 37.32991 ], [ -121.953525, 37.329937 ], [ -121.953029, 37.329906 ], [ -121.953023, 37.328436 ], [ -121.950226, 37.328472 ], [ -121.95025, 37.32863 ], [ -121.950167, 37.328631 ], [ -121.95017, 37.329949 ], [ -121.95025, 37.3299 ], [ -121.95026, 37.33216 ], [ -121.95025, 37.33288 ], [ -121.950207, 37.333396 ], [ -121.950204, 37.333831 ], [ -121.95024, 37.33386 ], [ -121.950191, 37.334115 ], [ -121.950189, 37.337097 ], [ -121.95022, 37.33738 ], [ -121.95016, 37.338066 ], [ -121.943575, 37.338052 ], [ -121.94358, 37.33765 ], [ -121.941231, 37.33766 ], [ -121.940263, 37.337766 ], [ -121.93963, 37.33787 ], [ -121.93942, 37.33795 ], [ -121.935699, 37.337931 ], [ -121.935704, 37.337735 ], [ -121.935582, 37.337689 ], [ -121.93498, 37.337691 ], [ -121.934728, 37.338009 ], [ -121.93209, 37.337948 ], [ -121.932036, 37.342208 ], [ -121.932211, 37.342835 ], [ -121.931507, 37.344333 ], [ -121.931958, 37.344463 ], [ -121.931423, 37.345675 ], [ -121.931477, 37.345691 ], [ -121.93122, 37.346248 ], [ -121.93109, 37.346213 ], [ -121.92968, 37.34803 ], [ -121.930735, 37.348806 ], [ -121.932125, 37.349518 ], [ -121.932141, 37.353021 ], [ -121.932109, 37.356976 ], [ -121.931772, 37.357401 ], [ -121.939409, 37.364409 ], [ -121.939577, 37.364635 ], [ -121.939674, 37.364885 ], [ -121.939695, 37.365157 ], [ -121.939675, 37.365472 ], [ -121.939741, 37.365732 ], [ -121.939983, 37.366082 ], [ -121.940223, 37.366265 ], [ -121.940646, 37.366436 ], [ -121.94154, 37.36654 ], [ -121.941537, 37.366949 ], [ -121.941258, 37.368025 ], [ -121.941264, 37.36987 ], [ -121.94142, 37.37007 ], [ -121.94148, 37.37027 ], [ -121.9417, 37.37072 ], [ -121.941284, 37.370629 ], [ -121.936091, 37.365864 ], [ -121.935937, 37.366088 ], [ -121.937065, 37.370216 ], [ -121.938339, 37.372661 ], [ -121.93515, 37.372227 ], [ -121.935051, 37.372318 ], [ -121.935629, 37.372445 ], [ -121.942725, 37.373424 ], [ -121.94355, 37.373402 ], [ -121.945774, 37.373635 ], [ -121.946083, 37.37484 ], [ -121.946285, 37.375406 ], [ -121.946512, 37.375898 ], [ -121.94766, 37.37799 ], [ -121.94631, 37.37772 ], [ -121.94528, 37.37763 ], [ -121.94403, 37.37741 ], [ -121.943275, 37.377335 ], [ -121.94299, 37.377353 ], [ -121.943086, 37.377564 ], [ -121.942409, 37.378035 ], [ -121.941915, 37.378233 ], [ -121.94127, 37.378338 ], [ -121.941074, 37.378414 ], [ -121.940917, 37.378533 ], [ -121.940692, 37.378805 ], [ -121.938942, 37.380163 ], [ -121.938548, 37.380423 ], [ -121.938415, 37.380203 ], [ -121.937901, 37.380569 ], [ -121.93813, 37.381041 ], [ -121.938121, 37.381717 ], [ -121.937831, 37.382255 ], [ -121.936802, 37.383147 ], [ -121.936171, 37.383818 ], [ -121.935882, 37.384266 ], [ -121.935648, 37.38485 ], [ -121.935639, 37.38548 ], [ -121.935747, 37.385797 ], [ -121.935744, 37.386067 ], [ -121.936068, 37.387062 ], [ -121.936345, 37.38747 ], [ -121.937351, 37.3882 ], [ -121.938748, 37.389339 ], [ -121.939055, 37.389823 ], [ -121.939304, 37.390061 ], [ -121.93945, 37.390249 ], [ -121.939594, 37.390531 ], [ -121.939706, 37.391006 ], [ -121.939759, 37.391442 ], [ -121.939882, 37.393781 ], [ -121.939977, 37.394262 ], [ -121.940087, 37.394489 ], [ -121.940084, 37.394714 ], [ -121.941353, 37.396844 ], [ -121.941679, 37.397793 ], [ -121.941675, 37.398063 ], [ -121.941785, 37.39829 ], [ -121.941777, 37.39883 ], [ -121.941601, 37.399279 ], [ -121.941592, 37.399955 ], [ -121.941763, 37.400277 ], [ -121.942259, 37.400682 ], [ -121.942878, 37.400913 ], [ -121.943667, 37.40101 ], [ -121.9457, 37.401029 ], [ -121.946037, 37.401167 ], [ -121.94641, 37.401213 ], [ -121.94735, 37.401539 ], [ -121.947445, 37.40154 ], [ -121.947612, 37.401677 ], [ -121.947781, 37.401723 ], [ -121.948898, 37.402635 ], [ -121.950128, 37.403546 ], [ -121.95125, 37.404142 ], [ -121.952143, 37.404871 ], [ -121.952643, 37.405506 ], [ -121.952806, 37.405958 ], [ -121.953083, 37.406367 ], [ -121.953529, 37.406822 ], [ -121.954423, 37.407506 ], [ -121.955039, 37.407872 ], [ -121.956218, 37.408423 ], [ -121.956331, 37.408424 ], [ -121.957679, 37.408977 ], [ -121.958917, 37.409348 ], [ -121.959816, 37.409717 ], [ -121.960654, 37.410165 ], [ -121.961567, 37.410937 ], [ -121.962445, 37.411977 ], [ -121.967558, 37.417807 ], [ -121.967833, 37.418395 ], [ -121.967972, 37.418921 ], [ -121.968023, 37.419005 ], [ -121.968995, 37.418951 ], [ -121.970113, 37.418807 ], [ -121.97065, 37.418673 ], [ -121.971444, 37.418416 ], [ -121.973317, 37.417663 ], [ -121.97414, 37.41728 ], [ -121.985, 37.41271 ], [ -121.98632, 37.412231 ], [ -121.986374, 37.413258 ], [ -121.98637, 37.417529 ], [ -121.988241, 37.417554 ], [ -121.988232, 37.417674 ], [ -121.996151, 37.41767 ], [ -121.996671, 37.41804 ], [ -122.012282, 37.426094 ], [ -122.043831, 37.442226 ], [ -122.045572, 37.443239 ], [ -122.045672, 37.449025 ] ], [ [ -121.940438, 37.256307 ], [ -121.940435, 37.256067 ], [ -121.931083, 37.256128 ], [ -121.931058, 37.255071 ], [ -121.931138, 37.253631 ], [ -121.931107, 37.251427 ], [ -121.9312, 37.249667 ], [ -121.931163, 37.249239 ], [ -121.926758, 37.249276 ], [ -121.926766, 37.250863 ], [ -121.91867, 37.250929 ], [ -121.917766, 37.250914 ], [ -121.917772, 37.254429 ], [ -121.922246, 37.254397 ], [ -121.922257, 37.254816 ], [ -121.923471, 37.254813 ], [ -121.923484, 37.255808 ], [ -121.922844, 37.256142 ], [ -121.922263, 37.256147 ], [ -121.922298, 37.259416 ], [ -121.921976, 37.259429 ], [ -121.922218, 37.259915 ], [ -121.922298, 37.260237 ], [ -121.922321, 37.261749 ], [ -121.923146, 37.261745 ], [ -121.923157, 37.261103 ], [ -121.924003, 37.261105 ], [ -121.924776, 37.260989 ], [ -121.924912, 37.260883 ], [ -121.925462, 37.261128 ], [ -121.925378, 37.261291 ], [ -121.925343, 37.26144 ], [ -121.925342, 37.261743 ], [ -121.925904, 37.261743 ], [ -121.925898, 37.261293 ], [ -121.926548, 37.261046 ], [ -121.926674, 37.261055 ], [ -121.926683, 37.261336 ], [ -121.927451, 37.261332 ], [ -121.927543, 37.260667 ], [ -121.926869, 37.260504 ], [ -121.926984, 37.260221 ], [ -121.92765, 37.260412 ], [ -121.927751, 37.260221 ], [ -121.928004, 37.259877 ], [ -121.928593, 37.259329 ], [ -121.929103, 37.259724 ], [ -121.929906, 37.259036 ], [ -121.930417, 37.258407 ], [ -121.931298, 37.258408 ], [ -121.931333, 37.258604 ], [ -121.931343, 37.259295 ], [ -121.931954, 37.259295 ], [ -121.931961, 37.259801 ], [ -121.932423, 37.2598 ], [ -121.932435, 37.260266 ], [ -121.933001, 37.260262 ], [ -121.933013, 37.260979 ], [ -121.934011, 37.261034 ], [ -121.934018, 37.261871 ], [ -121.934864, 37.262066 ], [ -121.935761, 37.262387 ], [ -121.936333, 37.262666 ], [ -121.936893, 37.262991 ], [ -121.937627, 37.263502 ], [ -121.937608, 37.260157 ], [ -121.940293, 37.260147 ], [ -121.940375, 37.260093 ], [ -121.940333, 37.256306 ], [ -121.940438, 37.256307 ] ], [ [ -121.940046, 37.260652 ], [ -121.940042, 37.260445 ], [ -121.93994, 37.260435 ], [ -121.939939, 37.260344 ], [ -121.93989, 37.260313 ], [ -121.939325, 37.260312 ], [ -121.939278, 37.260659 ], [ -121.940046, 37.260652 ] ], [ [ -121.939784, 37.308781 ], [ -121.939676, 37.308783 ], [ -121.939663, 37.305614 ], [ -121.939439, 37.305611 ], [ -121.939436, 37.305209 ], [ -121.937145, 37.305206 ], [ -121.937179, 37.307577 ], [ -121.936406, 37.307569 ], [ -121.936405, 37.307819 ], [ -121.932216, 37.307831 ], [ -121.932213, 37.308835 ], [ -121.932422, 37.308841 ], [ -121.932413, 37.309336 ], [ -121.932448, 37.309336 ], [ -121.932447, 37.30961 ], [ -121.931782, 37.309608 ], [ -121.931837, 37.316177 ], [ -121.931289, 37.316241 ], [ -121.92943, 37.31633 ], [ -121.925425, 37.316369 ], [ -121.925425, 37.319646 ], [ -121.925246, 37.319594 ], [ -121.924896, 37.319581 ], [ -121.923904, 37.319606 ], [ -121.923912, 37.320562 ], [ -121.923282, 37.320562 ], [ -121.92328, 37.320305 ], [ -121.923743, 37.3203 ], [ -121.923743, 37.319646 ], [ -121.922181, 37.319667 ], [ -121.922208, 37.322918 ], [ -121.922757, 37.322917 ], [ -121.922757, 37.323032 ], [ -121.923302, 37.323035 ], [ -121.923298, 37.32291 ], [ -121.923929, 37.322901 ], [ -121.923922, 37.323014 ], [ -121.924382, 37.323009 ], [ -121.924379, 37.323288 ], [ -121.925912, 37.323286 ], [ -121.925908, 37.32294 ], [ -121.926338, 37.32294 ], [ -121.926331, 37.323072 ], [ -121.926766, 37.323065 ], [ -121.926771, 37.323282 ], [ -121.928061, 37.323277 ], [ -121.928053, 37.322939 ], [ -121.928408, 37.322944 ], [ -121.928408, 37.323265 ], [ -121.930199, 37.323285 ], [ -121.930202, 37.322945 ], [ -121.931061, 37.322947 ], [ -121.931059, 37.322711 ], [ -121.931484, 37.322711 ], [ -121.931471, 37.322818 ], [ -121.931904, 37.322817 ], [ -121.931887, 37.32217 ], [ -121.930635, 37.322174 ], [ -121.93062, 37.321942 ], [ -121.931053, 37.321941 ], [ -121.931051, 37.321665 ], [ -121.931715, 37.321665 ], [ -121.931882, 37.321666 ], [ -121.931886, 37.322107 ], [ -121.932543, 37.322107 ], [ -121.932802, 37.322194 ], [ -121.93326, 37.322544 ], [ -121.933408, 37.32281 ], [ -121.933418, 37.322975 ], [ -121.933767, 37.322985 ], [ -121.933963, 37.322944 ], [ -121.93825, 37.322921 ], [ -121.938247, 37.322625 ], [ -121.93842, 37.322632 ], [ -121.93865, 37.322789 ], [ -121.939703, 37.321972 ], [ -121.939767, 37.321817 ], [ -121.93972, 37.321178 ], [ -121.93937, 37.319907 ], [ -121.939233, 37.319656 ], [ -121.939225, 37.319276 ], [ -121.939175, 37.319204 ], [ -121.939108, 37.319175 ], [ -121.939091, 37.319088 ], [ -121.939146, 37.319073 ], [ -121.939165, 37.319027 ], [ -121.938646, 37.31838 ], [ -121.938014, 37.31839 ], [ -121.937917, 37.318424 ], [ -121.937741, 37.318289 ], [ -121.937513, 37.31818 ], [ -121.936755, 37.318007 ], [ -121.934735, 37.317923 ], [ -121.933803, 37.317826 ], [ -121.932431, 37.31762 ], [ -121.932441, 37.317839 ], [ -121.931853, 37.317829 ], [ -121.931838, 37.316523 ], [ -121.932417, 37.316632 ], [ -121.932402, 37.316122 ], [ -121.933484, 37.316117 ], [ -121.933475, 37.316521 ], [ -121.932938, 37.316528 ], [ -121.932947, 37.316833 ], [ -121.932995, 37.316891 ], [ -121.934508, 37.316885 ], [ -121.934718, 37.316851 ], [ -121.934714, 37.31696 ], [ -121.936278, 37.31699 ], [ -121.93833, 37.316981 ], [ -121.938508, 37.316933 ], [ -121.93864, 37.316838 ], [ -121.938719, 37.31667 ], [ -121.938714, 37.316175 ], [ -121.938747, 37.315998 ], [ -121.938677, 37.310836 ], [ -121.93878, 37.31057 ], [ -121.938998, 37.310332 ], [ -121.939075, 37.310057 ], [ -121.939781, 37.310034 ], [ -121.939784, 37.308781 ] ], [ [ -121.934801, 37.32532 ], [ -121.934781, 37.324238 ], [ -121.934336, 37.324241 ], [ -121.93434, 37.324654 ], [ -121.93418, 37.324655 ], [ -121.93417, 37.324244 ], [ -121.934324, 37.324242 ], [ -121.934324, 37.323842 ], [ -121.934475, 37.323841 ], [ -121.934476, 37.323372 ], [ -121.933588, 37.323385 ], [ -121.933554, 37.324248 ], [ -121.93195, 37.324261 ], [ -121.931954, 37.324542 ], [ -121.932107, 37.324541 ], [ -121.932108, 37.324681 ], [ -121.932362, 37.324681 ], [ -121.932361, 37.324601 ], [ -121.932514, 37.324598 ], [ -121.932515, 37.325004 ], [ -121.93196, 37.325008 ], [ -121.93196, 37.325062 ], [ -121.931808, 37.325059 ], [ -121.931806, 37.32498 ], [ -121.931433, 37.324977 ], [ -121.931416, 37.323864 ], [ -121.9309, 37.323867 ], [ -121.930904, 37.323395 ], [ -121.929869, 37.323401 ], [ -121.929868, 37.323536 ], [ -121.929492, 37.323536 ], [ -121.929497, 37.32388 ], [ -121.929355, 37.323879 ], [ -121.92936, 37.324261 ], [ -121.92884, 37.324268 ], [ -121.928838, 37.32413 ], [ -121.927809, 37.324142 ], [ -121.927807, 37.324012 ], [ -121.927292, 37.324019 ], [ -121.927291, 37.323898 ], [ -121.926774, 37.323899 ], [ -121.926772, 37.323415 ], [ -121.925855, 37.32342 ], [ -121.925876, 37.325096 ], [ -121.92559, 37.325331 ], [ -121.926791, 37.325325 ], [ -121.926795, 37.325517 ], [ -121.927305, 37.325517 ], [ -121.9273, 37.325636 ], [ -121.926796, 37.32564 ], [ -121.926803, 37.326252 ], [ -121.927315, 37.326258 ], [ -121.92731, 37.326379 ], [ -121.926806, 37.32638 ], [ -121.926809, 37.326876 ], [ -121.926893, 37.326946 ], [ -121.930426, 37.326925 ], [ -121.930416, 37.326618 ], [ -121.930931, 37.326616 ], [ -121.930932, 37.326917 ], [ -121.93145, 37.326917 ], [ -121.931449, 37.326613 ], [ -121.931979, 37.326603 ], [ -121.931978, 37.326482 ], [ -121.931446, 37.32648 ], [ -121.931444, 37.326356 ], [ -121.931977, 37.326353 ], [ -121.931977, 37.326308 ], [ -121.931974, 37.326107 ], [ -121.931439, 37.32611 ], [ -121.931439, 37.325984 ], [ -121.931973, 37.325986 ], [ -121.93197, 37.325609 ], [ -121.931443, 37.325612 ], [ -121.931443, 37.325475 ], [ -121.931967, 37.325462 ], [ -121.931963, 37.325347 ], [ -121.932122, 37.325336 ], [ -121.932121, 37.325206 ], [ -121.932373, 37.325204 ], [ -121.932375, 37.325318 ], [ -121.934801, 37.32532 ] ], [ [ -121.873477, 37.395303 ], [ -121.872575, 37.39453 ], [ -121.872016, 37.394421 ], [ -121.87106, 37.393069 ], [ -121.87083, 37.393205 ], [ -121.870772, 37.393281 ], [ -121.870374, 37.393503 ], [ -121.869179, 37.394364 ], [ -121.871914, 37.396367 ], [ -121.873477, 37.395303 ] ], [ [ -121.870698, 37.289888 ], [ -121.870386, 37.289857 ], [ -121.869377, 37.290533 ], [ -121.868695, 37.289863 ], [ -121.868671, 37.289943 ], [ -121.868394, 37.289879 ], [ -121.868453, 37.289609 ], [ -121.868397, 37.289454 ], [ -121.867782, 37.288861 ], [ -121.867323, 37.289208 ], [ -121.86825, 37.29012 ], [ -121.869101, 37.291038 ], [ -121.869929, 37.291863 ], [ -121.870666, 37.291401 ], [ -121.870042, 37.291272 ], [ -121.870698, 37.289888 ] ], [ [ -121.870284, 37.23714 ], [ -121.869896, 37.235841 ], [ -121.869785, 37.235653 ], [ -121.869615, 37.235503 ], [ -121.868945, 37.235125 ], [ -121.868578, 37.234963 ], [ -121.867966, 37.234811 ], [ -121.865725, 37.234561 ], [ -121.864827, 37.234333 ], [ -121.864536, 37.234336 ], [ -121.864252, 37.234393 ], [ -121.863197, 37.234752 ], [ -121.863207, 37.234381 ], [ -121.863144, 37.233499 ], [ -121.863448, 37.233242 ], [ -121.86401, 37.233024 ], [ -121.866143, 37.232568 ], [ -121.867651, 37.232401 ], [ -121.868367, 37.232043 ], [ -121.868541, 37.232061 ], [ -121.869035, 37.232312 ], [ -121.86894, 37.232153 ], [ -121.868742, 37.231963 ], [ -121.868497, 37.231831 ], [ -121.867095, 37.231234 ], [ -121.866585, 37.230771 ], [ -121.866249, 37.230574 ], [ -121.865895, 37.230461 ], [ -121.86524, 37.230145 ], [ -121.86453, 37.22966 ], [ -121.863936, 37.22936 ], [ -121.86339, 37.229157 ], [ -121.86257, 37.228959 ], [ -121.862068, 37.228975 ], [ -121.861537, 37.228912 ], [ -121.861078, 37.228733 ], [ -121.86023, 37.228319 ], [ -121.860092, 37.228287 ], [ -121.859414, 37.22837 ], [ -121.85815, 37.228835 ], [ -121.856947, 37.229006 ], [ -121.855866, 37.229083 ], [ -121.856649, 37.235172 ], [ -121.855925, 37.236984 ], [ -121.856405, 37.237174 ], [ -121.856919, 37.237163 ], [ -121.857126, 37.237231 ], [ -121.857724, 37.237318 ], [ -121.858103, 37.2376 ], [ -121.858682, 37.2376 ], [ -121.858924, 37.23764 ], [ -121.860576, 37.238196 ], [ -121.860896, 37.238437 ], [ -121.861027, 37.238722 ], [ -121.861935, 37.23887 ], [ -121.862343, 37.23931 ], [ -121.863134, 37.237333 ], [ -121.863781, 37.237521 ], [ -121.865636, 37.237514 ], [ -121.865864, 37.237467 ], [ -121.869997, 37.237349 ], [ -121.870284, 37.23714 ] ], [ [ -121.867401, 37.286979 ], [ -121.866969, 37.28727 ], [ -121.866491, 37.286881 ], [ -121.86559, 37.286482 ], [ -121.864314, 37.286506 ], [ -121.865283, 37.287223 ], [ -121.863882, 37.288298 ], [ -121.864919, 37.289147 ], [ -121.867359, 37.28727 ], [ -121.867401, 37.286979 ] ], [ [ -121.857671, 37.301118 ], [ -121.856225, 37.299412 ], [ -121.856608, 37.298844 ], [ -121.85623, 37.298401 ], [ -121.854348, 37.296535 ], [ -121.853043, 37.297231 ], [ -121.85132, 37.295478 ], [ -121.850135, 37.296272 ], [ -121.849803, 37.296463 ], [ -121.845305, 37.299551 ], [ -121.846912, 37.301198 ], [ -121.846314, 37.301625 ], [ -121.848444, 37.303799 ], [ -121.850573, 37.302295 ], [ -121.852777, 37.304512 ], [ -121.853818, 37.303873 ], [ -121.854408, 37.303648 ], [ -121.854241, 37.303427 ], [ -121.854948, 37.302993 ], [ -121.857671, 37.301118 ] ], [ [ -121.855522, 37.418885 ], [ -121.854145, 37.417013 ], [ -121.853527, 37.416661 ], [ -121.85329, 37.416489 ], [ -121.853057, 37.416233 ], [ -121.852459, 37.415374 ], [ -121.851732, 37.415193 ], [ -121.851044, 37.415342 ], [ -121.850775, 37.415292 ], [ -121.85041, 37.415117 ], [ -121.849879, 37.414968 ], [ -121.849005, 37.415013 ], [ -121.848846, 37.414958 ], [ -121.848378, 37.414881 ], [ -121.848232, 37.414748 ], [ -121.848072, 37.414799 ], [ -121.847904, 37.414685 ], [ -121.84719, 37.414637 ], [ -121.846384, 37.414677 ], [ -121.846111, 37.414901 ], [ -121.845511, 37.414918 ], [ -121.845192, 37.415184 ], [ -121.844893, 37.41519 ], [ -121.844323, 37.415404 ], [ -121.842979, 37.413351 ], [ -121.842904, 37.413502 ], [ -121.842921, 37.413811 ], [ -121.843279, 37.414463 ], [ -121.843386, 37.414846 ], [ -121.843381, 37.415207 ], [ -121.843267, 37.415321 ], [ -121.843145, 37.415353 ], [ -121.843221, 37.41564 ], [ -121.843026, 37.415647 ], [ -121.842808, 37.415511 ], [ -121.842715, 37.415517 ], [ -121.842451, 37.415653 ], [ -121.842261, 37.415814 ], [ -121.841676, 37.415871 ], [ -121.841434, 37.415842 ], [ -121.841196, 37.415964 ], [ -121.84142, 37.416476 ], [ -121.841741, 37.418755 ], [ -121.841834, 37.418872 ], [ -121.842278, 37.419064 ], [ -121.842722, 37.419123 ], [ -121.843273, 37.419494 ], [ -121.843482, 37.419404 ], [ -121.84364, 37.419382 ], [ -121.843911, 37.41942 ], [ -121.843973, 37.41977 ], [ -121.844096, 37.419759 ], [ -121.84417, 37.419516 ], [ -121.844295, 37.419404 ], [ -121.844812, 37.419332 ], [ -121.845037, 37.419452 ], [ -121.845113, 37.419655 ], [ -121.84531, 37.419736 ], [ -121.845515, 37.419689 ], [ -121.845771, 37.419444 ], [ -121.84628, 37.419353 ], [ -121.84639, 37.418979 ], [ -121.846686, 37.419125 ], [ -121.84702, 37.419214 ], [ -121.847346, 37.419391 ], [ -121.847236, 37.420301 ], [ -121.848036, 37.420044 ], [ -121.84828, 37.419927 ], [ -121.848621, 37.420122 ], [ -121.849737, 37.420342 ], [ -121.849958, 37.420451 ], [ -121.849992, 37.420517 ], [ -121.850027, 37.420677 ], [ -121.849972, 37.420875 ], [ -121.849999, 37.421056 ], [ -121.850199, 37.421276 ], [ -121.850578, 37.421572 ], [ -121.855522, 37.418885 ] ], [ [ -121.84846, 37.287556 ], [ -121.845482, 37.286379 ], [ -121.844639, 37.285216 ], [ -121.844472, 37.28512 ], [ -121.844537, 37.285054 ], [ -121.844588, 37.284888 ], [ -121.844573, 37.284533 ], [ -121.844597, 37.284299 ], [ -121.84467, 37.284002 ], [ -121.844782, 37.283753 ], [ -121.84493, 37.283523 ], [ -121.845261, 37.283266 ], [ -121.84611, 37.282728 ], [ -121.844385, 37.280954 ], [ -121.843397, 37.281552 ], [ -121.843013, 37.2822 ], [ -121.844428, 37.283611 ], [ -121.844212, 37.284167 ], [ -121.844186, 37.284403 ], [ -121.844196, 37.285262 ], [ -121.843446, 37.285785 ], [ -121.843599, 37.285925 ], [ -121.843704, 37.285847 ], [ -121.844023, 37.286081 ], [ -121.844931, 37.286605 ], [ -121.844584, 37.286825 ], [ -121.845266, 37.287454 ], [ -121.845867, 37.287055 ], [ -121.846551, 37.287341 ], [ -121.84832, 37.287945 ], [ -121.848347, 37.28788 ], [ -121.848503, 37.287934 ], [ -121.84846, 37.287556 ] ], [ [ -121.846529, 37.411207 ], [ -121.84579, 37.410362 ], [ -121.845622, 37.409827 ], [ -121.84417, 37.409728 ], [ -121.843841, 37.409613 ], [ -121.843536, 37.409949 ], [ -121.842527, 37.409949 ], [ -121.841136, 37.410232 ], [ -121.840976, 37.410232 ], [ -121.842958, 37.413316 ], [ -121.843421, 37.413146 ], [ -121.845575, 37.412674 ], [ -121.845885, 37.412645 ], [ -121.845793, 37.412553 ], [ -121.845732, 37.412415 ], [ -121.845624, 37.411728 ], [ -121.84565, 37.411569 ], [ -121.84576, 37.41143 ], [ -121.8459, 37.41134 ], [ -121.846529, 37.411207 ] ], [ [ -121.841364, 37.40541 ], [ -121.840889, 37.405613 ], [ -121.840216, 37.404712 ], [ -121.840044, 37.404424 ], [ -121.83924, 37.403314 ], [ -121.840133, 37.402909 ], [ -121.838728, 37.400932 ], [ -121.833019, 37.40355 ], [ -121.833294, 37.403963 ], [ -121.832908, 37.404152 ], [ -121.833135, 37.404461 ], [ -121.83323, 37.404496 ], [ -121.833264, 37.404599 ], [ -121.833324, 37.40462 ], [ -121.833918, 37.405509 ], [ -121.834213, 37.405429 ], [ -121.834351, 37.405341 ], [ -121.834543, 37.405082 ], [ -121.835167, 37.404669 ], [ -121.835887, 37.404615 ], [ -121.836252, 37.404466 ], [ -121.836395, 37.404511 ], [ -121.836174, 37.404823 ], [ -121.836287, 37.405274 ], [ -121.838106, 37.404949 ], [ -121.83865, 37.405545 ], [ -121.838105, 37.405714 ], [ -121.83623, 37.405953 ], [ -121.835585, 37.405974 ], [ -121.835925, 37.406696 ], [ -121.835873, 37.406906 ], [ -121.836022, 37.406953 ], [ -121.836205, 37.407364 ], [ -121.836639, 37.407515 ], [ -121.837055, 37.407496 ], [ -121.837846, 37.407582 ], [ -121.838021, 37.407559 ], [ -121.838189, 37.40747 ], [ -121.839341, 37.40835 ], [ -121.840159, 37.408377 ], [ -121.839431, 37.406869 ], [ -121.841714, 37.405826 ], [ -121.841364, 37.40541 ] ], [ [ -121.83553, 37.406847 ], [ -121.834946, 37.406684 ], [ -121.834508, 37.407276 ], [ -121.835083, 37.407434 ], [ -121.835063, 37.40748 ], [ -121.835585, 37.4071 ], [ -121.83553, 37.406847 ] ], [ [ -121.819296, 37.288934 ], [ -121.81913, 37.288609 ], [ -121.81864, 37.287975 ], [ -121.815311, 37.288068 ], [ -121.814048, 37.28779 ], [ -121.813085, 37.287508 ], [ -121.81295, 37.286354 ], [ -121.813228, 37.285589 ], [ -121.813189, 37.284962 ], [ -121.813433, 37.284559 ], [ -121.813722, 37.283878 ], [ -121.814202, 37.282474 ], [ -121.814179, 37.282358 ], [ -121.813797, 37.281813 ], [ -121.813642, 37.281453 ], [ -121.813392, 37.280587 ], [ -121.813082, 37.279955 ], [ -121.812807, 37.279521 ], [ -121.812539, 37.278972 ], [ -121.812422, 37.27884 ], [ -121.81225, 37.278714 ], [ -121.812092, 37.278642 ], [ -121.811755, 37.278571 ], [ -121.810483, 37.278389 ], [ -121.809548, 37.278488 ], [ -121.809028, 37.278598 ], [ -121.808223, 37.27835 ], [ -121.807508, 37.278275 ], [ -121.807188, 37.278179 ], [ -121.806101, 37.277655 ], [ -121.806021, 37.277469 ], [ -121.80599, 37.277214 ], [ -121.804995, 37.276895 ], [ -121.804512, 37.276708 ], [ -121.803006, 37.275915 ], [ -121.802753, 37.275819 ], [ -121.802298, 37.275705 ], [ -121.800443, 37.275444 ], [ -121.800158, 37.276534 ], [ -121.800232, 37.277962 ], [ -121.800266, 37.278022 ], [ -121.802021, 37.278996 ], [ -121.802434, 37.278675 ], [ -121.803763, 37.279737 ], [ -121.804589, 37.28035 ], [ -121.804598, 37.280668 ], [ -121.804713, 37.280749 ], [ -121.805138, 37.280983 ], [ -121.806708, 37.281621 ], [ -121.80659, 37.281757 ], [ -121.806598, 37.281838 ], [ -121.806662, 37.281892 ], [ -121.807382, 37.28201 ], [ -121.807829, 37.282201 ], [ -121.808206, 37.282509 ], [ -121.808396, 37.282785 ], [ -121.808957, 37.284614 ], [ -121.809134, 37.287885 ], [ -121.809172, 37.288384 ], [ -121.809213, 37.288509 ], [ -121.809276, 37.289566 ], [ -121.809259, 37.28983 ], [ -121.808084, 37.290062 ], [ -121.808691, 37.291344 ], [ -121.809045, 37.291273 ], [ -121.809276, 37.290351 ], [ -121.810032, 37.290297 ], [ -121.810078, 37.29038 ], [ -121.810175, 37.290448 ], [ -121.811774, 37.289316 ], [ -121.812208, 37.289448 ], [ -121.812922, 37.289467 ], [ -121.813507, 37.289582 ], [ -121.813604, 37.289567 ], [ -121.813938, 37.289285 ], [ -121.81404, 37.289102 ], [ -121.814204, 37.288902 ], [ -121.814398, 37.288749 ], [ -121.814547, 37.28868 ], [ -121.815062, 37.288636 ], [ -121.816261, 37.288755 ], [ -121.817447, 37.289412 ], [ -121.817888, 37.289697 ], [ -121.818264, 37.290215 ], [ -121.818886, 37.290885 ], [ -121.818987, 37.28963 ], [ -121.819296, 37.288934 ] ], [ [ -121.804821, 37.340625 ], [ -121.80086, 37.336019 ], [ -121.79476, 37.337138 ], [ -121.798562, 37.341439 ], [ -121.795162, 37.342639 ], [ -121.797307, 37.344052 ], [ -121.797744, 37.3438 ], [ -121.797999, 37.344042 ], [ -121.798218, 37.343924 ], [ -121.798358, 37.344021 ], [ -121.803795, 37.341196 ], [ -121.804821, 37.340625 ] ], [ [ -121.758069, 37.21774 ], [ -121.753081, 37.215297 ], [ -121.751383, 37.214254 ], [ -121.750822, 37.213855 ], [ -121.749025, 37.214294 ], [ -121.747617, 37.214745 ], [ -121.74741, 37.21434 ], [ -121.745657, 37.216258 ], [ -121.744829, 37.216996 ], [ -121.745038, 37.217329 ], [ -121.746197, 37.218036 ], [ -121.746554, 37.218325 ], [ -121.746748, 37.218811 ], [ -121.746788, 37.219478 ], [ -121.747283, 37.219834 ], [ -121.747696, 37.220437 ], [ -121.747773, 37.220887 ], [ -121.747716, 37.221043 ], [ -121.746212, 37.22198 ], [ -121.746942, 37.222715 ], [ -121.747926, 37.223615 ], [ -121.748912, 37.22443 ], [ -121.75106, 37.224644 ], [ -121.751543, 37.226362 ], [ -121.758069, 37.21774 ] ], [ [ -121.742321, 37.218117 ], [ -121.741161, 37.217036 ], [ -121.738273, 37.214664 ], [ -121.736963, 37.215621 ], [ -121.737697, 37.216276 ], [ -121.737847, 37.216165 ], [ -121.739102, 37.217266 ], [ -121.739221, 37.217305 ], [ -121.739855, 37.217845 ], [ -121.740038, 37.217721 ], [ -121.740177, 37.217841 ], [ -121.740562, 37.217519 ], [ -121.741892, 37.217981 ], [ -121.742193, 37.218196 ], [ -121.742321, 37.218117 ] ], [ [ -121.709963, 37.188057 ], [ -121.708262, 37.186411 ], [ -121.707815, 37.186715 ], [ -121.707546, 37.186829 ], [ -121.706193, 37.185536 ], [ -121.705239, 37.186165 ], [ -121.704701, 37.185698 ], [ -121.704096, 37.186047 ], [ -121.702988, 37.185391 ], [ -121.702025, 37.184274 ], [ -121.701889, 37.183737 ], [ -121.702805, 37.183179 ], [ -121.7022, 37.182555 ], [ -121.703451, 37.181748 ], [ -121.691091, 37.169625 ], [ -121.685066, 37.17299 ], [ -121.684242, 37.173638 ], [ -121.680183, 37.17631 ], [ -121.678324, 37.177582 ], [ -121.679258, 37.178404 ], [ -121.680827, 37.180047 ], [ -121.682898, 37.182523 ], [ -121.684624, 37.184413 ], [ -121.685307, 37.185079 ], [ -121.685722, 37.185535 ], [ -121.686291, 37.186006 ], [ -121.688138, 37.187359 ], [ -121.688944, 37.188009 ], [ -121.691007, 37.186658 ], [ -121.695524, 37.187881 ], [ -121.696088, 37.187473 ], [ -121.697052, 37.187416 ], [ -121.697214, 37.188134 ], [ -121.69748, 37.187669 ], [ -121.700022, 37.188792 ], [ -121.70024, 37.189051 ], [ -121.705469, 37.190373 ], [ -121.706101, 37.19061 ], [ -121.706857, 37.190774 ], [ -121.707523, 37.191062 ], [ -121.708729, 37.190171 ], [ -121.707827, 37.189474 ], [ -121.707467, 37.189103 ], [ -121.708505, 37.188418 ], [ -121.709026, 37.188923 ], [ -121.709421, 37.18866 ], [ -121.709302, 37.188526 ], [ -121.709963, 37.188057 ] ], [ [ -121.707877, 37.192099 ], [ -121.707228, 37.19169 ], [ -121.70704, 37.191842 ], [ -121.707623, 37.192413 ], [ -121.707802, 37.192295 ], [ -121.707877, 37.192099 ] ] ] ] } },
{ "type": "Feature", "properties": { "place": "Hollister", "place_kind": "city", "county": "Santa Cruz" }, "geometry": { "type": "MultiPolygon", "coordinates": [ [ [ [ -121.434806, 36.849843 ], [ -121.433861, 36.850048 ], [ -121.433074, 36.850318 ], [ -121.432676, 36.850497 ], [ -121.432412, 36.850302 ], [ -121.429844, 36.848688 ], [ -121.428796, 36.84872 ], [ -121.431818, 36.850581 ], [ -121.43206, 36.850802 ], [ -121.431394, 36.851127 ], [ -121.431447, 36.851148 ], [ -121.431295, 36.851224 ], [ -121.432238, 36.851589 ], [ -121.430424, 36.852053 ], [ -121.430415, 36.8524 ], [ -121.430309, 36.852401 ], [ -121.430228, 36.855505 ], [ -121.431596, 36.855568 ], [ -121.431578, 36.856248 ], [ -121.431643, 36.857851 ], [ -121.424056, 36.85753 ], [ -121.423884, 36.860729 ], [ -121.420602, 36.860626 ], [ -121.420631, 36.860587 ], [ -121.420764, 36.8574 ], [ -121.416749, 36.857232 ], [ -121.416567, 36.860486 ], [ -121.415442, 36.86044 ], [ -121.415665, 36.857185 ], [ -121.412974, 36.857075 ], [ -121.412932, 36.858216 ], [ -121.412378, 36.8582 ], [ -121.411016, 36.858139 ], [ -121.411092, 36.857002 ], [ -121.409717, 36.856947 ], [ -121.409608, 36.856915 ], [ -121.40944, 36.859129 ], [ -121.409497, 36.8594 ], [ -121.409724, 36.859841 ], [ -121.410426, 36.86061 ], [ -121.410848, 36.86126 ], [ -121.411665, 36.863476 ], [ -121.407039, 36.863272 ], [ -121.405776, 36.861472 ], [ -121.405006, 36.86015 ], [ -121.402778, 36.856973 ], [ -121.402663, 36.856973 ], [ -121.404858, 36.860129 ], [ -121.401724, 36.860031 ], [ -121.401718, 36.86036 ], [ -121.403201, 36.860416 ], [ -121.403148, 36.861509 ], [ -121.405657, 36.861626 ], [ -121.406158, 36.862373 ], [ -121.405662, 36.862362 ], [ -121.405611, 36.863216 ], [ -121.401586, 36.863049 ], [ -121.401669, 36.863643 ], [ -121.401393, 36.863636 ], [ -121.401372, 36.864182 ], [ -121.401894, 36.864451 ], [ -121.402103, 36.86461 ], [ -121.403555, 36.866201 ], [ -121.403742, 36.865983 ], [ -121.407498, 36.866177 ], [ -121.407322, 36.86962 ], [ -121.406505, 36.86959 ], [ -121.404563, 36.867366 ], [ -121.40135, 36.867206 ], [ -121.401352, 36.867561 ], [ -121.401156, 36.86755 ], [ -121.401113, 36.868773 ], [ -121.40132, 36.868774 ], [ -121.401281, 36.869373 ], [ -121.405101, 36.869531 ], [ -121.404972, 36.871555 ], [ -121.401952, 36.871435 ], [ -121.401553, 36.87766 ], [ -121.403882, 36.877779 ], [ -121.404611, 36.877788 ], [ -121.40451, 36.879505 ], [ -121.408979, 36.879685 ], [ -121.409115, 36.87776 ], [ -121.409243, 36.877826 ], [ -121.409453, 36.877869 ], [ -121.412523, 36.877978 ], [ -121.413976, 36.880311 ], [ -121.4149, 36.881502 ], [ -121.415418, 36.88208 ], [ -121.415029, 36.88211 ], [ -121.412239, 36.882015 ], [ -121.412203, 36.88396 ], [ -121.412308, 36.883964 ], [ -121.412263, 36.884795 ], [ -121.416076, 36.88498 ], [ -121.416276, 36.883005 ], [ -121.416579, 36.883328 ], [ -121.416486, 36.883976 ], [ -121.416281, 36.888025 ], [ -121.416514, 36.887965 ], [ -121.416408, 36.889154 ], [ -121.41692, 36.889324 ], [ -121.416929, 36.889392 ], [ -121.41551, 36.889789 ], [ -121.415347, 36.889408 ], [ -121.409919, 36.890945 ], [ -121.414148, 36.895251 ], [ -121.41939, 36.900668 ], [ -121.424011, 36.904178 ], [ -121.419904, 36.906722 ], [ -121.416738, 36.902358 ], [ -121.412365, 36.8979 ], [ -121.414399, 36.902982 ], [ -121.408239, 36.904503 ], [ -121.405999, 36.899065 ], [ -121.404446, 36.899386 ], [ -121.404159, 36.898803 ], [ -121.402154, 36.899023 ], [ -121.401484, 36.894728 ], [ -121.401071, 36.894935 ], [ -121.398578, 36.895249 ], [ -121.398654, 36.896026 ], [ -121.398494, 36.896077 ], [ -121.39857, 36.89801 ], [ -121.396344, 36.898318 ], [ -121.395365, 36.897442 ], [ -121.395147, 36.897052 ], [ -121.395003, 36.896403 ], [ -121.394246, 36.895728 ], [ -121.394182, 36.895452 ], [ -121.394504, 36.894007 ], [ -121.394363, 36.893792 ], [ -121.393471, 36.893622 ], [ -121.393116, 36.8934 ], [ -121.392913, 36.892964 ], [ -121.392559, 36.892795 ], [ -121.39208, 36.892352 ], [ -121.392135, 36.891739 ], [ -121.392335, 36.89047 ], [ -121.392192, 36.889957 ], [ -121.391713, 36.889471 ], [ -121.391522, 36.888985 ], [ -121.391591, 36.88843 ], [ -121.391534, 36.888094 ], [ -121.391401, 36.887768 ], [ -121.39079, 36.886887 ], [ -121.390802, 36.885952 ], [ -121.390396, 36.885687 ], [ -121.390262, 36.885451 ], [ -121.390206, 36.885124 ], [ -121.390275, 36.884524 ], [ -121.390218, 36.884258 ], [ -121.389812, 36.883931 ], [ -121.389743, 36.883483 ], [ -121.389181, 36.883089 ], [ -121.389214, 36.882825 ], [ -121.389763, 36.881255 ], [ -121.391119, 36.881637 ], [ -121.391556, 36.8818 ], [ -121.392585, 36.882027 ], [ -121.393507, 36.882347 ], [ -121.395146, 36.882813 ], [ -121.395193, 36.882045 ], [ -121.399866, 36.883402 ], [ -121.400021, 36.883496 ], [ -121.40006, 36.88251 ], [ -121.399924, 36.881753 ], [ -121.399952, 36.881535 ], [ -121.400136, 36.881063 ], [ -121.40023, 36.879889 ], [ -121.395345, 36.879669 ], [ -121.395526, 36.876773 ], [ -121.400401, 36.876979 ], [ -121.400443, 36.875905 ], [ -121.400367, 36.875231 ], [ -121.400502, 36.874773 ], [ -121.397315, 36.874654 ], [ -121.397426, 36.871929 ], [ -121.39765, 36.869217 ], [ -121.398858, 36.869269 ], [ -121.398878, 36.868695 ], [ -121.399291, 36.868713 ], [ -121.399315, 36.868253 ], [ -121.397412, 36.86817 ], [ -121.397702, 36.862868 ], [ -121.395696, 36.862777 ], [ -121.395614, 36.86439 ], [ -121.395618, 36.864878 ], [ -121.394952, 36.86485 ], [ -121.393735, 36.864731 ], [ -121.392914, 36.864611 ], [ -121.392273, 36.864328 ], [ -121.391693, 36.863941 ], [ -121.391317, 36.863628 ], [ -121.390996, 36.863123 ], [ -121.390734, 36.862464 ], [ -121.390666, 36.86151 ], [ -121.390767, 36.860049 ], [ -121.39588, 36.860241 ], [ -121.395939, 36.859021 ], [ -121.395357, 36.859005 ], [ -121.395377, 36.858667 ], [ -121.394926, 36.858663 ], [ -121.39495, 36.858285 ], [ -121.395986, 36.858301 ], [ -121.39611, 36.856434 ], [ -121.387314, 36.856056 ], [ -121.37694, 36.855664 ], [ -121.377136, 36.85224 ], [ -121.377112, 36.852239 ], [ -121.377147, 36.851454 ], [ -121.376066, 36.851399 ], [ -121.376233, 36.847741 ], [ -121.376318, 36.847225 ], [ -121.374409, 36.847137 ], [ -121.374557, 36.844311 ], [ -121.373145, 36.844251 ], [ -121.373095, 36.845055 ], [ -121.371684, 36.844996 ], [ -121.371521, 36.844947 ], [ -121.371563, 36.844184 ], [ -121.371852, 36.844196 ], [ -121.371956, 36.842212 ], [ -121.374208, 36.842299 ], [ -121.374229, 36.841966 ], [ -121.374272, 36.841878 ], [ -121.374232, 36.841801 ], [ -121.37433, 36.840228 ], [ -121.375381, 36.840255 ], [ -121.375453, 36.838691 ], [ -121.374354, 36.838648 ], [ -121.37436, 36.838987 ], [ -121.373928, 36.838971 ], [ -121.373939, 36.838727 ], [ -121.373879, 36.838725 ], [ -121.373884, 36.838629 ], [ -121.372136, 36.838558 ], [ -121.37207, 36.839648 ], [ -121.371323, 36.839637 ], [ -121.371223, 36.839591 ], [ -121.370591, 36.839652 ], [ -121.370654, 36.839869 ], [ -121.37032, 36.840334 ], [ -121.370514, 36.840462 ], [ -121.370657, 36.840953 ], [ -121.370623, 36.841046 ], [ -121.370608, 36.841634 ], [ -121.370728, 36.842068 ], [ -121.370632, 36.842675 ], [ -121.370653, 36.842935 ], [ -121.370739, 36.843052 ], [ -121.369288, 36.843004 ], [ -121.369234, 36.844066 ], [ -121.369152, 36.844741 ], [ -121.369095, 36.84691 ], [ -121.36403, 36.846583 ], [ -121.364029, 36.846503 ], [ -121.363859, 36.846484 ], [ -121.363769, 36.846434 ], [ -121.363711, 36.846356 ], [ -121.363719, 36.842548 ], [ -121.363682, 36.840564 ], [ -121.363682, 36.839719 ], [ -121.363751, 36.839309 ], [ -121.363829, 36.839255 ], [ -121.363939, 36.839246 ], [ -121.363921, 36.839175 ], [ -121.369221, 36.839131 ], [ -121.369238, 36.838341 ], [ -121.370274, 36.83841 ], [ -121.370885, 36.838417 ], [ -121.370999, 36.834862 ], [ -121.371089, 36.834625 ], [ -121.371097, 36.834465 ], [ -121.369221, 36.834452 ], [ -121.369216, 36.833204 ], [ -121.36524, 36.83319 ], [ -121.365238, 36.832662 ], [ -121.363608, 36.832652 ], [ -121.36358, 36.825831 ], [ -121.363587, 36.824335 ], [ -121.363635, 36.824334 ], [ -121.363623, 36.822342 ], [ -121.367994, 36.822361 ], [ -121.368203, 36.817914 ], [ -121.370457, 36.819282 ], [ -121.371099, 36.819637 ], [ -121.371132, 36.81957 ], [ -121.376731, 36.822777 ], [ -121.379243, 36.824253 ], [ -121.380304, 36.824918 ], [ -121.380726, 36.825217 ], [ -121.381286, 36.825643 ], [ -121.381865, 36.826158 ], [ -121.382601, 36.826951 ], [ -121.382526, 36.826994 ], [ -121.382927, 36.827669 ], [ -121.383467, 36.828173 ], [ -121.383577, 36.828319 ], [ -121.377688, 36.828257 ], [ -121.377649, 36.829554 ], [ -121.377749, 36.829992 ], [ -121.377723, 36.83089 ], [ -121.38153, 36.830951 ], [ -121.381552, 36.830526 ], [ -121.381744, 36.83056 ], [ -121.382144, 36.830535 ], [ -121.382419, 36.830739 ], [ -121.383502, 36.829667 ], [ -121.383618, 36.829724 ], [ -121.384208, 36.829226 ], [ -121.385761, 36.831559 ], [ -121.385725, 36.831398 ], [ -121.386739, 36.831444 ], [ -121.386825, 36.830048 ], [ -121.387809, 36.830093 ], [ -121.3879, 36.829991 ], [ -121.393249, 36.830164 ], [ -121.393247, 36.829276 ], [ -121.400696, 36.829593 ], [ -121.401073, 36.830672 ], [ -121.401021, 36.831507 ], [ -121.401371, 36.831518 ], [ -121.402035, 36.833351 ], [ -121.40091, 36.833311 ], [ -121.400907, 36.833376 ], [ -121.400385, 36.83334 ], [ -121.400878, 36.833994 ], [ -121.400501, 36.834003 ], [ -121.400437, 36.834521 ], [ -121.400846, 36.834544 ], [ -121.400775, 36.836343 ], [ -121.401058, 36.836353 ], [ -121.401132, 36.836398 ], [ -121.402013, 36.836375 ], [ -121.402647, 36.836404 ], [ -121.402621, 36.837234 ], [ -121.402444, 36.839799 ], [ -121.406053, 36.839927 ], [ -121.406078, 36.839633 ], [ -121.406539, 36.839837 ], [ -121.407032, 36.839864 ], [ -121.407043, 36.830885 ], [ -121.409674, 36.832407 ], [ -121.40963, 36.832854 ], [ -121.409501, 36.836991 ], [ -121.41081, 36.8376 ], [ -121.410761, 36.839114 ], [ -121.411895, 36.839165 ], [ -121.412031, 36.838397 ], [ -121.412072, 36.837452 ], [ -121.416352, 36.839024 ], [ -121.416866, 36.839237 ], [ -121.416851, 36.839457 ], [ -121.416817, 36.839502 ], [ -121.416475, 36.839866 ], [ -121.416114, 36.840112 ], [ -121.416352, 36.840236 ], [ -121.416355, 36.840431 ], [ -121.415883, 36.840412 ], [ -121.415846, 36.840903 ], [ -121.416451, 36.84144 ], [ -121.416455, 36.841371 ], [ -121.41688, 36.841662 ], [ -121.418172, 36.842297 ], [ -121.418038, 36.844519 ], [ -121.419238, 36.84456 ], [ -121.419224, 36.844312 ], [ -121.420839, 36.844332 ], [ -121.420769, 36.844404 ], [ -121.42168, 36.84517 ], [ -121.421835, 36.845393 ], [ -121.422115, 36.845412 ], [ -121.423092, 36.845922 ], [ -121.423647, 36.846302 ], [ -121.424473, 36.847008 ], [ -121.426055, 36.847639 ], [ -121.426567, 36.847445 ], [ -121.425723, 36.845878 ], [ -121.426341, 36.846089 ], [ -121.426353, 36.845983 ], [ -121.426478, 36.845947 ], [ -121.427196, 36.846033 ], [ -121.427745, 36.845912 ], [ -121.429183, 36.845832 ], [ -121.429872, 36.846011 ], [ -121.430063, 36.846023 ], [ -121.430291, 36.84616 ], [ -121.430488, 36.846211 ], [ -121.431018, 36.846287 ], [ -121.431195, 36.846366 ], [ -121.43154, 36.846591 ], [ -121.431744, 36.846659 ], [ -121.432947, 36.846869 ], [ -121.433125, 36.846934 ], [ -121.433508, 36.847233 ], [ -121.433539, 36.847358 ], [ -121.433101, 36.848187 ], [ -121.433056, 36.848325 ], [ -121.433087, 36.848396 ], [ -121.43326, 36.848555 ], [ -121.433422, 36.848647 ], [ -121.433684, 36.848737 ], [ -121.433903, 36.848858 ], [ -121.434178, 36.848944 ], [ -121.434423, 36.849077 ], [ -121.434677, 36.84938 ], [ -121.434806, 36.849843 ] ], [ [ -121.410484, 36.844475 ], [ -121.407901, 36.844405 ], [ -121.407879, 36.845068 ], [ -121.408522, 36.845076 ], [ -121.408537, 36.845546 ], [ -121.410476, 36.845558 ], [ -121.410503, 36.844746 ], [ -121.410484, 36.844475 ] ], [ [ -121.400734, 36.871266 ], [ -121.39982, 36.871232 ], [ -121.399795, 36.871537 ], [ -121.400715, 36.871571 ], [ -121.400734, 36.871266 ] ], [ [ -121.400596, 36.873646 ], [ -121.399663, 36.873609 ], [ -121.399636, 36.87416 ], [ -121.400557, 36.874191 ], [ -121.400596, 36.873646 ] ], [ [ -121.393876, 36.890754 ], [ -121.393821, 36.890239 ], [ -121.393694, 36.889635 ], [ -121.393402, 36.889254 ], [ -121.392621, 36.889707 ], [ -121.392702, 36.889833 ], [ -121.392728, 36.889939 ], [ -121.392837, 36.890694 ], [ -121.392791, 36.89115 ], [ -121.392719, 36.891421 ], [ -121.392753, 36.891674 ], [ -121.392858, 36.891881 ], [ -121.393804, 36.891577 ], [ -121.393758, 36.891463 ], [ -121.393861, 36.891012 ], [ -121.393876, 36.890754 ] ], [ [ -121.38397, 36.834011 ], [ -121.383571, 36.833996 ], [ -121.383596, 36.834373 ], [ -121.383924, 36.834377 ], [ -121.38397, 36.834011 ] ], [ [ -121.382852, 36.833915 ], [ -121.382615, 36.833886 ], [ -121.382598, 36.83435 ], [ -121.382843, 36.834324 ], [ -121.382852, 36.833915 ] ], [ [ -121.382443, 36.834928 ], [ -121.381172, 36.834915 ], [ -121.381185, 36.835494 ], [ -121.381891, 36.835502 ], [ -121.381864, 36.8352 ], [ -121.382248, 36.83517 ], [ -121.382237, 36.835488 ], [ -121.382477, 36.835483 ], [ -121.382443, 36.834928 ] ], [ [ -121.38203, 36.834316 ], [ -121.382019, 36.833863 ], [ -121.381642, 36.83385 ], [ -121.381675, 36.834327 ], [ -121.38203, 36.834316 ] ], [ [ -121.381735, 36.843853 ], [ -121.380617, 36.843822 ], [ -121.380586, 36.844038 ], [ -121.379987, 36.844014 ], [ -121.379836, 36.847305 ], [ -121.378303, 36.84725 ], [ -121.378299, 36.847301 ], [ -121.378593, 36.847314 ], [ -121.378495, 36.849194 ], [ -121.378624, 36.849194 ], [ -121.378686, 36.847773 ], [ -121.378771, 36.847778 ], [ -121.3787, 36.849252 ], [ -121.379565, 36.849277 ], [ -121.379604, 36.848339 ], [ -121.380382, 36.848368 ], [ -121.380367, 36.848658 ], [ -121.381083, 36.848683 ], [ -121.381146, 36.847406 ], [ -121.381027, 36.847399 ], [ -121.381024, 36.847362 ], [ -121.38123, 36.84737 ], [ -121.381246, 36.846951 ], [ -121.381588, 36.846942 ], [ -121.381735, 36.843853 ] ], [ [ -121.379271, 36.842426 ], [ -121.378845, 36.842376 ], [ -121.378887, 36.840476 ], [ -121.379022, 36.839477 ], [ -121.378562, 36.839448 ], [ -121.378603, 36.838813 ], [ -121.377816, 36.83878 ], [ -121.377781, 36.838817 ], [ -121.377624, 36.841901 ], [ -121.378422, 36.841927 ], [ -121.378397, 36.842307 ], [ -121.378129, 36.84233 ], [ -121.377602, 36.842313 ], [ -121.377511, 36.844099 ], [ -121.378348, 36.844126 ], [ -121.378385, 36.843725 ], [ -121.37919, 36.843774 ], [ -121.379271, 36.842426 ] ], [ [ -121.364608, 36.832598 ], [ -121.364594, 36.831916 ], [ -121.363765, 36.831924 ], [ -121.363745, 36.832598 ], [ -121.364608, 36.832598 ] ] ], [ [ [ -121.456135, 36.853452 ], [ -121.455884, 36.85788 ], [ -121.455281, 36.857964 ], [ -121.454467, 36.858164 ], [ -121.453838, 36.858446 ], [ -121.453124, 36.858469 ], [ -121.453095, 36.858535 ], [ -121.443145, 36.857079 ], [ -121.443426, 36.856622 ], [ -121.438217, 36.853882 ], [ -121.43824, 36.853843 ], [ -121.43843, 36.853915 ], [ -121.439274, 36.852529 ], [ -121.441273, 36.853344 ], [ -121.4419, 36.853448 ], [ -121.442633, 36.853638 ], [ -121.443706, 36.85369 ], [ -121.444157, 36.852639 ], [ -121.443654, 36.852441 ], [ -121.443759, 36.85228 ], [ -121.444463, 36.852464 ], [ -121.444981, 36.852549 ], [ -121.445613, 36.852602 ], [ -121.446323, 36.852606 ], [ -121.447495, 36.852494 ], [ -121.447908, 36.852401 ], [ -121.44885, 36.852086 ], [ -121.449114, 36.852103 ], [ -121.449733, 36.851975 ], [ -121.450237, 36.851965 ], [ -121.450709, 36.852028 ], [ -121.450999, 36.852226 ], [ -121.451072, 36.852413 ], [ -121.451215, 36.852152 ], [ -121.451627, 36.852254 ], [ -121.452416, 36.851991 ], [ -121.45397, 36.851882 ], [ -121.454616, 36.85206 ], [ -121.454926, 36.852297 ], [ -121.455215, 36.852884 ], [ -121.456135, 36.853452 ] ] ] ] } },
{ "type": "Feature", "properties": { "place": "Gilroy", "place_kind": "city", "county": "Santa Cruz" }, "geometry": { "type": "Polygon", "coordinates": [ [ [ -121.643521, 36.998281 ], [ -121.640725, 36.999497 ], [ -121.639342, 37.000173 ], [ -121.638746, 37.002346 ], [ -121.638492, 37.003065 ], [ -121.63793, 37.003641 ], [ -121.636975, 37.003843 ], [ -121.636627, 37.004121 ], [ -121.63273, 37.00412 ], [ -121.63257, 37.00436 ], [ -121.63252, 37.0046 ], [ -121.63225, 37.00518 ], [ -121.63214, 37.00563 ], [ -121.631173, 37.008089 ], [ -121.630565, 37.008319 ], [ -121.629297, 37.007939 ], [ -121.629055, 37.00845 ], [ -121.629665, 37.009904 ], [ -121.629907, 37.010573 ], [ -121.629902, 37.011967 ], [ -121.63163, 37.012756 ], [ -121.631563, 37.01292 ], [ -121.631168, 37.01346 ], [ -121.630824, 37.013553 ], [ -121.630475, 37.013563 ], [ -121.630281, 37.013441 ], [ -121.629897, 37.013427 ], [ -121.629755, 37.013506 ], [ -121.629471, 37.013594 ], [ -121.629172, 37.013577 ], [ -121.629025, 37.013394 ], [ -121.628742, 37.013379 ], [ -121.626939, 37.012178 ], [ -121.6266, 37.01217 ], [ -121.62668, 37.01241 ], [ -121.62684, 37.01373 ], [ -121.62695, 37.01419 ], [ -121.627324, 37.014703 ], [ -121.6274, 37.01486 ], [ -121.62786, 37.01526 ], [ -121.62827, 37.01568 ], [ -121.62842, 37.01619 ], [ -121.62841, 37.01727 ], [ -121.62825, 37.01744 ], [ -121.62822, 37.01786 ], [ -121.62821, 37.01953 ], [ -121.628258, 37.020351 ], [ -121.628149, 37.020662 ], [ -121.626333, 37.020695 ], [ -121.62596, 37.02082 ], [ -121.62515, 37.02087 ], [ -121.62497, 37.02087 ], [ -121.624293, 37.020735 ], [ -121.623648, 37.020747 ], [ -121.6237, 37.021756 ], [ -121.623687, 37.022824 ], [ -121.623852, 37.027741 ], [ -121.616388, 37.027927 ], [ -121.616446, 37.029306 ], [ -121.616555, 37.035073 ], [ -121.6115, 37.035084 ], [ -121.606134, 37.035148 ], [ -121.606157, 37.035382 ], [ -121.604576, 37.035396 ], [ -121.60476, 37.038062 ], [ -121.60477, 37.03888 ], [ -121.60485, 37.03984 ], [ -121.59763, 37.03772 ], [ -121.597545, 37.037282 ], [ -121.59739, 37.03605 ], [ -121.597403, 37.035423 ], [ -121.59746, 37.03413 ], [ -121.59768, 37.03253 ], [ -121.59765, 37.03232 ], [ -121.59801, 37.028859 ], [ -121.594433, 37.028817 ], [ -121.594417, 37.027805 ], [ -121.593259, 37.027781 ], [ -121.59326, 37.027518 ], [ -121.59161, 37.02752 ], [ -121.5916, 37.02721 ], [ -121.589975, 37.02721 ], [ -121.58999, 37.027942 ], [ -121.587795, 37.027919 ], [ -121.587279, 37.027808 ], [ -121.58673, 37.02781 ], [ -121.58849, 37.03224 ], [ -121.5886, 37.03229 ], [ -121.58872, 37.0323 ], [ -121.590504, 37.0323 ], [ -121.590502, 37.032914 ], [ -121.590722, 37.034502 ], [ -121.588917, 37.034681 ], [ -121.588903, 37.034552 ], [ -121.587437, 37.034722 ], [ -121.583092, 37.03537 ], [ -121.58455, 37.03823 ], [ -121.587522, 37.03758 ], [ -121.589093, 37.040792 ], [ -121.586189, 37.041427 ], [ -121.588818, 37.046558 ], [ -121.596143, 37.045011 ], [ -121.596956, 37.046583 ], [ -121.589607, 37.048105 ], [ -121.589299, 37.048232 ], [ -121.581483, 37.033011 ], [ -121.577263, 37.034467 ], [ -121.576799, 37.03356 ], [ -121.574706, 37.034303 ], [ -121.575967, 37.036717 ], [ -121.576511, 37.037849 ], [ -121.577471, 37.039713 ], [ -121.57756, 37.039693 ], [ -121.577896, 37.040484 ], [ -121.577229, 37.041559 ], [ -121.57758, 37.04245 ], [ -121.5781, 37.043615 ], [ -121.577361, 37.043817 ], [ -121.57656, 37.041956 ], [ -121.57635, 37.04169 ], [ -121.57628, 37.04143 ], [ -121.57567, 37.04006 ], [ -121.57428, 37.03737 ], [ -121.57202, 37.0381 ], [ -121.572482, 37.038914 ], [ -121.571359, 37.039288 ], [ -121.567111, 37.032154 ], [ -121.569652, 37.031196 ], [ -121.568833, 37.029809 ], [ -121.568487, 37.029224 ], [ -121.565976, 37.030171 ], [ -121.562671, 37.024578 ], [ -121.558275, 37.02627 ], [ -121.55953, 37.028421 ], [ -121.555854, 37.029771 ], [ -121.554221, 37.026964 ], [ -121.5582, 37.025502 ], [ -121.562045, 37.023999 ], [ -121.555179, 37.014935 ], [ -121.554559, 37.014318 ], [ -121.557448, 37.012852 ], [ -121.55681, 37.01173 ], [ -121.556292, 37.011055 ], [ -121.555761, 37.011277 ], [ -121.555484, 37.010964 ], [ -121.554403, 37.011504 ], [ -121.552999, 37.00969 ], [ -121.552558, 37.009725 ], [ -121.552421, 37.009687 ], [ -121.551928, 37.009665 ], [ -121.541815, 37.006805 ], [ -121.54149, 37.006469 ], [ -121.540302, 37.005744 ], [ -121.539907, 37.005322 ], [ -121.539396, 37.004843 ], [ -121.538264, 37.004084 ], [ -121.537953, 37.003726 ], [ -121.537811, 37.00341 ], [ -121.537943, 37.0033 ], [ -121.537915, 37.003198 ], [ -121.537004, 37.003176 ], [ -121.536435, 37.003119 ], [ -121.535305, 37.002932 ], [ -121.534521, 37.002728 ], [ -121.534557, 37.002607 ], [ -121.534569, 37.00212 ], [ -121.534646, 37.001931 ], [ -121.53505, 37.00141 ], [ -121.535592, 37.000805 ], [ -121.535681, 37.000602 ], [ -121.535715, 37.000432 ], [ -121.535647, 37.000031 ], [ -121.535435, 36.999893 ], [ -121.535554, 36.99965 ], [ -121.535121, 36.998309 ], [ -121.538882, 36.998598 ], [ -121.537574, 36.995648 ], [ -121.53642, 36.993725 ], [ -121.537357, 36.994399 ], [ -121.537619, 36.99454 ], [ -121.538335, 36.995162 ], [ -121.538989, 36.995832 ], [ -121.53937, 36.996286 ], [ -121.539794, 36.996717 ], [ -121.539977, 36.996967 ], [ -121.545028, 36.994421 ], [ -121.545175, 36.994591 ], [ -121.546258, 36.994021 ], [ -121.545726, 36.993343 ], [ -121.55107, 36.99067 ], [ -121.55056, 36.99004 ], [ -121.54911, 36.98812 ], [ -121.54803, 36.98679 ], [ -121.54664, 36.985 ], [ -121.54253, 36.98614 ], [ -121.54081, 36.98656 ], [ -121.54063, 36.98655 ], [ -121.54037, 36.9863 ], [ -121.54024, 36.98623 ], [ -121.54011, 36.98623 ], [ -121.538118, 36.987235 ], [ -121.53744, 36.98752 ], [ -121.5374, 36.9876 ], [ -121.53691, 36.98787 ], [ -121.53485, 36.98889 ], [ -121.532915, 36.989797 ], [ -121.5318, 36.990407 ], [ -121.531192, 36.990784 ], [ -121.533115, 36.994199 ], [ -121.530338, 36.995072 ], [ -121.530047, 36.994546 ], [ -121.529859, 36.994509 ], [ -121.529709, 36.994406 ], [ -121.529456, 36.994143 ], [ -121.528909, 36.993461 ], [ -121.528452, 36.99327 ], [ -121.528424, 36.993017 ], [ -121.528058, 36.992811 ], [ -121.527833, 36.992595 ], [ -121.524549, 36.988823 ], [ -121.527333, 36.987114 ], [ -121.525262, 36.985748 ], [ -121.524774, 36.985378 ], [ -121.524415, 36.985057 ], [ -121.524049, 36.984695 ], [ -121.522721, 36.983123 ], [ -121.519531, 36.979513 ], [ -121.518686, 36.978626 ], [ -121.523146, 36.976144 ], [ -121.524312, 36.977429 ], [ -121.524978, 36.978308 ], [ -121.528493, 36.975098 ], [ -121.531885, 36.978052 ], [ -121.530548, 36.979042 ], [ -121.533462, 36.982367 ], [ -121.538913, 36.979312 ], [ -121.539301, 36.979314 ], [ -121.543443, 36.976502 ], [ -121.54374, 36.976233 ], [ -121.544002, 36.976215 ], [ -121.544309, 36.976036 ], [ -121.547936, 36.973513 ], [ -121.54829, 36.97399 ], [ -121.54845, 36.97412 ], [ -121.54908, 36.97452 ], [ -121.55023, 36.97515 ], [ -121.55103, 36.97569 ], [ -121.5518, 36.9763 ], [ -121.55202, 36.9764 ], [ -121.55236, 36.97643 ], [ -121.55316, 36.97623 ], [ -121.554439, 36.97606 ], [ -121.555429, 36.976183 ], [ -121.555728, 36.976304 ], [ -121.55612, 36.97723 ], [ -121.55756, 36.9802 ], [ -121.55797, 36.98095 ], [ -121.558371, 36.981888 ], [ -121.55861, 36.98182 ], [ -121.55891, 36.98259 ], [ -121.55905, 36.98305 ], [ -121.55923, 36.9841 ], [ -121.55936, 36.98514 ], [ -121.55943, 36.98541 ], [ -121.56024, 36.98745 ], [ -121.56114, 36.98866 ], [ -121.56124, 36.98886 ], [ -121.56125, 36.98896 ], [ -121.5612, 36.98912 ], [ -121.56114, 36.98917 ], [ -121.56094, 36.98921 ], [ -121.561446, 36.990433 ], [ -121.564666, 36.989599 ], [ -121.568358, 36.989642 ], [ -121.568658, 36.990336 ], [ -121.568911, 36.990711 ], [ -121.569099, 36.990864 ], [ -121.569536, 36.991434 ], [ -121.570006, 36.99182 ], [ -121.570319, 36.992002 ], [ -121.57051, 36.99202 ], [ -121.57143, 36.99198 ], [ -121.5718, 36.99192 ], [ -121.57223, 36.9918 ], [ -121.57281, 36.99156 ], [ -121.57327, 36.99134 ], [ -121.5734, 36.99122 ], [ -121.57344, 36.99114 ], [ -121.57347, 36.9908 ], [ -121.57341, 36.98624 ], [ -121.57344, 36.98536 ], [ -121.57341, 36.98279 ], [ -121.57288, 36.98242 ], [ -121.57205, 36.9817 ], [ -121.57151, 36.98114 ], [ -121.57121, 36.98078 ], [ -121.568512, 36.976758 ], [ -121.56866, 36.97631 ], [ -121.56901, 36.97631 ], [ -121.569229, 36.976685 ], [ -121.570063, 36.976538 ], [ -121.570832, 36.976575 ], [ -121.571699, 36.97677 ], [ -121.572871, 36.976949 ], [ -121.574472, 36.977692 ], [ -121.574074, 36.978072 ], [ -121.574153, 36.978125 ], [ -121.574194, 36.978091 ], [ -121.574709, 36.978449 ], [ -121.575301, 36.977892 ], [ -121.576344, 36.977869 ], [ -121.578181, 36.978888 ], [ -121.57846, 36.979119 ], [ -121.57851, 36.97907 ], [ -121.579265, 36.9795 ], [ -121.579969, 36.978613 ], [ -121.580425, 36.978178 ], [ -121.580909, 36.977938 ], [ -121.58119, 36.977575 ], [ -121.583408, 36.976139 ], [ -121.583644, 36.975903 ], [ -121.584091, 36.975561 ], [ -121.584881, 36.974657 ], [ -121.585373, 36.973803 ], [ -121.586065, 36.973172 ], [ -121.586773, 36.972362 ], [ -121.597366, 36.978137 ], [ -121.605594, 36.982537 ], [ -121.62408, 36.992736 ], [ -121.639802, 36.992572 ], [ -121.639639, 36.993388 ], [ -121.641172, 36.995737 ], [ -121.643521, 36.998281 ] ] ] } },
{ "type": "Feature", "properties": { "place": "Saratoga", "place_kind": "city", "county": "Santa Cruz" }, "geometry": { "type": "Polygon", "coordinates": [ [ [ -122.068667, 37.271958 ], [ -122.064363, 37.271925 ], [ -122.064117, 37.272396 ], [ -122.064048, 37.272675 ], [ -122.064011, 37.273276 ], [ -122.06416, 37.273456 ], [ -122.064141, 37.273741 ], [ -122.064092, 37.274008 ], [ -122.063887, 37.274311 ], [ -122.064129, 37.275117 ], [ -122.063875, 37.275514 ], [ -122.06384, 37.27599 ], [ -122.06398, 37.27602 ], [ -122.06412, 37.27594 ], [ -122.064482, 37.278971 ], [ -122.063912, 37.279135 ], [ -122.06236, 37.279392 ], [ -122.062443, 37.279702 ], [ -122.062055, 37.279767 ], [ -122.061972, 37.279458 ], [ -122.06078, 37.279305 ], [ -122.059273, 37.27846 ], [ -122.059272, 37.279108 ], [ -122.058171, 37.279119 ], [ -122.058225, 37.285472 ], [ -122.057235, 37.285766 ], [ -122.057244, 37.28563 ], [ -122.056563, 37.28553 ], [ -122.056454, 37.28598 ], [ -122.055941, 37.285766 ], [ -122.055641, 37.285521 ], [ -122.055269, 37.285385 ], [ -122.054942, 37.285367 ], [ -122.054924, 37.286419 ], [ -122.054712, 37.286392 ], [ -122.05471, 37.286516 ], [ -122.054878, 37.286843 ], [ -122.054883, 37.286988 ], [ -122.054847, 37.287029 ], [ -122.054765, 37.287408 ], [ -122.054815, 37.287719 ], [ -122.054601, 37.288128 ], [ -122.054456, 37.288238 ], [ -122.054263, 37.288497 ], [ -122.054206, 37.288635 ], [ -122.054206, 37.288805 ], [ -122.05464, 37.290601 ], [ -122.052954, 37.290982 ], [ -122.052703, 37.29074 ], [ -122.05123, 37.29054 ], [ -122.050925, 37.291558 ], [ -122.049487, 37.292967 ], [ -122.049292, 37.293049 ], [ -122.047335, 37.293467 ], [ -122.04743, 37.293748 ], [ -122.04382, 37.29374 ], [ -122.04364, 37.29379 ], [ -122.04204, 37.29374 ], [ -122.04127, 37.29383 ], [ -122.04073, 37.2938 ], [ -122.04038, 37.293677 ], [ -122.040028, 37.293778 ], [ -122.039729, 37.293797 ], [ -122.0395, 37.29369 ], [ -122.03841, 37.29359 ], [ -122.03771, 37.29357 ], [ -122.0358, 37.29378 ], [ -122.03433, 37.2938 ], [ -122.03426, 37.29383 ], [ -122.03262, 37.29387 ], [ -122.03212, 37.294003 ], [ -122.031419, 37.294063 ], [ -122.029091, 37.294002 ], [ -122.028743, 37.293938 ], [ -122.028036, 37.293889 ], [ -122.025635, 37.293873 ], [ -122.022565, 37.293783 ], [ -122.022152, 37.293847 ], [ -122.0171, 37.293637 ], [ -122.007852, 37.293338 ], [ -122.0077, 37.29337 ], [ -122.00763, 37.29413 ], [ -122.007717, 37.294232 ], [ -122.00761, 37.29437 ], [ -122.00741, 37.29599 ], [ -122.00741, 37.296411 ], [ -122.003482, 37.296247 ], [ -122.001791, 37.295564 ], [ -122.001868, 37.295432 ], [ -122.001992, 37.295306 ], [ -122.002474, 37.29496 ], [ -122.00277, 37.294625 ], [ -122.002873, 37.294339 ], [ -122.002887, 37.293883 ], [ -122.002929, 37.293757 ], [ -122.003183, 37.293361 ], [ -122.003433, 37.293081 ], [ -121.993891, 37.291998 ], [ -121.994054, 37.29107 ], [ -121.995987, 37.291289 ], [ -121.996074, 37.290802 ], [ -121.995116, 37.29006 ], [ -121.996257, 37.288924 ], [ -121.995259, 37.288799 ], [ -121.996349, 37.28782 ], [ -121.995811, 37.287465 ], [ -121.994435, 37.287483 ], [ -121.994463, 37.287197 ], [ -121.994492, 37.284954 ], [ -121.994462, 37.284274 ], [ -121.994409, 37.283856 ], [ -121.994313, 37.280536 ], [ -121.989699, 37.280637 ], [ -121.989608, 37.278641 ], [ -121.989545, 37.278213 ], [ -121.98955, 37.27781 ], [ -121.98948, 37.277 ], [ -121.989525, 37.27682 ], [ -121.989497, 37.276231 ], [ -121.99427, 37.27608 ], [ -121.994218, 37.276053 ], [ -121.9941, 37.273749 ], [ -121.993984, 37.273372 ], [ -121.993892, 37.272903 ], [ -121.993661, 37.270491 ], [ -121.990655, 37.269106 ], [ -121.990787, 37.268697 ], [ -121.990787, 37.268604 ], [ -121.990725, 37.268505 ], [ -121.990677, 37.268307 ], [ -121.9908, 37.267868 ], [ -121.990641, 37.267187 ], [ -121.990655, 37.266632 ], [ -121.991054, 37.265495 ], [ -121.99122, 37.264619 ], [ -121.991547, 37.264144 ], [ -121.991962, 37.263629 ], [ -121.992041, 37.263478 ], [ -121.992077, 37.263316 ], [ -121.992023, 37.263144 ], [ -121.991938, 37.263032 ], [ -121.991938, 37.262818 ], [ -121.991779, 37.262395 ], [ -121.991669, 37.261626 ], [ -121.991689, 37.261186 ], [ -121.991792, 37.260961 ], [ -121.991812, 37.26067 ], [ -121.991847, 37.260615 ], [ -121.991781, 37.259973 ], [ -121.991813, 37.259726 ], [ -121.99186, 37.259648 ], [ -121.991971, 37.259603 ], [ -121.991877, 37.259272 ], [ -121.992127, 37.259109 ], [ -121.992464, 37.258461 ], [ -121.992594, 37.258279 ], [ -121.99267, 37.258021 ], [ -121.99349, 37.25664 ], [ -121.992894, 37.255213 ], [ -121.992886, 37.254965 ], [ -121.992912, 37.254854 ], [ -121.99316, 37.2544 ], [ -121.99311, 37.25366 ], [ -121.993074, 37.253504 ], [ -121.993121, 37.25334 ], [ -121.993181, 37.253217 ], [ -121.993341, 37.25306 ], [ -121.99343, 37.25284 ], [ -121.993562, 37.252715 ], [ -121.994247, 37.252465 ], [ -121.994528, 37.252284 ], [ -121.994824, 37.25202 ], [ -121.995297, 37.251426 ], [ -121.995441, 37.250921 ], [ -121.995451, 37.250845 ], [ -121.995285, 37.250788 ], [ -121.99518, 37.25081 ], [ -121.995491, 37.250381 ], [ -121.995331, 37.250157 ], [ -121.995238, 37.249483 ], [ -121.995332, 37.249362 ], [ -121.995344, 37.248986 ], [ -121.995464, 37.248836 ], [ -121.995438, 37.248601 ], [ -121.995511, 37.24848 ], [ -121.995794, 37.247754 ], [ -121.995783, 37.247599 ], [ -121.995722, 37.247437 ], [ -121.995503, 37.247033 ], [ -121.99521, 37.246725 ], [ -121.995245, 37.246643 ], [ -121.995723, 37.246562 ], [ -121.996015, 37.2464 ], [ -121.9961, 37.246292 ], [ -121.99611, 37.246218 ], [ -121.995994, 37.246009 ], [ -121.995993, 37.245934 ], [ -121.996164, 37.245719 ], [ -121.996287, 37.245438 ], [ -121.996299, 37.245334 ], [ -121.996667, 37.24513 ], [ -121.996802, 37.244924 ], [ -121.996857, 37.244655 ], [ -121.996834, 37.244544 ], [ -121.996881, 37.244404 ], [ -121.997024, 37.244242 ], [ -121.996963, 37.244078 ], [ -121.997289, 37.243663 ], [ -121.99749, 37.243469 ], [ -121.997824, 37.243304 ], [ -121.997882, 37.243082 ], [ -121.998196, 37.242881 ], [ -121.998317, 37.242718 ], [ -121.99846, 37.24267 ], [ -121.998854, 37.242633 ], [ -121.999233, 37.242348 ], [ -121.999442, 37.242274 ], [ -121.999513, 37.242279 ], [ -121.999917, 37.242459 ], [ -121.999949, 37.242501 ], [ -122.000234, 37.242609 ], [ -122.000289, 37.242596 ], [ -122.000331, 37.242433 ], [ -122.000437, 37.242369 ], [ -122.000596, 37.242395 ], [ -122.000727, 37.242187 ], [ -122.000841, 37.242193 ], [ -122.00095, 37.242144 ], [ -122.000909, 37.241994 ], [ -122.000954, 37.24196 ], [ -122.00107, 37.24201 ], [ -122.001197, 37.241976 ], [ -122.001284, 37.241796 ], [ -122.001411, 37.241773 ], [ -122.001556, 37.241883 ], [ -122.001736, 37.241865 ], [ -122.002453, 37.241506 ], [ -122.002383, 37.241492 ], [ -122.003656, 37.241133 ], [ -122.003746, 37.241056 ], [ -122.003676, 37.240944 ], [ -122.003966, 37.240643 ], [ -122.004209, 37.24049 ], [ -122.004251, 37.240379 ], [ -122.004433, 37.240416 ], [ -122.00472, 37.240308 ], [ -122.005223, 37.240463 ], [ -122.005354, 37.240452 ], [ -122.005926, 37.240254 ], [ -122.006034, 37.239965 ], [ -122.006144, 37.239911 ], [ -122.006192, 37.239821 ], [ -122.006317, 37.239819 ], [ -122.006375, 37.239738 ], [ -122.00644, 37.239485 ], [ -122.006392, 37.239267 ], [ -122.006553, 37.239127 ], [ -122.006699, 37.239112 ], [ -122.006809, 37.239064 ], [ -122.006914, 37.239097 ], [ -122.007052, 37.239056 ], [ -122.007116, 37.238959 ], [ -122.007186, 37.238927 ], [ -122.007174, 37.238854 ], [ -122.007286, 37.238781 ], [ -122.007181, 37.238425 ], [ -122.007357, 37.238347 ], [ -122.007372, 37.238216 ], [ -122.007506, 37.238113 ], [ -122.007552, 37.237979 ], [ -122.007659, 37.237943 ], [ -122.007664, 37.237819 ], [ -122.007964, 37.237609 ], [ -122.00817, 37.237517 ], [ -122.008522, 37.237489 ], [ -122.008875, 37.237299 ], [ -122.009031, 37.237305 ], [ -122.009388, 37.237719 ], [ -122.009552, 37.237828 ], [ -122.009871, 37.237858 ], [ -122.011704, 37.237715 ], [ -122.012649, 37.238468 ], [ -122.011706, 37.238795 ], [ -122.011578, 37.238791 ], [ -122.012323, 37.23938 ], [ -122.012085, 37.239648 ], [ -122.011752, 37.239943 ], [ -122.012112, 37.240222 ], [ -122.01234, 37.240443 ], [ -122.011539, 37.240936 ], [ -122.010852, 37.240358 ], [ -122.01105, 37.24033 ], [ -122.011518, 37.240156 ], [ -122.011635, 37.240042 ], [ -122.011336, 37.239763 ], [ -122.011011, 37.239704 ], [ -122.011048, 37.239842 ], [ -122.010975, 37.24004 ], [ -122.010749, 37.240152 ], [ -122.010684, 37.24009 ], [ -122.010207, 37.240154 ], [ -122.010098, 37.240309 ], [ -122.01012, 37.24056 ], [ -122.010045, 37.240607 ], [ -122.010103, 37.240645 ], [ -122.009972, 37.240713 ], [ -122.01046, 37.241104 ], [ -122.01053, 37.241364 ], [ -122.010952, 37.241195 ], [ -122.01162, 37.241629 ], [ -122.011616, 37.241727 ], [ -122.011828, 37.241975 ], [ -122.012223, 37.24216 ], [ -122.01255, 37.24223 ], [ -122.012566, 37.242406 ], [ -122.012718, 37.242471 ], [ -122.012892, 37.242248 ], [ -122.013338, 37.242492 ], [ -122.013582, 37.242492 ], [ -122.013569, 37.243799 ], [ -122.013832, 37.243617 ], [ -122.01417, 37.24356 ], [ -122.01673, 37.24356 ], [ -122.016743, 37.243455 ], [ -122.017066, 37.243249 ], [ -122.017795, 37.243156 ], [ -122.018036, 37.243042 ], [ -122.018526, 37.242977 ], [ -122.018495, 37.242081 ], [ -122.019053, 37.242063 ], [ -122.019062, 37.24229 ], [ -122.02017, 37.242289 ], [ -122.02016, 37.24276 ], [ -122.02019, 37.24302 ], [ -122.021221, 37.243017 ], [ -122.021213, 37.242356 ], [ -122.022367, 37.242354 ], [ -122.022422, 37.242124 ], [ -122.022411, 37.242017 ], [ -122.022505, 37.241761 ], [ -122.023534, 37.241654 ], [ -122.023643, 37.241328 ], [ -122.023833, 37.241039 ], [ -122.02402, 37.241164 ], [ -122.024048, 37.241149 ], [ -122.024297, 37.241268 ], [ -122.024463, 37.241263 ], [ -122.024577, 37.241216 ], [ -122.024691, 37.241128 ], [ -122.024665, 37.241087 ], [ -122.024873, 37.240973 ], [ -122.025293, 37.24047 ], [ -122.025385, 37.240256 ], [ -122.025241, 37.240179 ], [ -122.025225, 37.240019 ], [ -122.025531, 37.239987 ], [ -122.02605, 37.239796 ], [ -122.026081, 37.239941 ], [ -122.02719, 37.239941 ], [ -122.027232, 37.242886 ], [ -122.029015, 37.242855 ], [ -122.041538, 37.243326 ], [ -122.044536, 37.243326 ], [ -122.047213, 37.243368 ], [ -122.047206, 37.243326 ], [ -122.047591, 37.243404 ], [ -122.047497, 37.243464 ], [ -122.048278, 37.243602 ], [ -122.04748, 37.244406 ], [ -122.046871, 37.244035 ], [ -122.046594, 37.243751 ], [ -122.046489, 37.243805 ], [ -122.046152, 37.244258 ], [ -122.046442, 37.244419 ], [ -122.046384, 37.24478 ], [ -122.046448, 37.245025 ], [ -122.046474, 37.245386 ], [ -122.045765, 37.246264 ], [ -122.045241, 37.247297 ], [ -122.045313, 37.247941 ], [ -122.045223, 37.24808 ], [ -122.045161, 37.248411 ], [ -122.045047, 37.248694 ], [ -122.045288, 37.248921 ], [ -122.045288, 37.249063 ], [ -122.045614, 37.249091 ], [ -122.046326, 37.248978 ], [ -122.046663, 37.248751 ], [ -122.046861, 37.24885 ], [ -122.047725, 37.24783 ], [ -122.048618, 37.247603 ], [ -122.050205, 37.246229 ], [ -122.050343, 37.250366 ], [ -122.050302, 37.252038 ], [ -122.050952, 37.25207 ], [ -122.051638, 37.251268 ], [ -122.052547, 37.251352 ], [ -122.052614, 37.251179 ], [ -122.052618, 37.251031 ], [ -122.052503, 37.250507 ], [ -122.052525, 37.250344 ], [ -122.052588, 37.250249 ], [ -122.052651, 37.25022 ], [ -122.052916, 37.250125 ], [ -122.053149, 37.250107 ], [ -122.053318, 37.250144 ], [ -122.054496, 37.250831 ], [ -122.055469, 37.250983 ], [ -122.056511, 37.251486 ], [ -122.058486, 37.252047 ], [ -122.059063, 37.251937 ], [ -122.059278, 37.251937 ], [ -122.059306, 37.261019 ], [ -122.067551, 37.262187 ], [ -122.067913, 37.265401 ], [ -122.06791, 37.265862 ], [ -122.068306, 37.268825 ], [ -122.068667, 37.271958 ] ] ] } },
{ "type": "Feature", "properties": { "place": "Capitola", "place_kind": "city", "county": "Santa Cruz" }, "geometry": { "type": "Polygon", "coordinates": [ [ [ -121.973228, 36.973079 ], [ -121.973222, 36.973613 ], [ -121.973167, 36.974 ], [ -121.972974, 36.974868 ], [ -121.971846, 36.974884 ], [ -121.972071, 36.973812 ], [ -121.971108, 36.973814 ], [ -121.970915, 36.974715 ], [ -121.96992, 36.974623 ], [ -121.969615, 36.976026 ], [ -121.970618, 36.976117 ], [ -121.970577, 36.976394 ], [ -121.970587, 36.976767 ], [ -121.970736, 36.977291 ], [ -121.970825, 36.977279 ], [ -121.97086, 36.977465 ], [ -121.97085, 36.977866 ], [ -121.970815, 36.978049 ], [ -121.971182, 36.978103 ], [ -121.970782, 36.979882 ], [ -121.970043, 36.979879 ], [ -121.970054, 36.980397 ], [ -121.968042, 36.980413 ], [ -121.968022, 36.979585 ], [ -121.966017, 36.97958 ], [ -121.965567, 36.979607 ], [ -121.965552, 36.981109 ], [ -121.965491, 36.981109 ], [ -121.965524, 36.983189 ], [ -121.965019, 36.983196 ], [ -121.965027, 36.983804 ], [ -121.965095, 36.983974 ], [ -121.965192, 36.984052 ], [ -121.965193, 36.984133 ], [ -121.965116, 36.984135 ], [ -121.96512, 36.984172 ], [ -121.964778, 36.984176 ], [ -121.964618, 36.983672 ], [ -121.964022, 36.983765 ], [ -121.963714, 36.983702 ], [ -121.962814, 36.983095 ], [ -121.96247, 36.982975 ], [ -121.962212, 36.98294 ], [ -121.960104, 36.982963 ], [ -121.958545, 36.98317 ], [ -121.957954, 36.983308 ], [ -121.95775, 36.983392 ], [ -121.958021, 36.983689 ], [ -121.957882, 36.983766 ], [ -121.957804, 36.983732 ], [ -121.957743, 36.983744 ], [ -121.957171, 36.984029 ], [ -121.957119, 36.983672 ], [ -121.956365, 36.983506 ], [ -121.956122, 36.983488 ], [ -121.955311, 36.98355 ], [ -121.953594, 36.98359 ], [ -121.952937, 36.983548 ], [ -121.949457, 36.983838 ], [ -121.948157, 36.98391 ], [ -121.941136, 36.983905 ], [ -121.936862, 36.984494 ], [ -121.936533, 36.984365 ], [ -121.935925, 36.984281 ], [ -121.932787, 36.984008 ], [ -121.932699, 36.983844 ], [ -121.931849, 36.983777 ], [ -121.931997, 36.982543 ], [ -121.932321, 36.982495 ], [ -121.932493, 36.981839 ], [ -121.92981, 36.981494 ], [ -121.931239, 36.979049 ], [ -121.93149, 36.979353 ], [ -121.931767, 36.979483 ], [ -121.93176, 36.979138 ], [ -121.932016, 36.979155 ], [ -121.932083, 36.978829 ], [ -121.932353, 36.978854 ], [ -121.93298, 36.979058 ], [ -121.933225, 36.978075 ], [ -121.934026, 36.978107 ], [ -121.934613, 36.978208 ], [ -121.934966, 36.978335 ], [ -121.935527, 36.978408 ], [ -121.935978, 36.978504 ], [ -121.936611, 36.978545 ], [ -121.937983, 36.978446 ], [ -121.938977, 36.978315 ], [ -121.939241, 36.978237 ], [ -121.940384, 36.977372 ], [ -121.940928, 36.97716 ], [ -121.941929, 36.976627 ], [ -121.942379, 36.976354 ], [ -121.943055, 36.975817 ], [ -121.943627, 36.975164 ], [ -121.943982, 36.974858 ], [ -121.944458, 36.974619 ], [ -121.944902, 36.974271 ], [ -121.945712, 36.973822 ], [ -121.945987, 36.973626 ], [ -121.946696, 36.973289 ], [ -121.947145, 36.972961 ], [ -121.948086, 36.972376 ], [ -121.947517, 36.971561 ], [ -121.950462, 36.968974 ], [ -121.952413, 36.968046 ], [ -121.955822, 36.967958 ], [ -121.957037, 36.967461 ], [ -121.958212, 36.968461 ], [ -121.958235, 36.968739 ], [ -121.963432, 36.968269 ], [ -121.962983, 36.967825 ], [ -121.963129, 36.967647 ], [ -121.96317, 36.967404 ], [ -121.963238, 36.967287 ], [ -121.963351, 36.967196 ], [ -121.963496, 36.967141 ], [ -121.963544, 36.967133 ], [ -121.963623, 36.967499 ], [ -121.964629, 36.967497 ], [ -121.964629, 36.967192 ], [ -121.964756, 36.967195 ], [ -121.964806, 36.967246 ], [ -121.964899, 36.967245 ], [ -121.964899, 36.96785 ], [ -121.965574, 36.967838 ], [ -121.965567, 36.967492 ], [ -121.967383, 36.967469 ], [ -121.967382, 36.967127 ], [ -121.968642, 36.967111 ], [ -121.96863, 36.966424 ], [ -121.9683, 36.966428 ], [ -121.96829, 36.965757 ], [ -121.968608, 36.965751 ], [ -121.968618, 36.965221 ], [ -121.969465, 36.965227 ], [ -121.969438, 36.966418 ], [ -121.969116, 36.966421 ], [ -121.969126, 36.967098 ], [ -121.970723, 36.967079 ], [ -121.970725, 36.967536 ], [ -121.970046, 36.967594 ], [ -121.970046, 36.967654 ], [ -121.965642, 36.968069 ], [ -121.96565, 36.968432 ], [ -121.965405, 36.968435 ], [ -121.965411, 36.968851 ], [ -121.967386, 36.968839 ], [ -121.96739, 36.969932 ], [ -121.968092, 36.969927 ], [ -121.968093, 36.969973 ], [ -121.968251, 36.969972 ], [ -121.968287, 36.972906 ], [ -121.968557, 36.972905 ], [ -121.968568, 36.973143 ], [ -121.969106, 36.973136 ], [ -121.969103, 36.97309 ], [ -121.969535, 36.973086 ], [ -121.96953, 36.972641 ], [ -121.970466, 36.972629 ], [ -121.97047, 36.973161 ], [ -121.971523, 36.97318 ], [ -121.971517, 36.972722 ], [ -121.972729, 36.972708 ], [ -121.972736, 36.973084 ], [ -121.973228, 36.973079 ] ] ] } },
{ "type": "Feature", "properties": { "place": "Scotts Valley", "place_kind": "city", "county": "Santa Cruz" }, "geometry": { "type": "Polygon", "coordinates": [ [ [ -122.041703, 37.037993 ], [ -122.040933, 37.038952 ], [ -122.039595, 37.040136 ], [ -122.037862, 37.04149 ], [ -122.037437, 37.042389 ], [ -122.036941, 37.043589 ], [ -122.036853, 37.043961 ], [ -122.038243, 37.044181 ], [ -122.038424, 37.04417 ], [ -122.038577, 37.043724 ], [ -122.039319, 37.042166 ], [ -122.039431, 37.041859 ], [ -122.040188, 37.042475 ], [ -122.039362, 37.044355 ], [ -122.039085, 37.044312 ], [ -122.038326, 37.046342 ], [ -122.03861, 37.046461 ], [ -122.037911, 37.048234 ], [ -122.03715, 37.048061 ], [ -122.036527, 37.04958 ], [ -122.037316, 37.050063 ], [ -122.037786, 37.050643 ], [ -122.036917, 37.050949 ], [ -122.037188, 37.051526 ], [ -122.037201, 37.051705 ], [ -122.037132, 37.052081 ], [ -122.037283, 37.052412 ], [ -122.037305, 37.052626 ], [ -122.037277, 37.052926 ], [ -122.037194, 37.053189 ], [ -122.036868, 37.053666 ], [ -122.036704, 37.054007 ], [ -122.036561, 37.054106 ], [ -122.036329, 37.054152 ], [ -122.035676, 37.054028 ], [ -122.035406, 37.05406 ], [ -122.035355, 37.053929 ], [ -122.034643, 37.054143 ], [ -122.034473, 37.05428 ], [ -122.034249, 37.054588 ], [ -122.034047, 37.054443 ], [ -122.030577, 37.05448 ], [ -122.0306, 37.053584 ], [ -122.02928, 37.053553 ], [ -122.029211, 37.053796 ], [ -122.029072, 37.053823 ], [ -122.028918, 37.0542 ], [ -122.028999, 37.054543 ], [ -122.029176, 37.05468 ], [ -122.029137, 37.054927 ], [ -122.028695, 37.055348 ], [ -122.028672, 37.055408 ], [ -122.028749, 37.05564 ], [ -122.028715, 37.055693 ], [ -122.028378, 37.05565 ], [ -122.027008, 37.055609 ], [ -122.026963, 37.05587 ], [ -122.026997, 37.056058 ], [ -122.027773, 37.056816 ], [ -122.02749, 37.056974 ], [ -122.027122, 37.057021 ], [ -122.027216, 37.057191 ], [ -122.027696, 37.057157 ], [ -122.027737, 37.05739 ], [ -122.028172, 37.057216 ], [ -122.02855, 37.057567 ], [ -122.028027, 37.057851 ], [ -122.027803, 37.057607 ], [ -122.02753, 37.057725 ], [ -122.027705, 37.058023 ], [ -122.027449, 37.058104 ], [ -122.026917, 37.058124 ], [ -122.026895, 37.0568 ], [ -122.026859, 37.05685 ], [ -122.026469, 37.05691 ], [ -122.025764, 37.056937 ], [ -122.025765, 37.057079 ], [ -122.025689, 37.05716 ], [ -122.025591, 37.057193 ], [ -122.025414, 37.057184 ], [ -122.025082, 37.057056 ], [ -122.024807, 37.056566 ], [ -122.024583, 37.056548 ], [ -122.024417, 37.056626 ], [ -122.024399, 37.056781 ], [ -122.024474, 37.057157 ], [ -122.024445, 37.05729 ], [ -122.024262, 37.057386 ], [ -122.023137, 37.057011 ], [ -122.022739, 37.057051 ], [ -122.022438, 37.056852 ], [ -122.022201, 37.056835 ], [ -122.0218, 37.056652 ], [ -122.021639, 37.056457 ], [ -122.021661, 37.056411 ], [ -122.021483, 37.056307 ], [ -122.021266, 37.056337 ], [ -122.021125, 37.056489 ], [ -122.020887, 37.056604 ], [ -122.021043, 37.056721 ], [ -122.021326, 37.057089 ], [ -122.021708, 37.057189 ], [ -122.021751, 37.057297 ], [ -122.021501, 37.057621 ], [ -122.021159, 37.057878 ], [ -122.021296, 37.057906 ], [ -122.021226, 37.058126 ], [ -122.021295, 37.058299 ], [ -122.020995, 37.058519 ], [ -122.020746, 37.058618 ], [ -122.020657, 37.058824 ], [ -122.020999, 37.05904 ], [ -122.020904, 37.059204 ], [ -122.020341, 37.059373 ], [ -122.020336, 37.059663 ], [ -122.020174, 37.059982 ], [ -122.020032, 37.060057 ], [ -122.019728, 37.059987 ], [ -122.01947, 37.06015 ], [ -122.019129, 37.060246 ], [ -122.018864, 37.060625 ], [ -122.018589, 37.060911 ], [ -122.018569, 37.061369 ], [ -122.018286, 37.061506 ], [ -122.018101, 37.061906 ], [ -122.016983, 37.062135 ], [ -122.01563, 37.062223 ], [ -122.014963, 37.062315 ], [ -122.014588, 37.062581 ], [ -122.013811, 37.062794 ], [ -122.013878, 37.06392 ], [ -122.013621, 37.063981 ], [ -122.013544, 37.064273 ], [ -122.013034, 37.064458 ], [ -122.012943, 37.064579 ], [ -122.012617, 37.064478 ], [ -122.012303, 37.064275 ], [ -122.011407, 37.064961 ], [ -122.012046, 37.06519 ], [ -122.010843, 37.067667 ], [ -122.012274, 37.068167 ], [ -122.011935, 37.0688 ], [ -122.010236, 37.068755 ], [ -122.005366, 37.078806 ], [ -122.004984, 37.080626 ], [ -122.004464, 37.080639 ], [ -122.003639, 37.079321 ], [ -122.003561, 37.079367 ], [ -122.003452, 37.079184 ], [ -122.003277, 37.079164 ], [ -122.002843, 37.079195 ], [ -122.000859, 37.079489 ], [ -122.000581, 37.078058 ], [ -122.000258, 37.078165 ], [ -122.000047, 37.077097 ], [ -121.999253, 37.076973 ], [ -121.99787, 37.076999 ], [ -121.997368, 37.077141 ], [ -121.996174, 37.077613 ], [ -121.995204, 37.078351 ], [ -121.995058, 37.0786 ], [ -121.990429, 37.077462 ], [ -121.990629, 37.076821 ], [ -121.990456, 37.076767 ], [ -121.990357, 37.076814 ], [ -121.990156, 37.077098 ], [ -121.98981, 37.07749 ], [ -121.989648, 37.07755 ], [ -121.989537, 37.077737 ], [ -121.988878, 37.077844 ], [ -121.988722, 37.078023 ], [ -121.988466, 37.078129 ], [ -121.988075, 37.078192 ], [ -121.988043, 37.078287 ], [ -121.987769, 37.078463 ], [ -121.987686, 37.078555 ], [ -121.987863, 37.078699 ], [ -121.987899, 37.078858 ], [ -121.988113, 37.07932 ], [ -121.988367, 37.079621 ], [ -121.988363, 37.079873 ], [ -121.985754, 37.079904 ], [ -121.98504, 37.078832 ], [ -121.984237, 37.077714 ], [ -121.983887, 37.076555 ], [ -121.985121, 37.076343 ], [ -121.98614, 37.076043 ], [ -121.987163, 37.075584 ], [ -121.987711, 37.075258 ], [ -121.987811, 37.075146 ], [ -121.986805, 37.074618 ], [ -121.986294, 37.074312 ], [ -121.98593, 37.07421 ], [ -121.985215, 37.074128 ], [ -121.985334, 37.072853 ], [ -121.985476, 37.071777 ], [ -121.986055, 37.071871 ], [ -121.986139, 37.071409 ], [ -121.986286, 37.071203 ], [ -121.986546, 37.071187 ], [ -121.9868, 37.069993 ], [ -121.987582, 37.068965 ], [ -121.985804, 37.06862 ], [ -121.989098, 37.064989 ], [ -121.987403, 37.064998 ], [ -121.987625, 37.061046 ], [ -121.992632, 37.060999 ], [ -121.993234, 37.060296 ], [ -121.992552, 37.060073 ], [ -121.992477, 37.059982 ], [ -121.993328, 37.059456 ], [ -121.993579, 37.059892 ], [ -121.994039, 37.059461 ], [ -121.99404, 37.059404 ], [ -121.994275, 37.059159 ], [ -121.994334, 37.059187 ], [ -121.995163, 37.058298 ], [ -121.995104, 37.058233 ], [ -121.995081, 37.058143 ], [ -121.995139, 37.057925 ], [ -121.995135, 37.057789 ], [ -121.995088, 37.057717 ], [ -121.994993, 37.057659 ], [ -121.995104, 37.057581 ], [ -121.995317, 37.057251 ], [ -121.993566, 37.057272 ], [ -121.99301, 37.057857 ], [ -121.992295, 37.057808 ], [ -121.992602, 37.057277 ], [ -121.992123, 37.057281 ], [ -121.992123, 37.056053 ], [ -121.991438, 37.056075 ], [ -121.991456, 37.056005 ], [ -121.991753, 37.05568 ], [ -121.991794, 37.055517 ], [ -121.991788, 37.05536 ], [ -121.991712, 37.055064 ], [ -121.99138, 37.054733 ], [ -121.991157, 37.054372 ], [ -121.991186, 37.054336 ], [ -121.992096, 37.054269 ], [ -121.992034, 37.051385 ], [ -121.993725, 37.051364 ], [ -121.993699, 37.05014 ], [ -121.997059, 37.050146 ], [ -121.998027, 37.050179 ], [ -121.997772, 37.050563 ], [ -121.997512, 37.050778 ], [ -121.997364, 37.051007 ], [ -121.997588, 37.051282 ], [ -121.997903, 37.051957 ], [ -121.99795, 37.051957 ], [ -121.997978, 37.051551 ], [ -121.998062, 37.051416 ], [ -121.998519, 37.051339 ], [ -121.998577, 37.051273 ], [ -121.99868, 37.051328 ], [ -121.998661, 37.051476 ], [ -121.998467, 37.051582 ], [ -121.998449, 37.051678 ], [ -122.00043, 37.052492 ], [ -122.001583, 37.051423 ], [ -122.002276, 37.05072 ], [ -122.003044, 37.051035 ], [ -122.003686, 37.050354 ], [ -122.004913, 37.048627 ], [ -122.004544, 37.048359 ], [ -122.004628, 37.048157 ], [ -122.004393, 37.047996 ], [ -122.004545, 37.047594 ], [ -122.007596, 37.048417 ], [ -122.008628, 37.048634 ], [ -122.009251, 37.048362 ], [ -122.009624, 37.048492 ], [ -122.010263, 37.048357 ], [ -122.010877, 37.047854 ], [ -122.011699, 37.047889 ], [ -122.011695, 37.048567 ], [ -122.011736, 37.048656 ], [ -122.012308, 37.048362 ], [ -122.014139, 37.045881 ], [ -122.014577, 37.045218 ], [ -122.014713, 37.044958 ], [ -122.008743, 37.042843 ], [ -122.009605, 37.042497 ], [ -122.010218, 37.042 ], [ -122.010331, 37.041254 ], [ -122.011427, 37.039906 ], [ -122.011582, 37.03912 ], [ -122.011723, 37.038765 ], [ -122.012085, 37.038173 ], [ -122.012051, 37.037754 ], [ -122.012145, 37.037497 ], [ -122.012222, 37.036911 ], [ -122.012345, 37.036679 ], [ -122.012463, 37.036125 ], [ -122.017841, 37.035207 ], [ -122.017931, 37.035744 ], [ -122.019511, 37.035487 ], [ -122.019554, 37.034914 ], [ -122.019507, 37.034634 ], [ -122.019572, 37.03446 ], [ -122.019555, 37.033976 ], [ -122.020805, 37.033945 ], [ -122.02079, 37.033679 ], [ -122.020872, 37.033669 ], [ -122.02087, 37.033161 ], [ -122.021147, 37.033156 ], [ -122.02237, 37.03331 ], [ -122.022976, 37.033336 ], [ -122.023036, 37.032984 ], [ -122.023109, 37.032936 ], [ -122.023037, 37.032929 ], [ -122.023106, 37.032638 ], [ -122.02516, 37.032896 ], [ -122.02548, 37.032863 ], [ -122.032792, 37.029183 ], [ -122.035021, 37.031228 ], [ -122.032458, 37.033686 ], [ -122.028514, 37.035093 ], [ -122.023238, 37.037123 ], [ -122.023249, 37.037189 ], [ -122.023222, 37.037194 ], [ -122.023303, 37.037426 ], [ -122.02338, 37.037536 ], [ -122.023847, 37.038799 ], [ -122.023781, 37.038834 ], [ -122.024582, 37.039489 ], [ -122.024934, 37.039352 ], [ -122.024896, 37.039224 ], [ -122.024949, 37.039174 ], [ -122.025288, 37.039399 ], [ -122.025678, 37.039551 ], [ -122.025974, 37.039587 ], [ -122.026034, 37.039581 ], [ -122.026219, 37.039089 ], [ -122.026609, 37.039159 ], [ -122.02807, 37.038896 ], [ -122.028324, 37.038909 ], [ -122.028238, 37.03859 ], [ -122.028526, 37.038565 ], [ -122.02877, 37.038448 ], [ -122.030402, 37.039387 ], [ -122.03347, 37.036202 ], [ -122.03367, 37.036293 ], [ -122.034118, 37.0368 ], [ -122.035418, 37.036919 ], [ -122.036445, 37.037484 ], [ -122.037903, 37.037009 ], [ -122.039814, 37.03568 ], [ -122.040908, 37.036625 ], [ -122.041703, 37.037993 ] ] ] } },
{ "type": "Feature", "properties": { "place": "Soledad", "place_kind": "city", "county": "Santa Cruz" }, "geometry": { "type": "MultiPolygon", "coordinates": [ [ [ [ -121.322041, 36.402018 ], [ -121.321744, 36.402221 ], [ -121.321144, 36.402484 ], [ -121.319344, 36.403174 ], [ -121.318674, 36.40383 ], [ -121.318215, 36.406101 ], [ -121.318057, 36.405749 ], [ -121.317782, 36.404972 ], [ -121.317657, 36.40478 ], [ -121.317606, 36.404549 ], [ -121.317408, 36.404046 ], [ -121.317434, 36.403674 ], [ -121.317597, 36.403336 ], [ -121.317734, 36.403181 ], [ -121.318045, 36.402962 ], [ -121.318991, 36.402646 ], [ -121.321808, 36.40129 ], [ -121.322041, 36.402018 ] ] ], [ [ [ -121.337601, 36.46176 ], [ -121.337581, 36.470269 ], [ -121.331894, 36.471963 ], [ -121.331878, 36.46882 ], [ -121.331913, 36.461922 ], [ -121.337601, 36.46176 ] ] ], [ [ [ -121.338145, 36.434316 ], [ -121.337925, 36.434395 ], [ -121.33777, 36.434499 ], [ -121.337699, 36.434605 ], [ -121.337663, 36.434771 ], [ -121.337656, 36.434855 ], [ -121.33772, 36.434918 ], [ -121.338042, 36.435104 ], [ -121.337198, 36.43614 ], [ -121.336145, 36.436762 ], [ -121.333616, 36.436755 ], [ -121.333628, 36.443772 ], [ -121.333581, 36.445174 ], [ -121.33198, 36.445197 ], [ -121.316914, 36.445103 ], [ -121.316937, 36.441547 ], [ -121.311835, 36.441527 ], [ -121.311847, 36.429391 ], [ -121.311909, 36.42918 ], [ -121.311975, 36.429104 ], [ -121.306504, 36.429128 ], [ -121.306506, 36.425079 ], [ -121.308333, 36.425387 ], [ -121.30924, 36.425491 ], [ -121.30981, 36.425605 ], [ -121.309771, 36.423525 ], [ -121.311653, 36.42386 ], [ -121.311772, 36.423582 ], [ -121.31184, 36.42325 ], [ -121.311869, 36.417945 ], [ -121.311809, 36.41763 ], [ -121.311902, 36.411006 ], [ -121.319415, 36.411382 ], [ -121.319621, 36.411503 ], [ -121.319797, 36.4115 ], [ -121.321103, 36.415538 ], [ -121.321374, 36.416266 ], [ -121.321594, 36.416739 ], [ -121.322029, 36.417503 ], [ -121.322804, 36.418593 ], [ -121.325672, 36.421829 ], [ -121.32637, 36.422546 ], [ -121.327048, 36.423178 ], [ -121.328318, 36.424263 ], [ -121.330045, 36.425469 ], [ -121.334798, 36.428347 ], [ -121.335201, 36.428636 ], [ -121.335746, 36.429118 ], [ -121.336212, 36.429651 ], [ -121.336588, 36.430212 ], [ -121.336915, 36.430906 ], [ -121.337036, 36.431261 ], [ -121.337561, 36.431601 ], [ -121.337235, 36.431846 ], [ -121.337342, 36.432156 ], [ -121.337608, 36.433246 ], [ -121.337708, 36.433463 ], [ -121.337874, 36.433681 ], [ -121.338255, 36.43432 ], [ -121.338145, 36.434316 ] ] ], [ [ [ -121.360114, 36.417516 ], [ -121.357804, 36.426689 ], [ -121.356827, 36.426851 ], [ -121.354164, 36.426898 ], [ -121.351784, 36.426692 ], [ -121.35085, 36.42651 ], [ -121.3481, 36.425618 ], [ -121.346939, 36.425046 ], [ -121.345919, 36.424702 ], [ -121.345409, 36.424451 ], [ -121.344361, 36.424291 ], [ -121.343398, 36.423993 ], [ -121.342633, 36.423627 ], [ -121.341795, 36.423032 ], [ -121.341531, 36.422953 ], [ -121.339776, 36.422625 ], [ -121.338818, 36.422187 ], [ -121.338811, 36.420715 ], [ -121.33705, 36.419763 ], [ -121.33764, 36.419147 ], [ -121.337971, 36.41896 ], [ -121.338304, 36.418532 ], [ -121.339799, 36.417332 ], [ -121.339812, 36.415304 ], [ -121.340559, 36.415694 ], [ -121.340979, 36.415961 ], [ -121.341295, 36.416077 ], [ -121.34703, 36.419075 ], [ -121.353267, 36.417819 ], [ -121.357671, 36.415117 ], [ -121.358291, 36.415615 ], [ -121.359382, 36.416289 ], [ -121.359773, 36.416805 ], [ -121.360114, 36.417516 ] ] ], [ [ [ -121.391626, 36.46687 ], [ -121.39119, 36.467344 ], [ -121.388696, 36.469552 ], [ -121.38509, 36.473122 ], [ -121.383537, 36.474362 ], [ -121.376043, 36.481588 ], [ -121.36882, 36.48885 ], [ -121.368185, 36.488916 ], [ -121.368252, 36.474312 ], [ -121.36217, 36.474234 ], [ -121.378182, 36.458852 ], [ -121.378412, 36.458486 ], [ -121.381081, 36.460204 ], [ -121.383839, 36.462262 ], [ -121.384879, 36.463141 ], [ -121.385332, 36.463484 ], [ -121.386545, 36.464203 ], [ -121.390021, 36.465998 ], [ -121.391626, 36.46687 ] ] ] ] } },
{ "type": "Feature", "properties": { "place": "Marina", "place_kind": "city", "county": "Monterey" }, "geometry": { "type": "Polygon", "coordinates": [ [ [ -121.820762, 36.685658 ], [ -121.81933, 36.687046 ], [ -121.81907, 36.687473 ], [ -121.818811, 36.688061 ], [ -121.817789, 36.691059 ], [ -121.815637, 36.69894 ], [ -121.812357, 36.713931 ], [ -121.811761, 36.719638 ], [ -121.811212, 36.723376 ], [ -121.810862, 36.727057 ], [ -121.810652, 36.728507 ], [ -121.806712, 36.728534 ], [ -121.798357, 36.72503 ], [ -121.798661, 36.724685 ], [ -121.798547, 36.724216 ], [ -121.798949, 36.723854 ], [ -121.799255, 36.723814 ], [ -121.799877, 36.722999 ], [ -121.798979, 36.717997 ], [ -121.799529, 36.715913 ], [ -121.800609, 36.713907 ], [ -121.799954, 36.71265 ], [ -121.799645, 36.712276 ], [ -121.798799, 36.712017 ], [ -121.799002, 36.711554 ], [ -121.800944, 36.712031 ], [ -121.801012, 36.709449 ], [ -121.801171, 36.708943 ], [ -121.801322, 36.707722 ], [ -121.802205, 36.706706 ], [ -121.802327, 36.70642 ], [ -121.802697, 36.705386 ], [ -121.80274, 36.704779 ], [ -121.802867, 36.703819 ], [ -121.80138, 36.703259 ], [ -121.800465, 36.702876 ], [ -121.800316, 36.703088 ], [ -121.800132, 36.703258 ], [ -121.799621, 36.704154 ], [ -121.799379, 36.705259 ], [ -121.799118, 36.705867 ], [ -121.79858, 36.706627 ], [ -121.789768, 36.702265 ], [ -121.787368, 36.701533 ], [ -121.779684, 36.698868 ], [ -121.78343, 36.689098 ], [ -121.783478, 36.688641 ], [ -121.782861, 36.687158 ], [ -121.756835, 36.696261 ], [ -121.756963, 36.695837 ], [ -121.757021, 36.695236 ], [ -121.757104, 36.693597 ], [ -121.757071, 36.693029 ], [ -121.75716, 36.692329 ], [ -121.75721, 36.69209 ], [ -121.758007, 36.690107 ], [ -121.75825, 36.689427 ], [ -121.758364, 36.68781 ], [ -121.758543, 36.687033 ], [ -121.757917, 36.686037 ], [ -121.756719, 36.686604 ], [ -121.755906, 36.687092 ], [ -121.755869, 36.686616 ], [ -121.755771, 36.686175 ], [ -121.755405, 36.685625 ], [ -121.75514, 36.685056 ], [ -121.754054, 36.683192 ], [ -121.753827, 36.682557 ], [ -121.753656, 36.682314 ], [ -121.75352, 36.68194 ], [ -121.753234, 36.681355 ], [ -121.752996, 36.680983 ], [ -121.752515, 36.680649 ], [ -121.751828, 36.680254 ], [ -121.750479, 36.679579 ], [ -121.748098, 36.678566 ], [ -121.747747, 36.678459 ], [ -121.747115, 36.678458 ], [ -121.746461, 36.678407 ], [ -121.74564, 36.678262 ], [ -121.745083, 36.678118 ], [ -121.745739, 36.677925 ], [ -121.74655, 36.677608 ], [ -121.747595, 36.677156 ], [ -121.748376, 36.676732 ], [ -121.749594, 36.675957 ], [ -121.750443, 36.675168 ], [ -121.751235, 36.674316 ], [ -121.756736, 36.666857 ], [ -121.759139, 36.668062 ], [ -121.760904, 36.668908 ], [ -121.766527, 36.671523 ], [ -121.767199, 36.670765 ], [ -121.768072, 36.669995 ], [ -121.773845, 36.665758 ], [ -121.774493, 36.665357 ], [ -121.775702, 36.664781 ], [ -121.776198, 36.664602 ], [ -121.777396, 36.664269 ], [ -121.782145, 36.663258 ], [ -121.784786, 36.662629 ], [ -121.785286, 36.662529 ], [ -121.78872, 36.662037 ], [ -121.789718, 36.661839 ], [ -121.789751, 36.654695 ], [ -121.801329, 36.654781 ], [ -121.801331, 36.652872 ], [ -121.814358, 36.652934 ], [ -121.814756, 36.652858 ], [ -121.815983, 36.652274 ], [ -121.816986, 36.654478 ], [ -121.81713, 36.654881 ], [ -121.817281, 36.655448 ], [ -121.817384, 36.656915 ], [ -121.8169, 36.661407 ], [ -121.816689, 36.662727 ], [ -121.816496, 36.663451 ], [ -121.815829, 36.665316 ], [ -121.815199, 36.666932 ], [ -121.814335, 36.669057 ], [ -121.814073, 36.669558 ], [ -121.813123, 36.670832 ], [ -121.812951, 36.671021 ], [ -121.807979, 36.678443 ], [ -121.808309, 36.679781 ], [ -121.814462, 36.682858 ], [ -121.820762, 36.685658 ] ] ] } },
{ "type": "Feature", "properties": { "place": "Sand City", "place_kind": "city", "county": "Monterey" }, "geometry": { "type": "Polygon", "coordinates": [ [ [ -121.881001, 36.632025 ], [ -121.865664, 36.644959 ], [ -121.842263, 36.630059 ], [ -121.839294, 36.627614 ], [ -121.839756, 36.626876 ], [ -121.841173, 36.624984 ], [ -121.841227, 36.624718 ], [ -121.841296, 36.624567 ], [ -121.841322, 36.624107 ], [ -121.841419, 36.62373 ], [ -121.841383, 36.622267 ], [ -121.841599, 36.621729 ], [ -121.843891, 36.617513 ], [ -121.844669, 36.616242 ], [ -121.845639, 36.614746 ], [ -121.846067, 36.614171 ], [ -121.847025, 36.61306 ], [ -121.85055, 36.611095 ], [ -121.852111, 36.610267 ], [ -121.852128, 36.610021 ], [ -121.854948, 36.610145 ], [ -121.85502, 36.610222 ], [ -121.855044, 36.612132 ], [ -121.855105, 36.612392 ], [ -121.85606, 36.612427 ], [ -121.85613, 36.612395 ], [ -121.857268, 36.613018 ], [ -121.857389, 36.6129 ], [ -121.857833, 36.61314 ], [ -121.859317, 36.614191 ], [ -121.859765, 36.614399 ], [ -121.873618, 36.625846 ], [ -121.873693, 36.625771 ], [ -121.881001, 36.632025 ] ] ] } },
{ "type": "Feature", "properties": { "place": "Seaside", "place_kind": "city", "county": "Monterey" }, "geometry": { "type": "Polygon", "coordinates": [ [ [ -121.874714, 36.624755 ], [ -121.873618, 36.625846 ], [ -121.859765, 36.614399 ], [ -121.859317, 36.614191 ], [ -121.857833, 36.61314 ], [ -121.857389, 36.6129 ], [ -121.857268, 36.613018 ], [ -121.85613, 36.612395 ], [ -121.85606, 36.612427 ], [ -121.855105, 36.612392 ], [ -121.855044, 36.612132 ], [ -121.85502, 36.610222 ], [ -121.854948, 36.610145 ], [ -121.852128, 36.610021 ], [ -121.852111, 36.610267 ], [ -121.85055, 36.611095 ], [ -121.847025, 36.61306 ], [ -121.846067, 36.614171 ], [ -121.845639, 36.614746 ], [ -121.844669, 36.616242 ], [ -121.843891, 36.617513 ], [ -121.841599, 36.621729 ], [ -121.841383, 36.622267 ], [ -121.841419, 36.62373 ], [ -121.841322, 36.624107 ], [ -121.841296, 36.624567 ], [ -121.841227, 36.624718 ], [ -121.841173, 36.624984 ], [ -121.839756, 36.626876 ], [ -121.839044, 36.628013 ], [ -121.837499, 36.629465 ], [ -121.834665, 36.632432 ], [ -121.833048, 36.634223 ], [ -121.832084, 36.636164 ], [ -121.831892, 36.636448 ], [ -121.831367, 36.636951 ], [ -121.830895, 36.637467 ], [ -121.826315, 36.641488 ], [ -121.825667, 36.642111 ], [ -121.823603, 36.643535 ], [ -121.821285, 36.6449 ], [ -121.818896, 36.646412 ], [ -121.81864, 36.646438 ], [ -121.817385, 36.647125 ], [ -121.816362, 36.647809 ], [ -121.816155, 36.648059 ], [ -121.815507, 36.648573 ], [ -121.815253, 36.648878 ], [ -121.815109, 36.649151 ], [ -121.815025, 36.649447 ], [ -121.815007, 36.649973 ], [ -121.815092, 36.650345 ], [ -121.81575, 36.652385 ], [ -121.814756, 36.652858 ], [ -121.814358, 36.652934 ], [ -121.801331, 36.652872 ], [ -121.801329, 36.654781 ], [ -121.789751, 36.654695 ], [ -121.789768, 36.650758 ], [ -121.789832, 36.646241 ], [ -121.79003, 36.643853 ], [ -121.79218, 36.638556 ], [ -121.794819, 36.631474 ], [ -121.796487, 36.627289 ], [ -121.808278, 36.59681 ], [ -121.819587, 36.596725 ], [ -121.820579, 36.596822 ], [ -121.82076, 36.596903 ], [ -121.829572, 36.596839 ], [ -121.842697, 36.597138 ], [ -121.844394, 36.59706 ], [ -121.845807, 36.597096 ], [ -121.846843, 36.59714 ], [ -121.850052, 36.599736 ], [ -121.850266, 36.599401 ], [ -121.850509, 36.599107 ], [ -121.850753, 36.598871 ], [ -121.851313, 36.598447 ], [ -121.851533, 36.598557 ], [ -121.851798, 36.598629 ], [ -121.852317, 36.59935 ], [ -121.852965, 36.599601 ], [ -121.85402, 36.60023 ], [ -121.854824, 36.600444 ], [ -121.855266, 36.600782 ], [ -121.85558, 36.600914 ], [ -121.856074, 36.60137 ], [ -121.856286, 36.601903 ], [ -121.856068, 36.602496 ], [ -121.855871, 36.602713 ], [ -121.856936, 36.603428 ], [ -121.857213, 36.603766 ], [ -121.857571, 36.604115 ], [ -121.858517, 36.605491 ], [ -121.859259, 36.606077 ], [ -121.859727, 36.605786 ], [ -121.860134, 36.606223 ], [ -121.86025, 36.6064 ], [ -121.860351, 36.606683 ], [ -121.860346, 36.607088 ], [ -121.860307, 36.607214 ], [ -121.860144, 36.607495 ], [ -121.859878, 36.60773 ], [ -121.859665, 36.607865 ], [ -121.857785, 36.60895 ], [ -121.857933, 36.609209 ], [ -121.858007, 36.609434 ], [ -121.857889, 36.609512 ], [ -121.857682, 36.611279 ], [ -121.857672, 36.611576 ], [ -121.858375, 36.611979 ], [ -121.858844, 36.612335 ], [ -121.863335, 36.615921 ], [ -121.865752, 36.617904 ], [ -121.874714, 36.624755 ] ] ] } },
{ "type": "Feature", "properties": { "place": "Salinas", "place_kind": "city", "county": "Monterey" }, "geometry": { "type": "MultiPolygon", "coordinates": [ [ [ [ -121.685097, 36.666806 ], [ -121.675019, 36.678519 ], [ -121.67483, 36.678843 ], [ -121.674629, 36.679402 ], [ -121.674561, 36.679942 ], [ -121.674666, 36.680471 ], [ -121.674894, 36.681226 ], [ -121.675015, 36.682114 ], [ -121.675011, 36.682388 ], [ -121.67487, 36.682703 ], [ -121.674747, 36.682845 ], [ -121.674541, 36.682996 ], [ -121.673774, 36.683359 ], [ -121.673623, 36.683534 ], [ -121.67322, 36.684178 ], [ -121.673066, 36.684125 ], [ -121.672577, 36.684949 ], [ -121.673684, 36.68535 ], [ -121.673154, 36.686085 ], [ -121.672816, 36.687066 ], [ -121.672676, 36.687569 ], [ -121.670736, 36.689493 ], [ -121.670482, 36.689759 ], [ -121.670164, 36.690171 ], [ -121.669978, 36.690436 ], [ -121.668428, 36.693321 ], [ -121.671298, 36.694314 ], [ -121.67053, 36.695993 ], [ -121.671809, 36.697167 ], [ -121.671173, 36.69816 ], [ -121.6684, 36.698013 ], [ -121.668256, 36.698217 ], [ -121.6694, 36.698544 ], [ -121.668635, 36.699711 ], [ -121.669842, 36.700144 ], [ -121.668238, 36.702606 ], [ -121.670485, 36.703394 ], [ -121.66964, 36.704705 ], [ -121.671299, 36.704455 ], [ -121.672519, 36.70431 ], [ -121.670744, 36.705649 ], [ -121.670613, 36.705636 ], [ -121.665676, 36.709199 ], [ -121.66414, 36.710408 ], [ -121.663434, 36.71203 ], [ -121.663286, 36.712644 ], [ -121.663271, 36.712988 ], [ -121.66331, 36.713321 ], [ -121.663511, 36.71395 ], [ -121.663706, 36.714331 ], [ -121.663866, 36.714548 ], [ -121.664399, 36.714943 ], [ -121.666884, 36.717113 ], [ -121.669207, 36.719308 ], [ -121.665122, 36.722258 ], [ -121.665004, 36.722787 ], [ -121.664753, 36.722714 ], [ -121.664078, 36.722606 ], [ -121.663999, 36.722522 ], [ -121.663866, 36.722172 ], [ -121.663457, 36.722251 ], [ -121.662742, 36.722302 ], [ -121.661419, 36.722242 ], [ -121.659674, 36.722076 ], [ -121.658322, 36.721818 ], [ -121.657939, 36.721773 ], [ -121.657908, 36.722029 ], [ -121.658084, 36.7222 ], [ -121.658298, 36.722696 ], [ -121.65855, 36.724141 ], [ -121.658537, 36.724515 ], [ -121.658327, 36.725467 ], [ -121.658265, 36.725555 ], [ -121.658187, 36.726163 ], [ -121.658011, 36.726167 ], [ -121.658009, 36.72651 ], [ -121.658167, 36.726512 ], [ -121.658138, 36.727008 ], [ -121.657349, 36.730081 ], [ -121.65662, 36.732515 ], [ -121.656189, 36.733818 ], [ -121.656189, 36.734434 ], [ -121.648082, 36.732195 ], [ -121.641102, 36.730213 ], [ -121.64094, 36.730399 ], [ -121.632123, 36.727614 ], [ -121.630356, 36.730965 ], [ -121.627775, 36.729576 ], [ -121.626842, 36.729218 ], [ -121.62611, 36.729066 ], [ -121.615961, 36.728164 ], [ -121.618788, 36.725526 ], [ -121.619722, 36.724711 ], [ -121.620201, 36.724112 ], [ -121.620657, 36.723321 ], [ -121.62092, 36.722602 ], [ -121.621429, 36.720974 ], [ -121.609992, 36.720259 ], [ -121.609327, 36.722335 ], [ -121.606434, 36.721701 ], [ -121.60592, 36.721555 ], [ -121.604991, 36.721164 ], [ -121.60458, 36.72094 ], [ -121.603927, 36.720523 ], [ -121.603335, 36.720225 ], [ -121.60279, 36.720004 ], [ -121.602255, 36.719835 ], [ -121.60148, 36.719675 ], [ -121.60098, 36.71959 ], [ -121.599332, 36.719486 ], [ -121.599322, 36.719425 ], [ -121.592878, 36.719025 ], [ -121.592787, 36.71888 ], [ -121.592444, 36.718511 ], [ -121.590305, 36.716319 ], [ -121.581199, 36.706457 ], [ -121.576549, 36.701665 ], [ -121.573926, 36.698502 ], [ -121.574144, 36.698406 ], [ -121.574062, 36.698314 ], [ -121.581372, 36.694055 ], [ -121.587886, 36.690503 ], [ -121.590442, 36.688846 ], [ -121.590518, 36.688934 ], [ -121.596643, 36.685573 ], [ -121.593476, 36.681972 ], [ -121.591018, 36.678578 ], [ -121.590567, 36.678043 ], [ -121.600572, 36.67227 ], [ -121.592905, 36.663676 ], [ -121.594558, 36.66331 ], [ -121.596306, 36.662284 ], [ -121.597582, 36.661697 ], [ -121.597935, 36.660836 ], [ -121.598572, 36.66016 ], [ -121.598276, 36.659799 ], [ -121.598705, 36.659329 ], [ -121.598859, 36.659287 ], [ -121.599399, 36.65928 ], [ -121.597668, 36.657029 ], [ -121.599354, 36.656223 ], [ -121.598022, 36.654469 ], [ -121.59777, 36.654039 ], [ -121.5983, 36.65379 ], [ -121.59613, 36.651012 ], [ -121.595127, 36.650591 ], [ -121.595567, 36.64992 ], [ -121.596605, 36.651216 ], [ -121.612599, 36.657963 ], [ -121.614142, 36.656912 ], [ -121.61453, 36.656732 ], [ -121.614681, 36.656757 ], [ -121.614981, 36.656938 ], [ -121.616924, 36.656953 ], [ -121.618335, 36.656421 ], [ -121.618404, 36.656313 ], [ -121.618536, 36.65606 ], [ -121.618664, 36.655647 ], [ -121.618706, 36.655262 ], [ -121.618701, 36.654957 ], [ -121.618602, 36.654511 ], [ -121.618111, 36.653197 ], [ -121.618531, 36.653063 ], [ -121.616731, 36.649957 ], [ -121.61761, 36.650045 ], [ -121.618159, 36.650177 ], [ -121.618829, 36.650437 ], [ -121.619253, 36.650092 ], [ -121.613971, 36.646245 ], [ -121.608636, 36.642477 ], [ -121.608778, 36.642282 ], [ -121.608644, 36.642188 ], [ -121.610649, 36.639029 ], [ -121.614541, 36.641864 ], [ -121.616462, 36.639733 ], [ -121.628825, 36.644118 ], [ -121.629845, 36.644322 ], [ -121.631418, 36.64422 ], [ -121.633143, 36.644335 ], [ -121.63416, 36.644704 ], [ -121.633503, 36.645808 ], [ -121.635713, 36.64668 ], [ -121.640462, 36.648347 ], [ -121.638104, 36.652596 ], [ -121.638667, 36.652799 ], [ -121.639086, 36.652503 ], [ -121.639616, 36.652225 ], [ -121.640136, 36.652022 ], [ -121.640766, 36.651846 ], [ -121.641116, 36.651781 ], [ -121.641852, 36.651712 ], [ -121.642171, 36.651704 ], [ -121.642959, 36.651767 ], [ -121.660215, 36.655719 ], [ -121.660471, 36.655075 ], [ -121.661061, 36.65325 ], [ -121.66201, 36.650548 ], [ -121.662759, 36.650814 ], [ -121.662482, 36.651692 ], [ -121.662569, 36.651731 ], [ -121.6623, 36.652574 ], [ -121.662222, 36.652555 ], [ -121.66197, 36.653383 ], [ -121.663189, 36.653833 ], [ -121.663288, 36.653809 ], [ -121.663416, 36.653841 ], [ -121.664474, 36.654214 ], [ -121.664725, 36.654405 ], [ -121.666652, 36.655159 ], [ -121.66716, 36.655411 ], [ -121.669012, 36.656103 ], [ -121.669374, 36.656288 ], [ -121.673721, 36.657919 ], [ -121.675417, 36.658603 ], [ -121.673304, 36.662306 ], [ -121.683874, 36.666317 ], [ -121.685097, 36.666806 ] ] ], [ [ [ -121.685912, 36.661695 ], [ -121.685431, 36.662289 ], [ -121.685826, 36.662443 ], [ -121.68372, 36.664941 ], [ -121.682786, 36.662707 ], [ -121.682692, 36.662401 ], [ -121.682472, 36.661884 ], [ -121.682806, 36.661288 ], [ -121.681741, 36.66088 ], [ -121.681309, 36.66048 ], [ -121.680874, 36.66017 ], [ -121.681633, 36.658555 ], [ -121.681393, 36.658476 ], [ -121.681069, 36.658971 ], [ -121.680266, 36.6589 ], [ -121.681283, 36.657704 ], [ -121.684083, 36.658954 ], [ -121.68666, 36.656042 ], [ -121.686765, 36.656096 ], [ -121.684196, 36.659013 ], [ -121.686998, 36.660492 ], [ -121.685912, 36.661695 ] ] ] ] } },
{ "type": "Feature", "properties": { "place": "Amesti", "place_kind": "cdp", "county": "Santa Cruz" }, "geometry": { "type": "Polygon", "coordinates": [ [ [ -121.799904, 36.964681 ], [ -121.799895, 36.965108 ], [ -121.799792, 36.965349 ], [ -121.799561, 36.9657 ], [ -121.799488, 36.965903 ], [ -121.799252, 36.966981 ], [ -121.799192, 36.967153 ], [ -121.799046, 36.967408 ], [ -121.798612, 36.967773 ], [ -121.798067, 36.967824 ], [ -121.797867, 36.967885 ], [ -121.797703, 36.967987 ], [ -121.797584, 36.968119 ], [ -121.797109, 36.968861 ], [ -121.796783, 36.969815 ], [ -121.796507, 36.97032 ], [ -121.796648, 36.971106 ], [ -121.796625, 36.971197 ], [ -121.7965, 36.971262 ], [ -121.794468, 36.971223 ], [ -121.792463, 36.97124 ], [ -121.791934, 36.971306 ], [ -121.789757, 36.971714 ], [ -121.789181, 36.971755 ], [ -121.787781, 36.971698 ], [ -121.786967, 36.971624 ], [ -121.785243, 36.971253 ], [ -121.784294, 36.971196 ], [ -121.772257, 36.971193 ], [ -121.77208, 36.97123 ], [ -121.771961, 36.971307 ], [ -121.768733, 36.969713 ], [ -121.768438, 36.969606 ], [ -121.768187, 36.969565 ], [ -121.765509, 36.969373 ], [ -121.765259, 36.969308 ], [ -121.765144, 36.969247 ], [ -121.765018, 36.969078 ], [ -121.765004, 36.968827 ], [ -121.764868, 36.950066 ], [ -121.76661, 36.950389 ], [ -121.767068, 36.950695 ], [ -121.767029, 36.950734 ], [ -121.766934, 36.951203 ], [ -121.767474, 36.952018 ], [ -121.767315, 36.95265 ], [ -121.767418, 36.953186 ], [ -121.767727, 36.954067 ], [ -121.76813, 36.954648 ], [ -121.768421, 36.955281 ], [ -121.768825, 36.955562 ], [ -121.769227, 36.955966 ], [ -121.769444, 36.95609 ], [ -121.769572, 36.95623 ], [ -121.769628, 36.956644 ], [ -121.769891, 36.957111 ], [ -121.769934, 36.957508 ], [ -121.771715, 36.957494 ], [ -121.771714, 36.957313 ], [ -121.77396, 36.956564 ], [ -121.773907, 36.955323 ], [ -121.773769, 36.955124 ], [ -121.773122, 36.954851 ], [ -121.772918, 36.95471 ], [ -121.77275, 36.95465 ], [ -121.772546, 36.954288 ], [ -121.771955, 36.954034 ], [ -121.771825, 36.953884 ], [ -121.771929, 36.953644 ], [ -121.772392, 36.953303 ], [ -121.771518, 36.952604 ], [ -121.770991, 36.952263 ], [ -121.770633, 36.952097 ], [ -121.77077, 36.951889 ], [ -121.770936, 36.951766 ], [ -121.770865, 36.951594 ], [ -121.770698, 36.951571 ], [ -121.770575, 36.951351 ], [ -121.77027, 36.951075 ], [ -121.769968, 36.950727 ], [ -121.769967, 36.950464 ], [ -121.768291, 36.950503 ], [ -121.768298, 36.950389 ], [ -121.768151, 36.950382 ], [ -121.768224, 36.950258 ], [ -121.766356, 36.948976 ], [ -121.765467, 36.948115 ], [ -121.769542, 36.940821 ], [ -121.770374, 36.939116 ], [ -121.771541, 36.940027 ], [ -121.771977, 36.9405 ], [ -121.772702, 36.941131 ], [ -121.772882, 36.941242 ], [ -121.773326, 36.941429 ], [ -121.773482, 36.941426 ], [ -121.77387, 36.941587 ], [ -121.774692, 36.941677 ], [ -121.774998, 36.94166 ], [ -121.77545, 36.941497 ], [ -121.776044, 36.941123 ], [ -121.776713, 36.941009 ], [ -121.777413, 36.941139 ], [ -121.778493, 36.941482 ], [ -121.778686, 36.941478 ], [ -121.77907, 36.941644 ], [ -121.779814, 36.941879 ], [ -121.780724, 36.942342 ], [ -121.781206, 36.942728 ], [ -121.781419, 36.942987 ], [ -121.781842, 36.943315 ], [ -121.782376, 36.943619 ], [ -121.783568, 36.944199 ], [ -121.783982, 36.944531 ], [ -121.784264, 36.944944 ], [ -121.784318, 36.94636 ], [ -121.784381, 36.946626 ], [ -121.784569, 36.947025 ], [ -121.784757, 36.947246 ], [ -121.785042, 36.947464 ], [ -121.785394, 36.947871 ], [ -121.786029, 36.948437 ], [ -121.786713, 36.948959 ], [ -121.787303, 36.949208 ], [ -121.787797, 36.949457 ], [ -121.789112, 36.949875 ], [ -121.789651, 36.950119 ], [ -121.790236, 36.950323 ], [ -121.790356, 36.950395 ], [ -121.790431, 36.950541 ], [ -121.790526, 36.951031 ], [ -121.790739, 36.951489 ], [ -121.791238, 36.951665 ], [ -121.791632, 36.951625 ], [ -121.792245, 36.951475 ], [ -121.792444, 36.951674 ], [ -121.792639, 36.952019 ], [ -121.792965, 36.9523 ], [ -121.793401, 36.952386 ], [ -121.794275, 36.952394 ], [ -121.794214, 36.953094 ], [ -121.79418, 36.953176 ], [ -121.793991, 36.953376 ], [ -121.793974, 36.953445 ], [ -121.793931, 36.953996 ], [ -121.793943, 36.954571 ], [ -121.794006, 36.955202 ], [ -121.794211, 36.95576 ], [ -121.79439, 36.956036 ], [ -121.794758, 36.956312 ], [ -121.795099, 36.95647 ], [ -121.796612, 36.956906 ], [ -121.797074, 36.957079 ], [ -121.798279, 36.957335 ], [ -121.798433, 36.957459 ], [ -121.798407, 36.957714 ], [ -121.798291, 36.958021 ], [ -121.798278, 36.958375 ], [ -121.798474, 36.958624 ], [ -121.799068, 36.95912 ], [ -121.799166, 36.959313 ], [ -121.799174, 36.959534 ], [ -121.799097, 36.959892 ], [ -121.798934, 36.960291 ], [ -121.79872, 36.960563 ], [ -121.798421, 36.960863 ], [ -121.798352, 36.961386 ], [ -121.798112, 36.961765 ], [ -121.797979, 36.962112 ], [ -121.797949, 36.962302 ], [ -121.79808, 36.963332 ], [ -121.798033, 36.963576 ], [ -121.79805, 36.963673 ], [ -121.798118, 36.96379 ], [ -121.798263, 36.963907 ], [ -121.799075, 36.964118 ], [ -121.799511, 36.964281 ], [ -121.799853, 36.96457 ], [ -121.799904, 36.964681 ] ] ] } },
{ "type": "Feature", "properties": { "place": "Aptos", "place_kind": "cdp", "county": "Santa Cruz" }, "geometry": { "type": "Polygon", "coordinates": [ [ [ -121.931427, 36.983729 ], [ -121.930944, 36.984143 ], [ -121.930719, 36.98427 ], [ -121.930351, 36.984556 ], [ -121.930183, 36.984743 ], [ -121.930012, 36.985079 ], [ -121.929986, 36.985323 ], [ -121.930038, 36.985977 ], [ -121.930092, 36.986141 ], [ -121.930144, 36.986189 ], [ -121.930259, 36.98647 ], [ -121.930303, 36.986511 ], [ -121.930355, 36.986886 ], [ -121.930327, 36.987034 ], [ -121.930169, 36.987345 ], [ -121.929858, 36.987699 ], [ -121.929436, 36.988075 ], [ -121.929372, 36.988243 ], [ -121.929339, 36.98851 ], [ -121.929308, 36.989901 ], [ -121.929258, 36.989984 ], [ -121.929665, 36.990272 ], [ -121.929422, 36.990479 ], [ -121.928887, 36.9911 ], [ -121.928568, 36.991318 ], [ -121.92808, 36.991532 ], [ -121.92713, 36.991827 ], [ -121.926384, 36.992173 ], [ -121.925386, 36.992546 ], [ -121.92484, 36.992834 ], [ -121.924425, 36.993166 ], [ -121.924275, 36.993375 ], [ -121.923987, 36.994071 ], [ -121.923807, 36.994329 ], [ -121.923533, 36.994612 ], [ -121.92336, 36.994886 ], [ -121.923278, 36.995249 ], [ -121.923281, 36.995547 ], [ -121.923322, 36.995722 ], [ -121.923481, 36.995895 ], [ -121.922358, 36.996365 ], [ -121.921734, 36.996584 ], [ -121.921558, 36.996676 ], [ -121.921422, 36.996841 ], [ -121.921363, 36.991035 ], [ -121.920798, 36.99239 ], [ -121.920534, 36.992921 ], [ -121.92033, 36.993124 ], [ -121.920143, 36.993257 ], [ -121.91919, 36.993849 ], [ -121.918741, 36.993655 ], [ -121.915546, 36.993823 ], [ -121.915136, 36.99744 ], [ -121.915123, 36.99771 ], [ -121.915363, 36.998366 ], [ -121.915315, 36.998572 ], [ -121.915109, 36.998696 ], [ -121.914858, 36.998718 ], [ -121.914321, 36.99853 ], [ -121.91416, 36.998423 ], [ -121.913875, 36.998345 ], [ -121.913609, 36.998353 ], [ -121.912865, 36.99869 ], [ -121.912495, 36.998935 ], [ -121.912346, 36.999093 ], [ -121.912213, 36.999319 ], [ -121.91221, 36.999521 ], [ -121.912542, 37.00002 ], [ -121.912505, 37.000129 ], [ -121.912396, 37.000195 ], [ -121.911923, 37.000308 ], [ -121.911671, 37.000473 ], [ -121.911659, 37.00071 ], [ -121.912028, 37.001286 ], [ -121.912065, 37.001393 ], [ -121.912044, 37.001509 ], [ -121.911959, 37.001626 ], [ -121.911821, 37.001704 ], [ -121.911689, 37.001718 ], [ -121.911481, 37.001918 ], [ -121.911095, 37.002789 ], [ -121.91102, 37.003138 ], [ -121.910458, 37.003231 ], [ -121.910107, 37.003118 ], [ -121.909892, 37.003143 ], [ -121.909376, 37.002869 ], [ -121.909465, 37.002203 ], [ -121.909386, 37.00215 ], [ -121.909133, 37.002094 ], [ -121.908803, 37.002063 ], [ -121.908477, 37.002093 ], [ -121.908082, 37.002333 ], [ -121.907839, 37.002386 ], [ -121.907749, 37.002077 ], [ -121.90756, 37.002014 ], [ -121.907337, 37.002119 ], [ -121.907175, 37.002108 ], [ -121.907142, 37.001937 ], [ -121.906678, 37.00197 ], [ -121.906534, 37.002047 ], [ -121.906498, 37.001949 ], [ -121.905877, 37.002046 ], [ -121.905788, 37.001686 ], [ -121.905407, 37.00095 ], [ -121.904747, 37.001627 ], [ -121.904747, 37.002308 ], [ -121.903078, 37.002472 ], [ -121.903219, 37.003248 ], [ -121.902374, 37.003365 ], [ -121.902535, 37.004735 ], [ -121.903568, 37.004949 ], [ -121.901018, 37.016138 ], [ -121.900242, 37.019417 ], [ -121.894944, 37.018521 ], [ -121.894588, 37.01849 ], [ -121.893874, 37.018158 ], [ -121.893586, 37.01799 ], [ -121.893427, 37.017961 ], [ -121.892859, 37.017976 ], [ -121.892633, 37.01795 ], [ -121.892537, 37.017992 ], [ -121.892327, 37.018245 ], [ -121.892236, 37.018612 ], [ -121.892009, 37.018801 ], [ -121.892006, 37.018559 ], [ -121.891752, 37.017645 ], [ -121.891669, 37.016937 ], [ -121.891616, 37.016823 ], [ -121.891418, 37.016576 ], [ -121.89123, 37.016236 ], [ -121.891047, 37.015617 ], [ -121.890973, 37.015487 ], [ -121.890838, 37.015374 ], [ -121.890287, 37.015229 ], [ -121.889578, 37.014865 ], [ -121.889241, 37.014631 ], [ -121.888981, 37.014378 ], [ -121.888448, 37.014025 ], [ -121.88838, 37.013943 ], [ -121.888287, 37.013724 ], [ -121.888226, 37.013381 ], [ -121.888433, 37.012362 ], [ -121.888374, 37.012145 ], [ -121.888179, 37.011962 ], [ -121.888089, 37.011307 ], [ -121.888033, 37.011225 ], [ -121.887206, 37.010801 ], [ -121.885915, 37.010005 ], [ -121.885545, 37.009821 ], [ -121.88542, 37.009722 ], [ -121.885211, 37.009339 ], [ -121.885041, 37.008054 ], [ -121.884884, 37.007571 ], [ -121.88474, 37.007326 ], [ -121.884464, 37.006966 ], [ -121.88433, 37.006549 ], [ -121.884263, 37.006144 ], [ -121.884259, 37.005945 ], [ -121.884321, 37.005771 ], [ -121.884659, 37.005292 ], [ -121.884726, 37.005133 ], [ -121.884739, 37.004817 ], [ -121.884533, 37.00427 ], [ -121.884501, 37.003888 ], [ -121.884711, 37.001847 ], [ -121.884738, 37.001186 ], [ -121.884775, 37.001034 ], [ -121.884629, 37.001191 ], [ -121.884482, 37.002041 ], [ -121.884171, 37.002573 ], [ -121.884048, 37.002978 ], [ -121.883925, 37.003064 ], [ -121.883823, 37.003028 ], [ -121.883673, 37.002747 ], [ -121.883248, 37.001681 ], [ -121.882997, 37.001644 ], [ -121.881995, 37.002044 ], [ -121.881872, 37.002126 ], [ -121.881798, 37.002739 ], [ -121.881765, 37.002812 ], [ -121.881661, 37.002877 ], [ -121.881339, 37.002905 ], [ -121.880764, 37.002884 ], [ -121.879706, 37.003052 ], [ -121.879647, 37.003033 ], [ -121.879642, 37.002989 ], [ -121.880378, 37.002617 ], [ -121.880421, 37.002561 ], [ -121.880426, 37.002435 ], [ -121.880355, 37.00238 ], [ -121.880021, 37.002299 ], [ -121.879543, 37.002244 ], [ -121.879312, 37.002293 ], [ -121.879043, 37.002405 ], [ -121.878182, 37.003076 ], [ -121.878022, 37.003115 ], [ -121.877815, 37.003096 ], [ -121.877633, 37.002987 ], [ -121.876503, 37.001985 ], [ -121.876354, 37.001629 ], [ -121.876102, 37.001425 ], [ -121.875661, 37.001411 ], [ -121.875282, 37.001476 ], [ -121.874815, 37.001447 ], [ -121.873403, 37.001068 ], [ -121.872836, 37.001014 ], [ -121.872794, 37.000936 ], [ -121.872811, 37.000832 ], [ -121.872938, 37.000666 ], [ -121.872874, 37.000384 ], [ -121.872634, 37.000091 ], [ -121.872461, 37.000039 ], [ -121.87203, 37.000067 ], [ -121.871885, 36.999908 ], [ -121.871826, 36.999453 ], [ -121.871713, 36.999315 ], [ -121.871148, 36.999235 ], [ -121.870829, 36.998744 ], [ -121.869786, 36.998245 ], [ -121.869657, 36.997699 ], [ -121.869286, 36.997529 ], [ -121.869088, 36.997384 ], [ -121.869037, 36.996725 ], [ -121.868645, 36.996285 ], [ -121.868737, 36.996589 ], [ -121.868899, 36.997759 ], [ -121.868891, 36.997857 ], [ -121.868823, 36.997922 ], [ -121.868555, 36.997976 ], [ -121.868226, 36.997846 ], [ -121.868127, 36.997445 ], [ -121.86809, 36.996941 ], [ -121.868016, 36.996788 ], [ -121.867846, 36.996618 ], [ -121.867682, 36.996529 ], [ -121.867258, 36.996439 ], [ -121.86705, 36.996429 ], [ -121.866704, 36.996241 ], [ -121.866263, 36.996133 ], [ -121.865575, 36.996055 ], [ -121.865566, 36.99615 ], [ -121.865276, 36.995935 ], [ -121.865209, 36.995745 ], [ -121.865212, 36.995009 ], [ -121.865183, 36.9949 ], [ -121.865, 36.994526 ], [ -121.864483, 36.993799 ], [ -121.864272, 36.993387 ], [ -121.863479, 36.992132 ], [ -121.86321, 36.991757 ], [ -121.863098, 36.991464 ], [ -121.863147, 36.991202 ], [ -121.863375, 36.990635 ], [ -121.863574, 36.99043 ], [ -121.864181, 36.990029 ], [ -121.864314, 36.989809 ], [ -121.864366, 36.989433 ], [ -121.864324, 36.989122 ], [ -121.864161, 36.988696 ], [ -121.864151, 36.988447 ], [ -121.86423, 36.988348 ], [ -121.864507, 36.988259 ], [ -121.865306, 36.988215 ], [ -121.865579, 36.988066 ], [ -121.865755, 36.987771 ], [ -121.86575, 36.987596 ], [ -121.865598, 36.987196 ], [ -121.865273, 36.986521 ], [ -121.865074, 36.985806 ], [ -121.865116, 36.985631 ], [ -121.865395, 36.985222 ], [ -121.865489, 36.984918 ], [ -121.865547, 36.984659 ], [ -121.86556, 36.984108 ], [ -121.865522, 36.983933 ], [ -121.86498, 36.982894 ], [ -121.864659, 36.981729 ], [ -121.864583, 36.98163 ], [ -121.864414, 36.98153 ], [ -121.864692, 36.980918 ], [ -121.864989, 36.98041 ], [ -121.865134, 36.980221 ], [ -121.866785, 36.978288 ], [ -121.867064, 36.978042 ], [ -121.868498, 36.977072 ], [ -121.868928, 36.976636 ], [ -121.86927, 36.976095 ], [ -121.869395, 36.975807 ], [ -121.869633, 36.975396 ], [ -121.870828, 36.973409 ], [ -121.871033, 36.973042 ], [ -121.871491, 36.972069 ], [ -121.871772, 36.971638 ], [ -121.872224, 36.971082 ], [ -121.872759, 36.970626 ], [ -121.873271, 36.970286 ], [ -121.874113, 36.970701 ], [ -121.87519, 36.971126 ], [ -121.884758, 36.974478 ], [ -121.88589, 36.974841 ], [ -121.887326, 36.975159 ], [ -121.888581, 36.97531 ], [ -121.890078, 36.975351 ], [ -121.899138, 36.974793 ], [ -121.900166, 36.974845 ], [ -121.904353, 36.975347 ], [ -121.904997, 36.975456 ], [ -121.905688, 36.975628 ], [ -121.906175, 36.975788 ], [ -121.907109, 36.976176 ], [ -121.916114, 36.980875 ], [ -121.91674, 36.98116 ], [ -121.9178, 36.981562 ], [ -121.918985, 36.981908 ], [ -121.920491, 36.98221 ], [ -121.931427, 36.983729 ] ] ] } },
{ "type": "Feature", "properties": { "place": "Aptos Hills-Larkin Valley", "place_kind": "cdp", "county": "Santa Cruz" }, "geometry": { "type": "Polygon", "coordinates": [ [ [ -121.873271, 36.970286 ], [ -121.872588, 36.970761 ], [ -121.872224, 36.971082 ], [ -121.871772, 36.971638 ], [ -121.871491, 36.972069 ], [ -121.871033, 36.973042 ], [ -121.870828, 36.973409 ], [ -121.869633, 36.975396 ], [ -121.869395, 36.975807 ], [ -121.86927, 36.976095 ], [ -121.868928, 36.976636 ], [ -121.868498, 36.977072 ], [ -121.867064, 36.978042 ], [ -121.866844, 36.97823 ], [ -121.866251, 36.978894 ], [ -121.864989, 36.98041 ], [ -121.864692, 36.980918 ], [ -121.863389, 36.98373 ], [ -121.863054, 36.984199 ], [ -121.862463, 36.984797 ], [ -121.86198, 36.985197 ], [ -121.860542, 36.986121 ], [ -121.860035, 36.986388 ], [ -121.859405, 36.986562 ], [ -121.858729, 36.986623 ], [ -121.855613, 36.986423 ], [ -121.850491, 36.986275 ], [ -121.849986, 36.986288 ], [ -121.848302, 36.986457 ], [ -121.843974, 36.98727 ], [ -121.842441, 36.987636 ], [ -121.838723, 36.987808 ], [ -121.838283, 36.987808 ], [ -121.837152, 36.987725 ], [ -121.836509, 36.987731 ], [ -121.836058, 36.987655 ], [ -121.835003, 36.987193 ], [ -121.833744, 36.986272 ], [ -121.832543, 36.985681 ], [ -121.832191, 36.98535 ], [ -121.831707, 36.984737 ], [ -121.831449, 36.984306 ], [ -121.830904, 36.983665 ], [ -121.830164, 36.982934 ], [ -121.829398, 36.982395 ], [ -121.829052, 36.982045 ], [ -121.828677, 36.981267 ], [ -121.82699, 36.978362 ], [ -121.826288, 36.977354 ], [ -121.825272, 36.976375 ], [ -121.824476, 36.975349 ], [ -121.82423, 36.975121 ], [ -121.822208, 36.973997 ], [ -121.821595, 36.973621 ], [ -121.820353, 36.972724 ], [ -121.820051, 36.972361 ], [ -121.819559, 36.971434 ], [ -121.819298, 36.971045 ], [ -121.818638, 36.97012 ], [ -121.818388, 36.969873 ], [ -121.817962, 36.969596 ], [ -121.816218, 36.968715 ], [ -121.814141, 36.967161 ], [ -121.812708, 36.96641 ], [ -121.811628, 36.965963 ], [ -121.81113, 36.965643 ], [ -121.810843, 36.965362 ], [ -121.810451, 36.964851 ], [ -121.809308, 36.963184 ], [ -121.807654, 36.961583 ], [ -121.803206, 36.958649 ], [ -121.802219, 36.957918 ], [ -121.799826, 36.955899 ], [ -121.795897, 36.951815 ], [ -121.795375, 36.951355 ], [ -121.792563, 36.949265 ], [ -121.797663, 36.94536 ], [ -121.798182, 36.945584 ], [ -121.798462, 36.945742 ], [ -121.801755, 36.944491 ], [ -121.80492, 36.943341 ], [ -121.809523, 36.943773 ], [ -121.809442, 36.943647 ], [ -121.809025, 36.942126 ], [ -121.807941, 36.937979 ], [ -121.807779, 36.937748 ], [ -121.808059, 36.937501 ], [ -121.807832, 36.937052 ], [ -121.807704, 36.936652 ], [ -121.807615, 36.936235 ], [ -121.807509, 36.935956 ], [ -121.807082, 36.935473 ], [ -121.806928, 36.934977 ], [ -121.806715, 36.934701 ], [ -121.80651, 36.934536 ], [ -121.806365, 36.934487 ], [ -121.804741, 36.93361 ], [ -121.804502, 36.933438 ], [ -121.803742, 36.932751 ], [ -121.803341, 36.932327 ], [ -121.803008, 36.931769 ], [ -121.802692, 36.931059 ], [ -121.802498, 36.930357 ], [ -121.802348, 36.92956 ], [ -121.802169, 36.928961 ], [ -121.801904, 36.928461 ], [ -121.801849, 36.928275 ], [ -121.801858, 36.928075 ], [ -121.801944, 36.927806 ], [ -121.802209, 36.927504 ], [ -121.804882, 36.929131 ], [ -121.805942, 36.929698 ], [ -121.807432, 36.930354 ], [ -121.808358, 36.930687 ], [ -121.834569, 36.938514 ], [ -121.835725, 36.939026 ], [ -121.837283, 36.939829 ], [ -121.837781, 36.940124 ], [ -121.84546, 36.94517 ], [ -121.846984, 36.946226 ], [ -121.849027, 36.947753 ], [ -121.85118, 36.949495 ], [ -121.853004, 36.951108 ], [ -121.854101, 36.952145 ], [ -121.859775, 36.957717 ], [ -121.871109, 36.968699 ], [ -121.872017, 36.969468 ], [ -121.872554, 36.969848 ], [ -121.873271, 36.970286 ] ] ] } },
{ "type": "Feature", "properties": { "place": "Ben Lomond", "place_kind": "cdp", "county": "Santa Cruz" }, "geometry": { "type": "Polygon", "coordinates": [ [ [ -122.135848, 37.089817 ], [ -122.13573, 37.090044 ], [ -122.135565, 37.090138 ], [ -122.133515, 37.097291 ], [ -122.132703, 37.09869 ], [ -122.132477, 37.101688 ], [ -122.132259, 37.101637 ], [ -122.132148, 37.101551 ], [ -122.132099, 37.101395 ], [ -122.131923, 37.100212 ], [ -122.131731, 37.099591 ], [ -122.131659, 37.098919 ], [ -122.131452, 37.097902 ], [ -122.131442, 37.097676 ], [ -122.131484, 37.097519 ], [ -122.131567, 37.09737 ], [ -122.131744, 37.097213 ], [ -122.132211, 37.097015 ], [ -122.13228, 37.096938 ], [ -122.132293, 37.096857 ], [ -122.132245, 37.096756 ], [ -122.132123, 37.096688 ], [ -122.132081, 37.096606 ], [ -122.132253, 37.096257 ], [ -122.132275, 37.09615 ], [ -122.132249, 37.096063 ], [ -122.13182, 37.09564 ], [ -122.131868, 37.095026 ], [ -122.13176, 37.094389 ], [ -122.1317, 37.09373 ], [ -122.131648, 37.093589 ], [ -122.131387, 37.093272 ], [ -122.130923, 37.093014 ], [ -122.130729, 37.092964 ], [ -122.130561, 37.092972 ], [ -122.130368, 37.093006 ], [ -122.130237, 37.093089 ], [ -122.129825, 37.093478 ], [ -122.129562, 37.093855 ], [ -122.129374, 37.094066 ], [ -122.128548, 37.094617 ], [ -122.128431, 37.094771 ], [ -122.128329, 37.0951 ], [ -122.127833, 37.095946 ], [ -122.127776, 37.095986 ], [ -122.127635, 37.095993 ], [ -122.127374, 37.095813 ], [ -122.127193, 37.095776 ], [ -122.127057, 37.095888 ], [ -122.126883, 37.096326 ], [ -122.12678, 37.096458 ], [ -122.126032, 37.096829 ], [ -122.1256, 37.09709 ], [ -122.125409, 37.097137 ], [ -122.125294, 37.097118 ], [ -122.124038, 37.09655 ], [ -122.123745, 37.096534 ], [ -122.123453, 37.096627 ], [ -122.122595, 37.097049 ], [ -122.12224, 37.097291 ], [ -122.121667, 37.098051 ], [ -122.121434, 37.09825 ], [ -122.120681, 37.09856 ], [ -122.119791, 37.099042 ], [ -122.119321, 37.099215 ], [ -122.118998, 37.099316 ], [ -122.118134, 37.099439 ], [ -122.117665, 37.09936 ], [ -122.115793, 37.099303 ], [ -122.115366, 37.099206 ], [ -122.115212, 37.09909 ], [ -122.115074, 37.09888 ], [ -122.114916, 37.098414 ], [ -122.114766, 37.098248 ], [ -122.114645, 37.098184 ], [ -122.114306, 37.098104 ], [ -122.114145, 37.098102 ], [ -122.113946, 37.098136 ], [ -122.113372, 37.098366 ], [ -122.113113, 37.098396 ], [ -122.112961, 37.098356 ], [ -122.112753, 37.09821 ], [ -122.112609, 37.098036 ], [ -122.112448, 37.097634 ], [ -122.112312, 37.097476 ], [ -122.112018, 37.097405 ], [ -122.111159, 37.097353 ], [ -122.11093, 37.09727 ], [ -122.110711, 37.097096 ], [ -122.110445, 37.097011 ], [ -122.110297, 37.097013 ], [ -122.110201, 37.097049 ], [ -122.109852, 37.09733 ], [ -122.109762, 37.097348 ], [ -122.1092, 37.097217 ], [ -122.108924, 37.097188 ], [ -122.108761, 37.097254 ], [ -122.108511, 37.097441 ], [ -122.108155, 37.097604 ], [ -122.10789, 37.097623 ], [ -122.10764, 37.097522 ], [ -122.107558, 37.097429 ], [ -122.107368, 37.097029 ], [ -122.107168, 37.096747 ], [ -122.107045, 37.096642 ], [ -122.10691, 37.096587 ], [ -122.106752, 37.096568 ], [ -122.106488, 37.096638 ], [ -122.106095, 37.096883 ], [ -122.105398, 37.09719 ], [ -122.104491, 37.097509 ], [ -122.104319, 37.097552 ], [ -122.104155, 37.097551 ], [ -122.103912, 37.097455 ], [ -122.103466, 37.097126 ], [ -122.103346, 37.097081 ], [ -122.1026, 37.097099 ], [ -122.102011, 37.096887 ], [ -122.101504, 37.096748 ], [ -122.100976, 37.096671 ], [ -122.100827, 37.096573 ], [ -122.100452, 37.096016 ], [ -122.100199, 37.09577 ], [ -122.099316, 37.094964 ], [ -122.098951, 37.094707 ], [ -122.098662, 37.094448 ], [ -122.098516, 37.094257 ], [ -122.098236, 37.093717 ], [ -122.098016, 37.093573 ], [ -122.097237, 37.093224 ], [ -122.097176, 37.093165 ], [ -122.096867, 37.092608 ], [ -122.096496, 37.092059 ], [ -122.096313, 37.091889 ], [ -122.096084, 37.091812 ], [ -122.095852, 37.091825 ], [ -122.095413, 37.09155 ], [ -122.093464, 37.089798 ], [ -122.093258, 37.089653 ], [ -122.092863, 37.089468 ], [ -122.092304, 37.089366 ], [ -122.091472, 37.08949 ], [ -122.091221, 37.090829 ], [ -122.091507, 37.090868 ], [ -122.091707, 37.090963 ], [ -122.091821, 37.091126 ], [ -122.091855, 37.091377 ], [ -122.091832, 37.091652 ], [ -122.091751, 37.091919 ], [ -122.091612, 37.092172 ], [ -122.091485, 37.09228 ], [ -122.091215, 37.09234 ], [ -122.087935, 37.091927 ], [ -122.087451, 37.09167 ], [ -122.086945, 37.093257 ], [ -122.086897, 37.093494 ], [ -122.08692, 37.093942 ], [ -122.086516, 37.094325 ], [ -122.085871, 37.095089 ], [ -122.085691, 37.095195 ], [ -122.08567, 37.095379 ], [ -122.085517, 37.095844 ], [ -122.085471, 37.09608 ], [ -122.085579, 37.096937 ], [ -122.085566, 37.097231 ], [ -122.085604, 37.097369 ], [ -122.085538, 37.097628 ], [ -122.085494, 37.097675 ], [ -122.085433, 37.097622 ], [ -122.085388, 37.09741 ], [ -122.085226, 37.097337 ], [ -122.085078, 37.097376 ], [ -122.085004, 37.097434 ], [ -122.084802, 37.097742 ], [ -122.084696, 37.097751 ], [ -122.084452, 37.097699 ], [ -122.084348, 37.097743 ], [ -122.084454, 37.097105 ], [ -122.084531, 37.096871 ], [ -122.0848, 37.096324 ], [ -122.084977, 37.095803 ], [ -122.084825, 37.095879 ], [ -122.084613, 37.09609 ], [ -122.084518, 37.09612 ], [ -122.084331, 37.096089 ], [ -122.084026, 37.095942 ], [ -122.083323, 37.096301 ], [ -122.081767, 37.096216 ], [ -122.08172, 37.096859 ], [ -122.08172, 37.098049 ], [ -122.077066, 37.098042 ], [ -122.077112, 37.097462 ], [ -122.077112, 37.096058 ], [ -122.077173, 37.095379 ], [ -122.077181, 37.094599 ], [ -122.07728, 37.093411 ], [ -122.07728, 37.092947 ], [ -122.077574, 37.092947 ], [ -122.077974, 37.092647 ], [ -122.079523, 37.092755 ], [ -122.079523, 37.092137 ], [ -122.077352, 37.091859 ], [ -122.077061, 37.091399 ], [ -122.075996, 37.092319 ], [ -122.075517, 37.092926 ], [ -122.075259, 37.09338 ], [ -122.075, 37.094047 ], [ -122.074614, 37.094834 ], [ -122.074299, 37.095116 ], [ -122.073548, 37.095558 ], [ -122.073335, 37.095718 ], [ -122.073253, 37.0958 ], [ -122.073097, 37.096068 ], [ -122.072986, 37.096479 ], [ -122.072831, 37.096774 ], [ -122.0727, 37.096871 ], [ -122.072416, 37.096971 ], [ -122.072147, 37.097135 ], [ -122.071942, 37.097331 ], [ -122.071813, 37.097547 ], [ -122.071665, 37.097648 ], [ -122.071083, 37.097686 ], [ -122.070351, 37.097521 ], [ -122.0695, 37.097455 ], [ -122.069219, 37.09751 ], [ -122.06891, 37.097515 ], [ -122.065782, 37.098603 ], [ -122.065233, 37.098708 ], [ -122.064538, 37.098922 ], [ -122.064004, 37.098875 ], [ -122.063916, 37.098823 ], [ -122.06388, 37.098701 ], [ -122.063954, 37.098454 ], [ -122.064059, 37.098352 ], [ -122.064522, 37.098207 ], [ -122.064639, 37.098078 ], [ -122.064707, 37.097816 ], [ -122.064736, 37.097607 ], [ -122.064718, 37.097092 ], [ -122.064656, 37.096899 ], [ -122.064512, 37.096755 ], [ -122.063709, 37.096152 ], [ -122.06344, 37.096009 ], [ -122.062682, 37.095798 ], [ -122.061737, 37.095732 ], [ -122.061098, 37.095794 ], [ -122.06054, 37.095808 ], [ -122.060301, 37.095878 ], [ -122.060004, 37.096029 ], [ -122.059747, 37.096052 ], [ -122.059513, 37.095989 ], [ -122.059431, 37.096056 ], [ -122.059475, 37.096189 ], [ -122.059569, 37.096308 ], [ -122.059615, 37.0965 ], [ -122.05957, 37.096734 ], [ -122.059129, 37.097697 ], [ -122.059119, 37.097882 ], [ -122.059262, 37.098573 ], [ -122.059271, 37.098764 ], [ -122.057678, 37.098688 ], [ -122.057568, 37.090886 ], [ -122.067484, 37.090886 ], [ -122.06769, 37.085645 ], [ -122.067304, 37.085824 ], [ -122.067133, 37.08585 ], [ -122.066835, 37.085831 ], [ -122.065512, 37.085357 ], [ -122.06476, 37.084913 ], [ -122.064667, 37.084816 ], [ -122.06455, 37.084582 ], [ -122.064268, 37.083146 ], [ -122.064063, 37.082536 ], [ -122.06379, 37.082057 ], [ -122.063581, 37.081805 ], [ -122.063266, 37.081524 ], [ -122.063012, 37.081191 ], [ -122.062741, 37.080668 ], [ -122.062559, 37.080399 ], [ -122.062307, 37.080166 ], [ -122.06206, 37.08002 ], [ -122.061131, 37.079647 ], [ -122.060737, 37.079438 ], [ -122.058949, 37.078284 ], [ -122.058419, 37.077716 ], [ -122.055776, 37.074591 ], [ -122.055627, 37.074476 ], [ -122.055176, 37.07428 ], [ -122.055467, 37.074004 ], [ -122.055787, 37.073623 ], [ -122.056029, 37.073206 ], [ -122.056202, 37.072749 ], [ -122.056274, 37.07246 ], [ -122.056817, 37.069099 ], [ -122.056966, 37.068503 ], [ -122.057486, 37.066773 ], [ -122.057511, 37.066512 ], [ -122.05747, 37.066185 ], [ -122.057395, 37.065976 ], [ -122.055995, 37.063177 ], [ -122.055923, 37.062888 ], [ -122.055912, 37.062601 ], [ -122.055945, 37.062032 ], [ -122.055991, 37.061806 ], [ -122.05615, 37.061493 ], [ -122.056516, 37.061106 ], [ -122.05781, 37.060229 ], [ -122.058174, 37.060048 ], [ -122.057938, 37.060121 ], [ -122.058402, 37.059674 ], [ -122.058693, 37.059317 ], [ -122.060509, 37.056474 ], [ -122.060635, 37.056226 ], [ -122.060783, 37.05574 ], [ -122.061214, 37.055652 ], [ -122.061522, 37.055547 ], [ -122.061822, 37.055407 ], [ -122.062122, 37.055207 ], [ -122.062471, 37.054844 ], [ -122.063247, 37.05377 ], [ -122.063503, 37.053495 ], [ -122.063839, 37.053239 ], [ -122.064042, 37.053124 ], [ -122.064584, 37.052903 ], [ -122.064996, 37.05281 ], [ -122.065406, 37.052759 ], [ -122.066017, 37.052779 ], [ -122.066511, 37.052885 ], [ -122.068591, 37.053583 ], [ -122.068933, 37.053614 ], [ -122.069255, 37.053558 ], [ -122.069592, 37.053369 ], [ -122.069756, 37.053193 ], [ -122.070518, 37.052036 ], [ -122.071921, 37.052477 ], [ -122.072076, 37.052937 ], [ -122.072378, 37.053481 ], [ -122.072652, 37.054074 ], [ -122.073283, 37.05519 ], [ -122.074572, 37.056794 ], [ -122.074887, 37.057096 ], [ -122.075045, 37.057294 ], [ -122.0756, 37.057569 ], [ -122.075949, 37.057922 ], [ -122.076375, 37.057587 ], [ -122.076645, 37.0578 ], [ -122.076915, 37.057962 ], [ -122.078402, 37.05863 ], [ -122.078689, 37.058801 ], [ -122.07894, 37.059012 ], [ -122.079144, 37.059248 ], [ -122.07934, 37.0596 ], [ -122.079769, 37.059354 ], [ -122.079861, 37.059271 ], [ -122.080856, 37.058735 ], [ -122.079715, 37.055651 ], [ -122.081002, 37.052687 ], [ -122.080994, 37.052534 ], [ -122.081276, 37.052458 ], [ -122.081962, 37.052194 ], [ -122.082722, 37.051848 ], [ -122.083586, 37.051386 ], [ -122.083764, 37.05132 ], [ -122.084765, 37.051232 ], [ -122.085855, 37.051781 ], [ -122.086438, 37.051974 ], [ -122.087021, 37.052105 ], [ -122.088193, 37.052226 ], [ -122.088831, 37.052407 ], [ -122.089132, 37.052545 ], [ -122.089352, 37.052687 ], [ -122.089921, 37.053259 ], [ -122.090223, 37.053797 ], [ -122.090388, 37.053967 ], [ -122.090778, 37.054187 ], [ -122.09156, 37.054857 ], [ -122.092068, 37.055621 ], [ -122.092308, 37.056214 ], [ -122.092329, 37.056401 ], [ -122.093186, 37.058494 ], [ -122.09344, 37.05944 ], [ -122.093777, 37.06039 ], [ -122.094078, 37.061011 ], [ -122.094456, 37.06161 ], [ -122.094524, 37.061796 ], [ -122.095032, 37.062747 ], [ -122.095766, 37.063675 ], [ -122.09639, 37.064318 ], [ -122.096919, 37.064994 ], [ -122.097186, 37.065417 ], [ -122.097529, 37.066175 ], [ -122.097783, 37.066543 ], [ -122.098037, 37.066768 ], [ -122.098407, 37.067054 ], [ -122.098846, 37.067279 ], [ -122.099265, 37.067576 ], [ -122.100122, 37.06829 ], [ -122.100904, 37.068751 ], [ -122.101906, 37.069591 ], [ -122.10327, 37.070064 ], [ -122.104333, 37.070338 ], [ -122.106343, 37.070469 ], [ -122.107166, 37.070601 ], [ -122.107385, 37.070672 ], [ -122.107941, 37.071062 ], [ -122.108469, 37.071534 ], [ -122.109107, 37.072232 ], [ -122.109656, 37.072721 ], [ -122.110788, 37.073539 ], [ -122.111117, 37.073918 ], [ -122.111927, 37.075033 ], [ -122.112277, 37.075357 ], [ -122.113635, 37.076296 ], [ -122.114315, 37.07673 ], [ -122.115419, 37.077609 ], [ -122.116147, 37.078295 ], [ -122.116751, 37.078943 ], [ -122.117149, 37.079454 ], [ -122.117382, 37.079701 ], [ -122.118219, 37.080245 ], [ -122.119646, 37.080854 ], [ -122.12016, 37.080706 ], [ -122.120736, 37.080606 ], [ -122.121312, 37.080529 ], [ -122.122197, 37.080463 ], [ -122.122766, 37.080562 ], [ -122.123027, 37.080655 ], [ -122.123233, 37.080765 ], [ -122.12347, 37.080972 ], [ -122.123451, 37.087275 ], [ -122.128512, 37.087425 ], [ -122.128627, 37.090163 ], [ -122.133487, 37.090217 ], [ -122.133795, 37.090266 ], [ -122.13409, 37.090261 ], [ -122.134715, 37.09014 ], [ -122.135119, 37.08997 ], [ -122.135538, 37.089855 ], [ -122.135848, 37.089817 ] ] ] } },
{ "type": "Feature", "properties": { "place": "Boulder Creek", "place_kind": "cdp", "county": "Santa Cruz" }, "geometry": { "type": "Polygon", "coordinates": [ [ [ -122.161077, 37.128046 ], [ -122.160934, 37.129261 ], [ -122.155817, 37.12923 ], [ -122.15581, 37.129362 ], [ -122.155117, 37.130021 ], [ -122.154869, 37.130362 ], [ -122.153785, 37.130878 ], [ -122.153421, 37.130966 ], [ -122.1522, 37.13107 ], [ -122.151767, 37.131267 ], [ -122.151451, 37.131366 ], [ -122.150998, 37.131619 ], [ -122.150964, 37.131707 ], [ -122.150964, 37.132135 ], [ -122.150785, 37.132454 ], [ -122.150682, 37.132525 ], [ -122.149399, 37.132915 ], [ -122.149151, 37.133052 ], [ -122.148808, 37.133184 ], [ -122.148087, 37.133684 ], [ -122.147696, 37.134145 ], [ -122.147504, 37.134222 ], [ -122.146728, 37.13431 ], [ -122.146243, 37.134421 ], [ -122.145994, 37.134562 ], [ -122.145836, 37.134925 ], [ -122.145787, 37.135167 ], [ -122.14565, 37.13554 ], [ -122.145588, 37.135848 ], [ -122.144935, 37.136765 ], [ -122.144915, 37.137073 ], [ -122.144846, 37.137144 ], [ -122.144585, 37.137254 ], [ -122.144194, 37.13749 ], [ -122.14407, 37.137787 ], [ -122.144008, 37.13788 ], [ -122.143871, 37.137985 ], [ -122.143416, 37.138152 ], [ -122.143581, 37.138301 ], [ -122.143465, 37.138347 ], [ -122.143596, 37.138419 ], [ -122.144028, 37.138534 ], [ -122.144461, 37.13849 ], [ -122.144893, 37.138513 ], [ -122.145648, 37.1387 ], [ -122.145655, 37.138744 ], [ -122.145799, 37.138854 ], [ -122.146272, 37.138942 ], [ -122.146773, 37.139184 ], [ -122.146993, 37.139354 ], [ -122.147103, 37.139497 ], [ -122.147144, 37.139673 ], [ -122.14715, 37.140167 ], [ -122.147006, 37.140349 ], [ -122.146601, 37.140546 ], [ -122.146491, 37.140645 ], [ -122.146429, 37.14076 ], [ -122.146573, 37.141277 ], [ -122.146573, 37.14159 ], [ -122.146449, 37.142107 ], [ -122.146257, 37.142343 ], [ -122.146161, 37.142519 ], [ -122.146064, 37.14287 ], [ -122.146078, 37.143107 ], [ -122.146236, 37.143436 ], [ -122.146222, 37.14364 ], [ -122.146174, 37.143749 ], [ -122.145707, 37.144354 ], [ -122.145665, 37.144464 ], [ -122.145713, 37.144705 ], [ -122.145775, 37.144777 ], [ -122.145953, 37.144881 ], [ -122.146447, 37.145343 ], [ -122.146584, 37.145623 ], [ -122.146818, 37.145887 ], [ -122.147256, 37.146602 ], [ -122.147497, 37.146838 ], [ -122.147963, 37.147382 ], [ -122.147997, 37.147486 ], [ -122.143137, 37.159283 ], [ -122.142769, 37.158848 ], [ -122.142819, 37.158583 ], [ -122.142516, 37.158418 ], [ -122.142163, 37.157983 ], [ -122.141591, 37.157984 ], [ -122.141253, 37.157865 ], [ -122.14114, 37.158024 ], [ -122.141147, 37.158119 ], [ -122.1414, 37.158444 ], [ -122.141825, 37.158756 ], [ -122.142122, 37.159072 ], [ -122.142321, 37.159404 ], [ -122.142101, 37.159598 ], [ -122.141825, 37.159667 ], [ -122.141602, 37.159613 ], [ -122.141529, 37.15954 ], [ -122.141526, 37.15945 ], [ -122.141739, 37.15931 ], [ -122.141775, 37.159216 ], [ -122.140934, 37.158497 ], [ -122.140368, 37.158426 ], [ -122.139666, 37.158067 ], [ -122.139612, 37.157705 ], [ -122.13923, 37.157698 ], [ -122.139049, 37.157828 ], [ -122.139096, 37.158052 ], [ -122.139184, 37.158231 ], [ -122.139184, 37.158381 ], [ -122.139129, 37.158563 ], [ -122.139208, 37.158855 ], [ -122.139564, 37.15902 ], [ -122.139593, 37.159141 ], [ -122.139528, 37.15945 ], [ -122.139593, 37.159635 ], [ -122.139972, 37.15983 ], [ -122.140123, 37.15994 ], [ -122.140108, 37.160162 ], [ -122.13999, 37.160246 ], [ -122.139876, 37.160513 ], [ -122.139758, 37.160599 ], [ -122.139598, 37.160577 ], [ -122.13897, 37.160365 ], [ -122.138539, 37.160181 ], [ -122.138281, 37.160006 ], [ -122.138012, 37.15969 ], [ -122.137876, 37.159659 ], [ -122.136964, 37.159619 ], [ -122.13639, 37.159647 ], [ -122.136058, 37.159629 ], [ -122.135775, 37.159571 ], [ -122.13574, 37.159893 ], [ -122.135796, 37.16006 ], [ -122.135989, 37.16033 ], [ -122.136341, 37.16069 ], [ -122.135502, 37.160965 ], [ -122.135337, 37.161152 ], [ -122.135289, 37.161339 ], [ -122.135577, 37.161641 ], [ -122.135837, 37.161861 ], [ -122.135851, 37.161999 ], [ -122.135775, 37.162279 ], [ -122.135782, 37.162515 ], [ -122.135537, 37.162687 ], [ -122.135528, 37.162774 ], [ -122.135622, 37.163071 ], [ -122.135568, 37.163163 ], [ -122.135298, 37.163236 ], [ -122.134894, 37.16322 ], [ -122.134641, 37.163156 ], [ -122.134733, 37.162223 ], [ -122.134734, 37.161803 ], [ -122.134604, 37.160932 ], [ -122.134238, 37.159725 ], [ -122.134233, 37.15905 ], [ -122.134046, 37.158243 ], [ -122.134098, 37.157409 ], [ -122.133324, 37.157325 ], [ -122.133201, 37.157354 ], [ -122.133105, 37.157333 ], [ -122.132784, 37.157162 ], [ -122.132551, 37.156904 ], [ -122.132482, 37.156873 ], [ -122.132431, 37.156913 ], [ -122.132363, 37.157169 ], [ -122.132252, 37.157257 ], [ -122.132122, 37.157253 ], [ -122.131911, 37.157181 ], [ -122.131618, 37.157161 ], [ -122.131439, 37.157374 ], [ -122.131119, 37.157471 ], [ -122.131096, 37.157557 ], [ -122.131029, 37.157601 ], [ -122.130572, 37.157712 ], [ -122.130467, 37.157672 ], [ -122.130467, 37.157608 ], [ -122.130592, 37.157334 ], [ -122.131167, 37.157003 ], [ -122.131353, 37.156551 ], [ -122.13196, 37.155849 ], [ -122.132033, 37.155677 ], [ -122.132006, 37.155517 ], [ -122.132151, 37.155519 ], [ -122.132164, 37.155244 ], [ -122.132238, 37.155173 ], [ -122.132395, 37.155108 ], [ -122.13228, 37.154909 ], [ -122.132101, 37.154892 ], [ -122.131998, 37.154936 ], [ -122.131929, 37.155007 ], [ -122.131874, 37.155194 ], [ -122.131888, 37.155601 ], [ -122.131833, 37.155683 ], [ -122.131682, 37.15576 ], [ -122.131386, 37.155749 ], [ -122.131222, 37.155837 ], [ -122.131201, 37.156007 ], [ -122.131324, 37.156287 ], [ -122.131324, 37.156441 ], [ -122.131063, 37.1566 ], [ -122.130988, 37.156749 ], [ -122.130768, 37.156908 ], [ -122.130404, 37.157018 ], [ -122.12993, 37.157023 ], [ -122.129429, 37.157248 ], [ -122.128996, 37.157627 ], [ -122.128859, 37.15777 ], [ -122.128769, 37.157946 ], [ -122.128536, 37.158171 ], [ -122.128206, 37.15833 ], [ -122.127574, 37.158846 ], [ -122.127457, 37.158983 ], [ -122.127416, 37.159093 ], [ -122.127388, 37.159379 ], [ -122.127285, 37.159577 ], [ -122.127086, 37.159692 ], [ -122.126782, 37.159678 ], [ -122.12689, 37.159475 ], [ -122.126974, 37.159038 ], [ -122.127138, 37.15859 ], [ -122.126183, 37.158112 ], [ -122.124365, 37.158697 ], [ -122.123727, 37.159022 ], [ -122.123198, 37.159028 ], [ -122.122681, 37.158959 ], [ -122.122075, 37.159141 ], [ -122.121897, 37.159128 ], [ -122.121809, 37.159064 ], [ -122.121606, 37.158785 ], [ -122.121653, 37.158679 ], [ -122.121634, 37.158612 ], [ -122.121684, 37.158458 ], [ -122.120681, 37.158317 ], [ -122.120339, 37.158241 ], [ -122.119959, 37.158228 ], [ -122.119781, 37.158148 ], [ -122.119755, 37.158046 ], [ -122.119651, 37.157966 ], [ -122.119965, 37.157743 ], [ -122.120351, 37.157587 ], [ -122.120444, 37.157472 ], [ -122.12085, 37.157273 ], [ -122.120839, 37.157109 ], [ -122.120647, 37.156928 ], [ -122.120618, 37.156859 ], [ -122.120664, 37.156662 ], [ -122.120668, 37.156356 ], [ -122.121046, 37.156079 ], [ -122.121651, 37.155492 ], [ -122.121861, 37.155408 ], [ -122.122473, 37.154946 ], [ -122.122665, 37.154653 ], [ -122.122767, 37.154221 ], [ -122.122937, 37.153857 ], [ -122.122988, 37.153511 ], [ -122.123081, 37.153331 ], [ -122.123709, 37.152738 ], [ -122.12373, 37.152638 ], [ -122.123693, 37.152448 ], [ -122.123375, 37.151714 ], [ -122.123363, 37.151535 ], [ -122.123461, 37.150968 ], [ -122.12358, 37.150678 ], [ -122.123726, 37.15053 ], [ -122.12396, 37.150369 ], [ -122.123633, 37.150425 ], [ -122.123494, 37.150359 ], [ -122.122781, 37.150496 ], [ -122.121501, 37.150657 ], [ -122.121416, 37.150762 ], [ -122.121497, 37.150807 ], [ -122.121721, 37.151112 ], [ -122.121495, 37.151085 ], [ -122.121289, 37.151106 ], [ -122.121079, 37.151034 ], [ -122.120645, 37.150989 ], [ -122.120239, 37.150812 ], [ -122.11997, 37.150774 ], [ -122.119282, 37.150749 ], [ -122.119209, 37.150789 ], [ -122.119151, 37.150996 ], [ -122.119083, 37.151117 ], [ -122.11905, 37.151326 ], [ -122.118986, 37.151416 ], [ -122.118888, 37.151411 ], [ -122.118518, 37.151144 ], [ -122.118012, 37.150875 ], [ -122.117843, 37.150824 ], [ -122.11765, 37.150861 ], [ -122.117279, 37.151063 ], [ -122.116997, 37.151357 ], [ -122.116863, 37.151317 ], [ -122.116684, 37.151211 ], [ -122.115678, 37.151011 ], [ -122.115354, 37.150864 ], [ -122.115147, 37.150835 ], [ -122.115047, 37.150864 ], [ -122.11496, 37.150954 ], [ -122.114725, 37.151358 ], [ -122.114334, 37.151717 ], [ -122.114269, 37.151741 ], [ -122.11398, 37.151716 ], [ -122.113777, 37.151558 ], [ -122.113165, 37.151449 ], [ -122.112985, 37.151483 ], [ -122.112972, 37.151581 ], [ -122.113043, 37.151781 ], [ -122.112415, 37.152273 ], [ -122.112192, 37.152229 ], [ -122.112104, 37.152166 ], [ -122.1119, 37.151882 ], [ -122.11178, 37.151808 ], [ -122.111641, 37.151776 ], [ -122.110935, 37.151835 ], [ -122.110804, 37.151822 ], [ -122.110631, 37.151614 ], [ -122.110434, 37.151444 ], [ -122.109942, 37.151278 ], [ -122.109608, 37.151276 ], [ -122.109369, 37.151445 ], [ -122.109258, 37.151469 ], [ -122.108754, 37.151322 ], [ -122.108146, 37.151329 ], [ -122.107844, 37.151436 ], [ -122.107443, 37.151452 ], [ -122.107011, 37.15153 ], [ -122.106906, 37.151588 ], [ -122.106766, 37.151727 ], [ -122.106629, 37.151772 ], [ -122.106222, 37.151708 ], [ -122.105967, 37.151739 ], [ -122.10571, 37.151956 ], [ -122.105303, 37.152438 ], [ -122.105084, 37.152551 ], [ -122.10494, 37.152533 ], [ -122.104726, 37.152322 ], [ -122.10465, 37.152301 ], [ -122.104501, 37.152327 ], [ -122.104321, 37.152407 ], [ -122.104245, 37.152611 ], [ -122.104088, 37.152679 ], [ -122.103838, 37.152651 ], [ -122.10373, 37.152608 ], [ -122.103632, 37.152515 ], [ -122.103563, 37.152398 ], [ -122.103537, 37.152218 ], [ -122.10361, 37.152107 ], [ -122.104232, 37.151531 ], [ -122.104481, 37.151032 ], [ -122.104551, 37.150806 ], [ -122.10456, 37.15066 ], [ -122.104509, 37.150291 ], [ -122.104632, 37.149808 ], [ -122.104593, 37.149423 ], [ -122.104485, 37.149083 ], [ -122.10437, 37.148229 ], [ -122.10429, 37.147965 ], [ -122.10428, 37.147483 ], [ -122.104098, 37.147189 ], [ -122.103714, 37.146763 ], [ -122.103573, 37.146529 ], [ -122.103392, 37.14607 ], [ -122.103149, 37.145303 ], [ -122.102615, 37.144509 ], [ -122.102435, 37.143816 ], [ -122.10247, 37.143554 ], [ -122.102334, 37.143274 ], [ -122.102068, 37.142927 ], [ -122.101968, 37.142659 ], [ -122.101834, 37.142007 ], [ -122.101757, 37.141394 ], [ -122.101611, 37.140857 ], [ -122.101477, 37.140167 ], [ -122.10128, 37.139662 ], [ -122.100779, 37.138711 ], [ -122.10061, 37.137866 ], [ -122.100597, 37.137236 ], [ -122.10052, 37.137143 ], [ -122.100382, 37.13704 ], [ -122.100222, 37.136973 ], [ -122.099708, 37.136548 ], [ -122.099675, 37.135923 ], [ -122.099722, 37.13534 ], [ -122.09979, 37.135033 ], [ -122.099879, 37.13484 ], [ -122.100092, 37.134621 ], [ -122.100366, 37.134505 ], [ -122.100847, 37.134417 ], [ -122.101032, 37.134323 ], [ -122.101107, 37.13423 ], [ -122.101251, 37.133917 ], [ -122.10156, 37.132966 ], [ -122.10191, 37.132428 ], [ -122.102095, 37.13229 ], [ -122.101903, 37.132252 ], [ -122.101731, 37.132153 ], [ -122.100873, 37.130999 ], [ -122.100255, 37.130274 ], [ -122.099746, 37.129582 ], [ -122.099334, 37.129104 ], [ -122.09884, 37.128615 ], [ -122.098619, 37.128474 ], [ -122.099481, 37.123995 ], [ -122.09946, 37.123473 ], [ -122.099398, 37.122945 ], [ -122.099514, 37.122143 ], [ -122.099651, 37.121616 ], [ -122.099699, 37.121176 ], [ -122.099637, 37.120956 ], [ -122.09939, 37.120456 ], [ -122.098353, 37.118869 ], [ -122.097496, 37.11797 ], [ -122.097834, 37.117996 ], [ -122.098996, 37.117898 ], [ -122.099792, 37.118329 ], [ -122.10005, 37.118868 ], [ -122.100836, 37.119036 ], [ -122.101442, 37.11832 ], [ -122.101035, 37.116475 ], [ -122.101056, 37.115827 ], [ -122.101185, 37.11546 ], [ -122.101395, 37.115209 ], [ -122.101745, 37.115054 ], [ -122.101918, 37.114746 ], [ -122.101999, 37.114679 ], [ -122.102263, 37.114595 ], [ -122.102581, 37.114606 ], [ -122.102959, 37.114825 ], [ -122.102709, 37.115091 ], [ -122.102666, 37.115224 ], [ -122.102802, 37.116181 ], [ -122.102977, 37.116658 ], [ -122.103052, 37.117006 ], [ -122.103051, 37.117347 ], [ -122.102945, 37.117873 ], [ -122.102956, 37.118086 ], [ -122.103017, 37.118224 ], [ -122.103326, 37.118557 ], [ -122.103729, 37.119363 ], [ -122.103919, 37.119568 ], [ -122.104005, 37.119878 ], [ -122.104568, 37.119789 ], [ -122.105119, 37.119568 ], [ -122.105262, 37.119903 ], [ -122.10514, 37.120433 ], [ -122.105226, 37.120607 ], [ -122.105346, 37.120676 ], [ -122.105461, 37.120698 ], [ -122.106586, 37.120612 ], [ -122.106643, 37.120256 ], [ -122.106495, 37.119908 ], [ -122.106612, 37.119445 ], [ -122.107509, 37.119577 ], [ -122.110355, 37.118225 ], [ -122.11058, 37.118337 ], [ -122.110965, 37.118398 ], [ -122.111514, 37.118254 ], [ -122.112515, 37.117771 ], [ -122.112906, 37.117523 ], [ -122.113318, 37.117386 ], [ -122.113812, 37.117336 ], [ -122.113969, 37.117286 ], [ -122.114542, 37.116942 ], [ -122.114474, 37.116832 ], [ -122.11445, 37.116681 ], [ -122.114608, 37.116299 ], [ -122.114649, 37.116061 ], [ -122.114535, 37.115465 ], [ -122.114552, 37.115387 ], [ -122.114241, 37.114945 ], [ -122.113676, 37.114292 ], [ -122.113219, 37.113818 ], [ -122.1127, 37.113681 ], [ -122.112413, 37.113543 ], [ -122.112348, 37.113413 ], [ -122.112442, 37.113206 ], [ -122.112584, 37.113086 ], [ -122.112845, 37.113063 ], [ -122.113235, 37.113178 ], [ -122.113758, 37.11289 ], [ -122.113874, 37.112901 ], [ -122.11402, 37.113008 ], [ -122.114112, 37.113004 ], [ -122.114847, 37.112535 ], [ -122.115296, 37.112787 ], [ -122.115867, 37.112951 ], [ -122.116898, 37.113095 ], [ -122.117552, 37.113113 ], [ -122.118158, 37.113288 ], [ -122.118405, 37.113506 ], [ -122.11867, 37.114267 ], [ -122.118812, 37.114451 ], [ -122.119874, 37.115164 ], [ -122.120143, 37.115474 ], [ -122.120312, 37.115875 ], [ -122.120709, 37.115908 ], [ -122.121272, 37.115721 ], [ -122.121675, 37.115673 ], [ -122.121781, 37.115687 ], [ -122.121851, 37.115789 ], [ -122.122202, 37.115596 ], [ -122.12249, 37.115382 ], [ -122.123697, 37.114414 ], [ -122.124245, 37.114084 ], [ -122.124691, 37.113749 ], [ -122.125439, 37.113358 ], [ -122.126077, 37.113347 ], [ -122.127479, 37.113637 ], [ -122.135684, 37.113334 ], [ -122.140161, 37.112862 ], [ -122.144042, 37.112393 ], [ -122.143876, 37.113353 ], [ -122.147012, 37.114507 ], [ -122.154877, 37.120846 ], [ -122.156377, 37.123946 ], [ -122.158077, 37.124746 ], [ -122.158377, 37.125146 ], [ -122.159577, 37.125946 ], [ -122.159877, 37.126746 ], [ -122.161077, 37.128046 ] ] ] } },
{ "type": "Feature", "properties": { "place": "Aromas", "place_kind": "cdp", "county": "Monterey" }, "geometry": { "type": "Polygon", "coordinates": [ [ [ -121.668773, 36.867712 ], [ -121.668751, 36.86811 ], [ -121.668592, 36.869162 ], [ -121.668498, 36.869493 ], [ -121.668284, 36.869972 ], [ -121.667986, 36.870423 ], [ -121.664506, 36.874763 ], [ -121.664045, 36.875398 ], [ -121.663591, 36.876167 ], [ -121.663358, 36.876625 ], [ -121.663025, 36.877407 ], [ -121.662861, 36.877884 ], [ -121.661915, 36.881453 ], [ -121.661831, 36.882183 ], [ -121.661849, 36.882551 ], [ -121.661515, 36.882563 ], [ -121.660824, 36.882409 ], [ -121.660496, 36.88241 ], [ -121.660218, 36.882476 ], [ -121.65984, 36.882638 ], [ -121.659614, 36.882823 ], [ -121.658549, 36.883933 ], [ -121.65677, 36.885953 ], [ -121.65634, 36.886329 ], [ -121.655753, 36.886672 ], [ -121.65526, 36.886858 ], [ -121.654913, 36.886946 ], [ -121.652463, 36.887348 ], [ -121.652133, 36.887447 ], [ -121.65179, 36.88765 ], [ -121.651502, 36.887988 ], [ -121.6514, 36.888259 ], [ -121.651049, 36.89032 ], [ -121.650903, 36.890575 ], [ -121.650785, 36.890704 ], [ -121.65063, 36.89083 ], [ -121.650348, 36.890979 ], [ -121.650016, 36.891069 ], [ -121.643626, 36.891845 ], [ -121.640523, 36.892272 ], [ -121.639902, 36.892386 ], [ -121.639116, 36.892603 ], [ -121.638078, 36.893066 ], [ -121.637238, 36.893635 ], [ -121.636326, 36.894449 ], [ -121.634263, 36.893347 ], [ -121.633778, 36.893239 ], [ -121.632998, 36.893191 ], [ -121.632394, 36.893014 ], [ -121.632139, 36.892971 ], [ -121.63054, 36.892976 ], [ -121.629657, 36.893296 ], [ -121.629139, 36.893571 ], [ -121.627727, 36.893933 ], [ -121.627323, 36.893979 ], [ -121.626553, 36.893897 ], [ -121.626237, 36.893947 ], [ -121.625716, 36.894246 ], [ -121.624975, 36.894477 ], [ -121.624059, 36.89468 ], [ -121.623826, 36.894762 ], [ -121.62309, 36.895093 ], [ -121.622225, 36.895593 ], [ -121.621931, 36.895699 ], [ -121.62178, 36.895638 ], [ -121.621772, 36.895402 ], [ -121.621859, 36.895076 ], [ -121.622105, 36.894531 ], [ -121.622026, 36.894363 ], [ -121.621789, 36.894211 ], [ -121.621621, 36.89418 ], [ -121.621372, 36.894231 ], [ -121.620887, 36.894585 ], [ -121.620656, 36.894676 ], [ -121.620537, 36.89469 ], [ -121.620305, 36.894666 ], [ -121.619873, 36.894522 ], [ -121.619751, 36.894509 ], [ -121.618556, 36.894583 ], [ -121.618284, 36.894564 ], [ -121.618038, 36.894446 ], [ -121.617662, 36.89413 ], [ -121.617395, 36.894017 ], [ -121.61644, 36.893842 ], [ -121.615308, 36.89356 ], [ -121.61362, 36.893192 ], [ -121.613353, 36.89302 ], [ -121.613239, 36.892864 ], [ -121.613215, 36.892678 ], [ -121.613254, 36.892485 ], [ -121.614059, 36.890561 ], [ -121.614552, 36.889492 ], [ -121.614844, 36.889229 ], [ -121.615716, 36.888602 ], [ -121.617926, 36.886911 ], [ -121.61954, 36.885101 ], [ -121.620419, 36.884015 ], [ -121.62063, 36.883662 ], [ -121.621415, 36.88185 ], [ -121.622605, 36.878886 ], [ -121.622644, 36.878533 ], [ -121.622459, 36.875532 ], [ -121.622373, 36.875289 ], [ -121.622247, 36.875192 ], [ -121.62168, 36.87493 ], [ -121.621578, 36.874833 ], [ -121.621481, 36.874663 ], [ -121.620974, 36.872179 ], [ -121.620674, 36.870986 ], [ -121.620471, 36.869435 ], [ -121.620474, 36.869217 ], [ -121.620542, 36.869034 ], [ -121.621816, 36.866506 ], [ -121.622197, 36.864911 ], [ -121.622267, 36.863796 ], [ -121.622252, 36.863358 ], [ -121.622285, 36.862778 ], [ -121.622372, 36.862409 ], [ -121.622533, 36.862029 ], [ -121.622348, 36.86128 ], [ -121.622169, 36.860768 ], [ -121.621894, 36.860245 ], [ -121.621929, 36.860096 ], [ -121.628327, 36.857749 ], [ -121.629249, 36.857334 ], [ -121.630032, 36.856924 ], [ -121.638138, 36.867863 ], [ -121.642565, 36.8737 ], [ -121.642735, 36.873321 ], [ -121.643698, 36.871492 ], [ -121.644852, 36.869578 ], [ -121.646671, 36.86664 ], [ -121.646903, 36.86631 ], [ -121.647316, 36.86585 ], [ -121.652295, 36.861263 ], [ -121.653205, 36.860384 ], [ -121.653477, 36.860328 ], [ -121.653888, 36.860375 ], [ -121.655829, 36.861048 ], [ -121.658257, 36.86182 ], [ -121.659037, 36.862022 ], [ -121.661988, 36.862551 ], [ -121.664969, 36.862719 ], [ -121.665478, 36.862815 ], [ -121.665837, 36.862918 ], [ -121.666377, 36.86314 ], [ -121.666708, 36.863325 ], [ -121.667224, 36.863712 ], [ -121.667705, 36.864229 ], [ -121.667982, 36.864661 ], [ -121.668124, 36.864964 ], [ -121.668638, 36.866525 ], [ -121.668744, 36.867116 ], [ -121.668773, 36.867712 ] ] ] } },
{ "type": "Feature", "properties": { "place": "Boronda", "place_kind": "cdp", "county": "Monterey" }, "geometry": { "type": "Polygon", "coordinates": [ [ [ -121.681111, 36.68826 ], [ -121.680257, 36.691521 ], [ -121.678453, 36.697997 ], [ -121.677925, 36.699994 ], [ -121.677774, 36.700275 ], [ -121.677557, 36.70051 ], [ -121.673732, 36.703286 ], [ -121.672519, 36.70431 ], [ -121.671299, 36.704455 ], [ -121.66964, 36.704705 ], [ -121.670485, 36.703394 ], [ -121.668238, 36.702606 ], [ -121.669842, 36.700144 ], [ -121.668635, 36.699711 ], [ -121.6694, 36.698544 ], [ -121.668256, 36.698217 ], [ -121.6684, 36.698013 ], [ -121.671173, 36.69816 ], [ -121.671809, 36.697167 ], [ -121.67053, 36.695993 ], [ -121.671298, 36.694314 ], [ -121.668428, 36.693321 ], [ -121.669978, 36.690436 ], [ -121.670482, 36.689759 ], [ -121.672676, 36.687569 ], [ -121.672816, 36.687066 ], [ -121.673154, 36.686085 ], [ -121.673655, 36.685391 ], [ -121.681045, 36.687992 ], [ -121.681111, 36.68826 ] ] ] } },
{ "type": "Feature", "properties": { "place": "Bonny Doon", "place_kind": "cdp", "county": "Santa Cruz" }, "geometry": { "type": "Polygon", "coordinates": [ [ [ -122.182361, 37.054118 ], [ -122.182176, 37.054393 ], [ -122.181957, 37.054855 ], [ -122.181826, 37.055338 ], [ -122.181682, 37.055585 ], [ -122.181065, 37.056168 ], [ -122.18051, 37.056596 ], [ -122.179968, 37.057168 ], [ -122.179612, 37.057701 ], [ -122.179666, 37.058036 ], [ -122.180119, 37.058547 ], [ -122.180139, 37.058668 ], [ -122.18005, 37.058772 ], [ -122.179358, 37.059003 ], [ -122.179269, 37.059063 ], [ -122.178521, 37.060014 ], [ -122.178473, 37.060129 ], [ -122.17848, 37.060234 ], [ -122.178747, 37.060723 ], [ -122.178829, 37.060981 ], [ -122.17885, 37.06119 ], [ -122.178788, 37.061454 ], [ -122.178617, 37.061838 ], [ -122.178411, 37.06208 ], [ -122.178288, 37.06214 ], [ -122.178123, 37.062118 ], [ -122.177965, 37.062052 ], [ -122.177246, 37.061497 ], [ -122.177006, 37.061338 ], [ -122.176745, 37.061228 ], [ -122.176539, 37.061239 ], [ -122.176409, 37.061327 ], [ -122.176251, 37.061673 ], [ -122.176176, 37.061739 ], [ -122.176066, 37.061761 ], [ -122.175593, 37.061723 ], [ -122.175353, 37.061766 ], [ -122.174962, 37.061244 ], [ -122.174695, 37.061014 ], [ -122.174078, 37.06059 ], [ -122.17379, 37.060475 ], [ -122.173516, 37.060414 ], [ -122.172666, 37.060305 ], [ -122.172049, 37.060392 ], [ -122.171192, 37.060639 ], [ -122.170197, 37.060562 ], [ -122.169834, 37.060474 ], [ -122.169526, 37.060485 ], [ -122.16897, 37.060667 ], [ -122.168792, 37.060683 ], [ -122.16825, 37.060639 ], [ -122.168092, 37.060727 ], [ -122.168038, 37.060808 ], [ -122.1679, 37.061045 ], [ -122.167818, 37.06132 ], [ -122.167729, 37.061436 ], [ -122.167523, 37.061573 ], [ -122.165425, 37.062369 ], [ -122.165274, 37.062408 ], [ -122.16454, 37.06243 ], [ -122.16406, 37.062556 ], [ -122.163896, 37.062666 ], [ -122.163518, 37.063171 ], [ -122.163525, 37.06327 ], [ -122.163573, 37.063358 ], [ -122.163847, 37.063517 ], [ -122.163909, 37.063627 ], [ -122.164094, 37.06427 ], [ -122.164334, 37.064583 ], [ -122.164361, 37.065303 ], [ -122.164299, 37.065457 ], [ -122.164011, 37.065875 ], [ -122.163997, 37.066138 ], [ -122.164079, 37.066309 ], [ -122.164059, 37.066397 ], [ -122.16399, 37.066479 ], [ -122.16375, 37.066627 ], [ -122.163675, 37.06677 ], [ -122.163585, 37.067215 ], [ -122.163414, 37.067402 ], [ -122.162817, 37.067737 ], [ -122.162625, 37.067951 ], [ -122.162522, 37.068116 ], [ -122.162461, 37.068402 ], [ -122.162378, 37.068539 ], [ -122.162227, 37.068693 ], [ -122.161871, 37.068902 ], [ -122.161185, 37.069143 ], [ -122.161048, 37.069231 ], [ -122.160862, 37.069522 ], [ -122.160622, 37.069737 ], [ -122.160499, 37.069797 ], [ -122.159628, 37.070006 ], [ -122.159498, 37.070088 ], [ -122.159436, 37.070192 ], [ -122.159367, 37.070637 ], [ -122.159257, 37.070835 ], [ -122.159045, 37.071049 ], [ -122.158852, 37.071423 ], [ -122.158221, 37.071824 ], [ -122.157892, 37.072104 ], [ -122.157714, 37.072368 ], [ -122.156856, 37.072802 ], [ -122.156616, 37.07306 ], [ -122.156198, 37.073345 ], [ -122.155992, 37.073554 ], [ -122.15532, 37.074444 ], [ -122.155251, 37.074823 ], [ -122.155107, 37.075142 ], [ -122.155072, 37.075356 ], [ -122.155154, 37.07595 ], [ -122.155133, 37.076318 ], [ -122.154914, 37.076829 ], [ -122.154879, 37.077125 ], [ -122.154838, 37.077213 ], [ -122.154728, 37.077362 ], [ -122.154413, 37.077647 ], [ -122.154337, 37.077834 ], [ -122.154234, 37.078554 ], [ -122.154227, 37.0789 ], [ -122.154425, 37.080373 ], [ -122.154377, 37.08079 ], [ -122.154411, 37.080917 ], [ -122.154637, 37.081197 ], [ -122.154637, 37.081334 ], [ -122.154555, 37.081505 ], [ -122.154431, 37.081631 ], [ -122.153903, 37.082026 ], [ -122.153539, 37.082246 ], [ -122.153334, 37.082449 ], [ -122.152757, 37.083169 ], [ -122.152606, 37.083488 ], [ -122.152537, 37.083713 ], [ -122.152441, 37.084784 ], [ -122.152303, 37.085356 ], [ -122.152358, 37.085559 ], [ -122.152447, 37.085707 ], [ -122.1529, 37.086175 ], [ -122.152996, 37.086526 ], [ -122.15314, 37.086763 ], [ -122.153194, 37.087004 ], [ -122.15342, 37.088829 ], [ -122.153378, 37.088928 ], [ -122.153344, 37.089274 ], [ -122.153193, 37.089587 ], [ -122.152898, 37.08984 ], [ -122.152733, 37.090175 ], [ -122.152616, 37.09034 ], [ -122.151814, 37.091004 ], [ -122.151731, 37.091713 ], [ -122.151189, 37.092284 ], [ -122.150839, 37.092498 ], [ -122.150626, 37.092762 ], [ -122.150146, 37.092982 ], [ -122.149919, 37.093223 ], [ -122.14959, 37.093361 ], [ -122.149096, 37.09347 ], [ -122.148883, 37.093553 ], [ -122.148424, 37.09386 ], [ -122.148314, 37.094003 ], [ -122.148149, 37.094404 ], [ -122.148128, 37.094613 ], [ -122.148155, 37.094943 ], [ -122.148272, 37.095377 ], [ -122.14823, 37.095619 ], [ -122.148018, 37.096058 ], [ -122.147976, 37.096256 ], [ -122.147894, 37.096426 ], [ -122.147764, 37.096541 ], [ -122.147407, 37.096701 ], [ -122.147318, 37.096811 ], [ -122.147194, 37.097113 ], [ -122.146912, 37.097646 ], [ -122.146754, 37.098135 ], [ -122.146123, 37.098986 ], [ -122.145985, 37.099261 ], [ -122.145868, 37.099733 ], [ -122.145779, 37.099904 ], [ -122.145422, 37.100283 ], [ -122.145271, 37.100546 ], [ -122.14407, 37.101562 ], [ -122.143775, 37.101765 ], [ -122.143503, 37.102056 ], [ -122.143479, 37.102028 ], [ -122.143647, 37.10174 ], [ -122.1435, 37.101651 ], [ -122.143478, 37.101505 ], [ -122.143597, 37.101194 ], [ -122.143733, 37.100962 ], [ -122.142349, 37.101377 ], [ -122.142466, 37.10117 ], [ -122.142718, 37.100897 ], [ -122.143209, 37.100593 ], [ -122.143358, 37.100465 ], [ -122.143664, 37.100035 ], [ -122.14374, 37.099833 ], [ -122.143749, 37.099621 ], [ -122.143689, 37.099416 ], [ -122.143537, 37.099171 ], [ -122.143139, 37.098739 ], [ -122.142782, 37.098533 ], [ -122.14235, 37.098993 ], [ -122.142294, 37.099143 ], [ -122.142305, 37.099269 ], [ -122.142274, 37.099362 ], [ -122.14218, 37.099427 ], [ -122.141938, 37.099514 ], [ -122.141826, 37.099712 ], [ -122.141682, 37.099789 ], [ -122.141145, 37.099823 ], [ -122.140981, 37.099794 ], [ -122.140199, 37.099452 ], [ -122.139912, 37.099242 ], [ -122.139819, 37.099389 ], [ -122.13961, 37.099452 ], [ -122.139439, 37.099433 ], [ -122.139243, 37.099326 ], [ -122.139017, 37.098992 ], [ -122.139005, 37.098625 ], [ -122.138646, 37.097474 ], [ -122.138594, 37.097138 ], [ -122.138528, 37.095856 ], [ -122.138604, 37.095416 ], [ -122.138769, 37.094913 ], [ -122.138764, 37.094817 ], [ -122.138732, 37.094718 ], [ -122.138376, 37.094279 ], [ -122.13817, 37.093944 ], [ -122.138007, 37.093403 ], [ -122.138047, 37.091041 ], [ -122.137799, 37.090909 ], [ -122.137147, 37.089867 ], [ -122.13658, 37.089751 ], [ -122.135848, 37.089817 ], [ -122.135891, 37.089746 ], [ -122.1358, 37.08964 ], [ -122.13494, 37.089713 ], [ -122.134759, 37.08969 ], [ -122.134353, 37.089497 ], [ -122.134351, 37.089228 ], [ -122.134627, 37.088995 ], [ -122.135009, 37.088927 ], [ -122.135116, 37.088702 ], [ -122.135047, 37.088386 ], [ -122.135117, 37.087989 ], [ -122.135112, 37.087749 ], [ -122.13503, 37.08743 ], [ -122.135022, 37.086928 ], [ -122.135095, 37.086493 ], [ -122.134995, 37.086215 ], [ -122.134675, 37.085632 ], [ -122.134634, 37.085257 ], [ -122.134991, 37.084842 ], [ -122.135455, 37.084146 ], [ -122.134465, 37.081241 ], [ -122.133493, 37.07862 ], [ -122.133318, 37.078321 ], [ -122.133134, 37.078161 ], [ -122.132943, 37.07808 ], [ -122.132027, 37.077832 ], [ -122.131764, 37.077694 ], [ -122.131568, 37.077515 ], [ -122.131456, 37.077258 ], [ -122.131631, 37.07642 ], [ -122.131601, 37.076047 ], [ -122.131508, 37.075823 ], [ -122.131205, 37.075386 ], [ -122.130279, 37.07423 ], [ -122.129669, 37.07341 ], [ -122.129478, 37.073233 ], [ -122.129233, 37.073089 ], [ -122.128006, 37.072597 ], [ -122.127183, 37.072217 ], [ -122.125644, 37.071357 ], [ -122.124916, 37.070845 ], [ -122.124644, 37.070588 ], [ -122.124376, 37.070218 ], [ -122.123493, 37.068671 ], [ -122.114542, 37.068657 ], [ -122.113937, 37.055238 ], [ -122.114404, 37.055091 ], [ -122.114273, 37.05479 ], [ -122.113888, 37.054318 ], [ -122.113882, 37.054259 ], [ -122.113905, 37.054184 ], [ -122.114027, 37.05407 ], [ -122.114505, 37.053349 ], [ -122.113751, 37.052988 ], [ -122.113086, 37.052548 ], [ -122.112709, 37.052395 ], [ -122.111639, 37.052252 ], [ -122.110844, 37.052016 ], [ -122.110631, 37.052049 ], [ -122.109699, 37.052462 ], [ -122.109151, 37.052418 ], [ -122.108904, 37.052456 ], [ -122.108746, 37.052413 ], [ -122.108513, 37.05227 ], [ -122.10839, 37.052138 ], [ -122.1078, 37.051863 ], [ -122.106456, 37.051386 ], [ -122.105331, 37.051081 ], [ -122.105254, 37.047928 ], [ -122.105264, 37.045881 ], [ -122.10237, 37.045933 ], [ -122.1006, 37.045871 ], [ -122.100535, 37.040747 ], [ -122.106147, 37.039947 ], [ -122.106147, 37.038429 ], [ -122.106057, 37.038009 ], [ -122.105434, 37.037792 ], [ -122.10532, 37.037711 ], [ -122.105266, 37.037588 ], [ -122.105269, 37.03747 ], [ -122.105585, 37.036636 ], [ -122.105554, 37.036538 ], [ -122.105453, 37.036466 ], [ -122.105324, 37.036447 ], [ -122.105015, 37.036517 ], [ -122.104853, 37.036509 ], [ -122.10472, 37.03641 ], [ -122.104659, 37.036296 ], [ -122.104628, 37.03617 ], [ -122.104703, 37.035919 ], [ -122.104802, 37.035816 ], [ -122.105015, 37.035681 ], [ -122.105329, 37.03556 ], [ -122.104516, 37.033364 ], [ -122.104465, 37.032925 ], [ -122.103767, 37.031076 ], [ -122.103261, 37.030925 ], [ -122.102062, 37.030352 ], [ -122.101209, 37.029702 ], [ -122.100483, 37.028761 ], [ -122.099643, 37.027511 ], [ -122.099347, 37.027 ], [ -122.099044, 37.026621 ], [ -122.098594, 37.026288 ], [ -122.109178, 37.025101 ], [ -122.107849, 37.019086 ], [ -122.105905, 37.01056 ], [ -122.107079, 37.009349 ], [ -122.106734, 37.006317 ], [ -122.105299, 37.004022 ], [ -122.102681, 37.001794 ], [ -122.110982, 36.99682 ], [ -122.12243, 36.996837 ], [ -122.132211, 36.996935 ], [ -122.141706, 37.001747 ], [ -122.138457, 37.006429 ], [ -122.137707, 37.007233 ], [ -122.137784, 37.011662 ], [ -122.137745, 37.019083 ], [ -122.153077, 37.019194 ], [ -122.152583, 37.019809 ], [ -122.151822, 37.020518 ], [ -122.151692, 37.020583 ], [ -122.150856, 37.020611 ], [ -122.150376, 37.020698 ], [ -122.149773, 37.020896 ], [ -122.149567, 37.021022 ], [ -122.14956, 37.02128 ], [ -122.149628, 37.022132 ], [ -122.149587, 37.022473 ], [ -122.149429, 37.022649 ], [ -122.149169, 37.022808 ], [ -122.148614, 37.022863 ], [ -122.148333, 37.022819 ], [ -122.14812, 37.022824 ], [ -122.147963, 37.022868 ], [ -122.146996, 37.023368 ], [ -122.146866, 37.023477 ], [ -122.146784, 37.02362 ], [ -122.146763, 37.023725 ], [ -122.146672, 37.023845 ], [ -122.155913, 37.027885 ], [ -122.156061, 37.02803 ], [ -122.156668, 37.028215 ], [ -122.161803, 37.030364 ], [ -122.177634, 37.037276 ], [ -122.17727, 37.037689 ], [ -122.177195, 37.037826 ], [ -122.176852, 37.03815 ], [ -122.176756, 37.038315 ], [ -122.176626, 37.038458 ], [ -122.175968, 37.038804 ], [ -122.175742, 37.038875 ], [ -122.17555, 37.039029 ], [ -122.175282, 37.039133 ], [ -122.175152, 37.039304 ], [ -122.174549, 37.03965 ], [ -122.174227, 37.039968 ], [ -122.173925, 37.040463 ], [ -122.173856, 37.040672 ], [ -122.173849, 37.040859 ], [ -122.173904, 37.04104 ], [ -122.174137, 37.041447 ], [ -122.173518, 37.043305 ], [ -122.176194, 37.046806 ], [ -122.179716, 37.047349 ], [ -122.180093, 37.047629 ], [ -122.180442, 37.04797 ], [ -122.180614, 37.048195 ], [ -122.181046, 37.049019 ], [ -122.18145, 37.050299 ], [ -122.181477, 37.050607 ], [ -122.181758, 37.051382 ], [ -122.181799, 37.051574 ], [ -122.181916, 37.051882 ], [ -122.1823, 37.052497 ], [ -122.182341, 37.052607 ], [ -122.182348, 37.052701 ], [ -122.182265, 37.052926 ], [ -122.182389, 37.0538 ], [ -122.182361, 37.054118 ] ] ] } },
{ "type": "Feature", "properties": { "place": "Brookdale", "place_kind": "cdp", "county": "Santa Cruz" }, "geometry": { "type": "Polygon", "coordinates": [ [ [ -122.144042, 37.112393 ], [ -122.140161, 37.112862 ], [ -122.135684, 37.113334 ], [ -122.127479, 37.113637 ], [ -122.126077, 37.113347 ], [ -122.125439, 37.113358 ], [ -122.124691, 37.113749 ], [ -122.124245, 37.114084 ], [ -122.123697, 37.114414 ], [ -122.12249, 37.115382 ], [ -122.122202, 37.115596 ], [ -122.121851, 37.115789 ], [ -122.121781, 37.115687 ], [ -122.121675, 37.115673 ], [ -122.121272, 37.115721 ], [ -122.120709, 37.115908 ], [ -122.120312, 37.115875 ], [ -122.120143, 37.115474 ], [ -122.119874, 37.115164 ], [ -122.118812, 37.114451 ], [ -122.11867, 37.114267 ], [ -122.118405, 37.113506 ], [ -122.118158, 37.113288 ], [ -122.117552, 37.113113 ], [ -122.116898, 37.113095 ], [ -122.115867, 37.112951 ], [ -122.115296, 37.112787 ], [ -122.114847, 37.112535 ], [ -122.114112, 37.113004 ], [ -122.11402, 37.113008 ], [ -122.113874, 37.112901 ], [ -122.113758, 37.11289 ], [ -122.113235, 37.113178 ], [ -122.112845, 37.113063 ], [ -122.112584, 37.113086 ], [ -122.112442, 37.113206 ], [ -122.112348, 37.113413 ], [ -122.112413, 37.113543 ], [ -122.1127, 37.113681 ], [ -122.113219, 37.113818 ], [ -122.113676, 37.114292 ], [ -122.114241, 37.114945 ], [ -122.114552, 37.115387 ], [ -122.114535, 37.115465 ], [ -122.114649, 37.116061 ], [ -122.114608, 37.116299 ], [ -122.11445, 37.116681 ], [ -122.114474, 37.116832 ], [ -122.114542, 37.116942 ], [ -122.113969, 37.117286 ], [ -122.113812, 37.117336 ], [ -122.113318, 37.117386 ], [ -122.112906, 37.117523 ], [ -122.112515, 37.117771 ], [ -122.111514, 37.118254 ], [ -122.110965, 37.118398 ], [ -122.11058, 37.118337 ], [ -122.110355, 37.118225 ], [ -122.107509, 37.119577 ], [ -122.106612, 37.119445 ], [ -122.106495, 37.119908 ], [ -122.106643, 37.120256 ], [ -122.106586, 37.120612 ], [ -122.105461, 37.120698 ], [ -122.105294, 37.120653 ], [ -122.105154, 37.120503 ], [ -122.105144, 37.120385 ], [ -122.105262, 37.119903 ], [ -122.105119, 37.119568 ], [ -122.104568, 37.119789 ], [ -122.104005, 37.119878 ], [ -122.103945, 37.119614 ], [ -122.103729, 37.119363 ], [ -122.103326, 37.118557 ], [ -122.103085, 37.118305 ], [ -122.102972, 37.118139 ], [ -122.102945, 37.117873 ], [ -122.103051, 37.117347 ], [ -122.103052, 37.117006 ], [ -122.102977, 37.116658 ], [ -122.102802, 37.116181 ], [ -122.102666, 37.115224 ], [ -122.102709, 37.115091 ], [ -122.102959, 37.114825 ], [ -122.10271, 37.114658 ], [ -122.102581, 37.114606 ], [ -122.102382, 37.114589 ], [ -122.102148, 37.114622 ], [ -122.101999, 37.114679 ], [ -122.101918, 37.114746 ], [ -122.101745, 37.115054 ], [ -122.101395, 37.115209 ], [ -122.101185, 37.11546 ], [ -122.101056, 37.115827 ], [ -122.101035, 37.116475 ], [ -122.101442, 37.11832 ], [ -122.100836, 37.119036 ], [ -122.10005, 37.118868 ], [ -122.099792, 37.118329 ], [ -122.098996, 37.117898 ], [ -122.097834, 37.117996 ], [ -122.097496, 37.11797 ], [ -122.095882, 37.116221 ], [ -122.094867, 37.115342 ], [ -122.094276, 37.114968 ], [ -122.093624, 37.114458 ], [ -122.093329, 37.113842 ], [ -122.093048, 37.113639 ], [ -122.092622, 37.113106 ], [ -122.091929, 37.112436 ], [ -122.091455, 37.112035 ], [ -122.090776, 37.111678 ], [ -122.089987, 37.111167 ], [ -122.089914, 37.111221 ], [ -122.089787, 37.11094 ], [ -122.087154, 37.108793 ], [ -122.086801, 37.108141 ], [ -122.086069, 37.108343 ], [ -122.085646, 37.108169 ], [ -122.084674, 37.106947 ], [ -122.083774, 37.106847 ], [ -122.083074, 37.106047 ], [ -122.083874, 37.105447 ], [ -122.084009, 37.105276 ], [ -122.084092, 37.105235 ], [ -122.084609, 37.104518 ], [ -122.084609, 37.104446 ], [ -122.084424, 37.104157 ], [ -122.084314, 37.103842 ], [ -122.084356, 37.103641 ], [ -122.084434, 37.103599 ], [ -122.084646, 37.103289 ], [ -122.084947, 37.102635 ], [ -122.085324, 37.101994 ], [ -122.085932, 37.101341 ], [ -122.086075, 37.101282 ], [ -122.085997, 37.101141 ], [ -122.086008, 37.100737 ], [ -122.085886, 37.10026 ], [ -122.085961, 37.09983 ], [ -122.085907, 37.099342 ], [ -122.08597, 37.098996 ], [ -122.085997, 37.098565 ], [ -122.085892, 37.098142 ], [ -122.085566, 37.097231 ], [ -122.085579, 37.096937 ], [ -122.085498, 37.096401 ], [ -122.085487, 37.095959 ], [ -122.08567, 37.095379 ], [ -122.085691, 37.095195 ], [ -122.085871, 37.095089 ], [ -122.086516, 37.094325 ], [ -122.08692, 37.093942 ], [ -122.086897, 37.093494 ], [ -122.086945, 37.093257 ], [ -122.087451, 37.09167 ], [ -122.087935, 37.091927 ], [ -122.091215, 37.09234 ], [ -122.091485, 37.09228 ], [ -122.091612, 37.092172 ], [ -122.091751, 37.091919 ], [ -122.091832, 37.091652 ], [ -122.091855, 37.091377 ], [ -122.091821, 37.091126 ], [ -122.091707, 37.090963 ], [ -122.091507, 37.090868 ], [ -122.091221, 37.090829 ], [ -122.091472, 37.08949 ], [ -122.092304, 37.089366 ], [ -122.092675, 37.089415 ], [ -122.093062, 37.08955 ], [ -122.093464, 37.089798 ], [ -122.095413, 37.09155 ], [ -122.095852, 37.091825 ], [ -122.096084, 37.091812 ], [ -122.096313, 37.091889 ], [ -122.096496, 37.092059 ], [ -122.096867, 37.092608 ], [ -122.097176, 37.093165 ], [ -122.097237, 37.093224 ], [ -122.098016, 37.093573 ], [ -122.098236, 37.093717 ], [ -122.098516, 37.094257 ], [ -122.098662, 37.094448 ], [ -122.098951, 37.094707 ], [ -122.099316, 37.094964 ], [ -122.100199, 37.09577 ], [ -122.100452, 37.096016 ], [ -122.100827, 37.096573 ], [ -122.100976, 37.096671 ], [ -122.101504, 37.096748 ], [ -122.102011, 37.096887 ], [ -122.1026, 37.097099 ], [ -122.103346, 37.097081 ], [ -122.103466, 37.097126 ], [ -122.103912, 37.097455 ], [ -122.104155, 37.097551 ], [ -122.104319, 37.097552 ], [ -122.104491, 37.097509 ], [ -122.105398, 37.09719 ], [ -122.106095, 37.096883 ], [ -122.106488, 37.096638 ], [ -122.106752, 37.096568 ], [ -122.10691, 37.096587 ], [ -122.107045, 37.096642 ], [ -122.107168, 37.096747 ], [ -122.107368, 37.097029 ], [ -122.107558, 37.097429 ], [ -122.10764, 37.097522 ], [ -122.10789, 37.097623 ], [ -122.108155, 37.097604 ], [ -122.108511, 37.097441 ], [ -122.108761, 37.097254 ], [ -122.108924, 37.097188 ], [ -122.1092, 37.097217 ], [ -122.109762, 37.097348 ], [ -122.109852, 37.09733 ], [ -122.110201, 37.097049 ], [ -122.110297, 37.097013 ], [ -122.110445, 37.097011 ], [ -122.110711, 37.097096 ], [ -122.11093, 37.09727 ], [ -122.111159, 37.097353 ], [ -122.112018, 37.097405 ], [ -122.112312, 37.097476 ], [ -122.112448, 37.097634 ], [ -122.112609, 37.098036 ], [ -122.112753, 37.09821 ], [ -122.112961, 37.098356 ], [ -122.113113, 37.098396 ], [ -122.113372, 37.098366 ], [ -122.113946, 37.098136 ], [ -122.114145, 37.098102 ], [ -122.114306, 37.098104 ], [ -122.114645, 37.098184 ], [ -122.114766, 37.098248 ], [ -122.114916, 37.098414 ], [ -122.115074, 37.09888 ], [ -122.115212, 37.09909 ], [ -122.115366, 37.099206 ], [ -122.115793, 37.099303 ], [ -122.117665, 37.09936 ], [ -122.118134, 37.099439 ], [ -122.118998, 37.099316 ], [ -122.119321, 37.099215 ], [ -122.119791, 37.099042 ], [ -122.120681, 37.09856 ], [ -122.121434, 37.09825 ], [ -122.121667, 37.098051 ], [ -122.12224, 37.097291 ], [ -122.122595, 37.097049 ], [ -122.123453, 37.096627 ], [ -122.123745, 37.096534 ], [ -122.124038, 37.09655 ], [ -122.125294, 37.097118 ], [ -122.125409, 37.097137 ], [ -122.1256, 37.09709 ], [ -122.126032, 37.096829 ], [ -122.12678, 37.096458 ], [ -122.126883, 37.096326 ], [ -122.127057, 37.095888 ], [ -122.127193, 37.095776 ], [ -122.127374, 37.095813 ], [ -122.127635, 37.095993 ], [ -122.127776, 37.095986 ], [ -122.127833, 37.095946 ], [ -122.128329, 37.0951 ], [ -122.128431, 37.094771 ], [ -122.128548, 37.094617 ], [ -122.129374, 37.094066 ], [ -122.129562, 37.093855 ], [ -122.129825, 37.093478 ], [ -122.130237, 37.093089 ], [ -122.130368, 37.093006 ], [ -122.130729, 37.092964 ], [ -122.131083, 37.093084 ], [ -122.131387, 37.093272 ], [ -122.131648, 37.093589 ], [ -122.1317, 37.09373 ], [ -122.13176, 37.094389 ], [ -122.131868, 37.095026 ], [ -122.13182, 37.09564 ], [ -122.132249, 37.096063 ], [ -122.132275, 37.09615 ], [ -122.132253, 37.096257 ], [ -122.132081, 37.096606 ], [ -122.132123, 37.096688 ], [ -122.132245, 37.096756 ], [ -122.132293, 37.096857 ], [ -122.13228, 37.096938 ], [ -122.132211, 37.097015 ], [ -122.131744, 37.097213 ], [ -122.131567, 37.09737 ], [ -122.131484, 37.097519 ], [ -122.131442, 37.097676 ], [ -122.131452, 37.097902 ], [ -122.131659, 37.098919 ], [ -122.131731, 37.099591 ], [ -122.131923, 37.100212 ], [ -122.132052, 37.101133 ], [ -122.132148, 37.101551 ], [ -122.132259, 37.101637 ], [ -122.132477, 37.101688 ], [ -122.139077, 37.104375 ], [ -122.144276, 37.111058 ], [ -122.144042, 37.112393 ] ] ] } },
{ "type": "Feature", "properties": { "place": "Cambrian Park", "place_kind": "cdp", "county": "Santa Cruz" }, "geometry": { "type": "MultiPolygon", "coordinates": [ [ [ [ -121.940046, 37.260652 ], [ -121.939278, 37.260659 ], [ -121.939325, 37.260312 ], [ -121.939905, 37.260319 ], [ -121.939939, 37.260344 ], [ -121.93994, 37.260435 ], [ -121.940042, 37.260445 ], [ -121.940046, 37.260652 ] ] ], [ [ [ -121.940438, 37.256307 ], [ -121.940333, 37.256306 ], [ -121.940375, 37.260093 ], [ -121.940293, 37.260147 ], [ -121.937608, 37.260157 ], [ -121.937627, 37.263502 ], [ -121.936893, 37.262991 ], [ -121.936333, 37.262666 ], [ -121.935761, 37.262387 ], [ -121.934864, 37.262066 ], [ -121.934018, 37.261871 ], [ -121.934011, 37.261034 ], [ -121.933013, 37.260979 ], [ -121.933001, 37.260262 ], [ -121.932435, 37.260266 ], [ -121.932423, 37.2598 ], [ -121.931961, 37.259801 ], [ -121.931954, 37.259295 ], [ -121.931343, 37.259295 ], [ -121.931333, 37.258604 ], [ -121.931298, 37.258408 ], [ -121.930417, 37.258407 ], [ -121.929906, 37.259036 ], [ -121.929103, 37.259724 ], [ -121.928593, 37.259329 ], [ -121.928004, 37.259877 ], [ -121.927751, 37.260221 ], [ -121.92765, 37.260412 ], [ -121.926984, 37.260221 ], [ -121.926869, 37.260504 ], [ -121.927543, 37.260667 ], [ -121.927451, 37.261332 ], [ -121.926683, 37.261336 ], [ -121.926674, 37.261055 ], [ -121.926548, 37.261046 ], [ -121.925898, 37.261293 ], [ -121.925904, 37.261743 ], [ -121.925342, 37.261743 ], [ -121.925343, 37.26144 ], [ -121.925378, 37.261291 ], [ -121.925462, 37.261128 ], [ -121.924912, 37.260883 ], [ -121.924776, 37.260989 ], [ -121.924003, 37.261105 ], [ -121.923157, 37.261103 ], [ -121.923146, 37.261745 ], [ -121.922321, 37.261749 ], [ -121.922298, 37.260237 ], [ -121.922218, 37.259915 ], [ -121.921976, 37.259429 ], [ -121.922298, 37.259416 ], [ -121.922263, 37.256147 ], [ -121.922844, 37.256142 ], [ -121.923484, 37.255808 ], [ -121.923471, 37.254813 ], [ -121.922257, 37.254816 ], [ -121.922246, 37.254397 ], [ -121.917772, 37.254429 ], [ -121.917766, 37.250914 ], [ -121.91867, 37.250929 ], [ -121.926766, 37.250863 ], [ -121.926758, 37.249276 ], [ -121.931163, 37.249239 ], [ -121.9312, 37.249667 ], [ -121.931107, 37.251427 ], [ -121.931138, 37.253631 ], [ -121.931058, 37.255071 ], [ -121.931083, 37.256128 ], [ -121.940435, 37.256067 ], [ -121.940438, 37.256307 ] ] ] ] } },
{ "type": "Feature", "properties": { "place": "Carmel Valley Village", "place_kind": "cdp", "county": "Monterey" }, "geometry": { "type": "Polygon", "coordinates": [ [ [ -121.771119, 36.479598 ], [ -121.770409, 36.480399 ], [ -121.770126, 36.480536 ], [ -121.768992, 36.480811 ], [ -121.768594, 36.480994 ], [ -121.76831, 36.481726 ], [ -121.768083, 36.481863 ], [ -121.767147, 36.482092 ], [ -121.766863, 36.482321 ], [ -121.76675, 36.482595 ], [ -121.766324, 36.482824 ], [ -121.764396, 36.482961 ], [ -121.762808, 36.483624 ], [ -121.762411, 36.483532 ], [ -121.761958, 36.483028 ], [ -121.76176, 36.483028 ], [ -121.761533, 36.483303 ], [ -121.761022, 36.484379 ], [ -121.76088, 36.48447 ], [ -121.760228, 36.484356 ], [ -121.759689, 36.484401 ], [ -121.759491, 36.484561 ], [ -121.759405, 36.485431 ], [ -121.759178, 36.485546 ], [ -121.757647, 36.485476 ], [ -121.757051, 36.48559 ], [ -121.755974, 36.486048 ], [ -121.755718, 36.486322 ], [ -121.75552, 36.486712 ], [ -121.755349, 36.487398 ], [ -121.755065, 36.487696 ], [ -121.756145, 36.49086 ], [ -121.757983, 36.49104 ], [ -121.75838, 36.491246 ], [ -121.759457, 36.491338 ], [ -121.761782, 36.492187 ], [ -121.761781, 36.492393 ], [ -121.760931, 36.492553 ], [ -121.760647, 36.492827 ], [ -121.761043, 36.493766 ], [ -121.760986, 36.494384 ], [ -121.761496, 36.494705 ], [ -121.762234, 36.49466 ], [ -121.763623, 36.494294 ], [ -121.763963, 36.49434 ], [ -121.764927, 36.494707 ], [ -121.765863, 36.495256 ], [ -121.765836, 36.496814 ], [ -121.768079, 36.496546 ], [ -121.768392, 36.499363 ], [ -121.768934, 36.505652 ], [ -121.769688, 36.508012 ], [ -121.770369, 36.510927 ], [ -121.770129, 36.510775 ], [ -121.769737, 36.510657 ], [ -121.768979, 36.510302 ], [ -121.767474, 36.509821 ], [ -121.767508, 36.510104 ], [ -121.767559, 36.510142 ], [ -121.767575, 36.510246 ], [ -121.766393, 36.50998 ], [ -121.765712, 36.509746 ], [ -121.765333, 36.509571 ], [ -121.764721, 36.5092 ], [ -121.764141, 36.508691 ], [ -121.763663, 36.508086 ], [ -121.76344, 36.507694 ], [ -121.762904, 36.506541 ], [ -121.7624, 36.505653 ], [ -121.76232, 36.505461 ], [ -121.762017, 36.505024 ], [ -121.761837, 36.504642 ], [ -121.761572, 36.504384 ], [ -121.759956, 36.503791 ], [ -121.759404, 36.503437 ], [ -121.757854, 36.501825 ], [ -121.756471, 36.500874 ], [ -121.756128, 36.501229 ], [ -121.755593, 36.501601 ], [ -121.754435, 36.502105 ], [ -121.753204, 36.502579 ], [ -121.752793, 36.502832 ], [ -121.752704, 36.502921 ], [ -121.752418, 36.503438 ], [ -121.752334, 36.504383 ], [ -121.752328, 36.505689 ], [ -121.752533, 36.506209 ], [ -121.752802, 36.506715 ], [ -121.753268, 36.50805 ], [ -121.753575, 36.50875 ], [ -121.754781, 36.511248 ], [ -121.755054, 36.511905 ], [ -121.75554, 36.512719 ], [ -121.756149, 36.513368 ], [ -121.756236, 36.513681 ], [ -121.75624, 36.513805 ], [ -121.756225, 36.513967 ], [ -121.75599, 36.514543 ], [ -121.755956, 36.51473 ], [ -121.755953, 36.514847 ], [ -121.756016, 36.515049 ], [ -121.756132, 36.515189 ], [ -121.7563, 36.515311 ], [ -121.756463, 36.51538 ], [ -121.75685, 36.515452 ], [ -121.757466, 36.51546 ], [ -121.757896, 36.515554 ], [ -121.758065, 36.515631 ], [ -121.758193, 36.51575 ], [ -121.758307, 36.515883 ], [ -121.758369, 36.516055 ], [ -121.758375, 36.516203 ], [ -121.758312, 36.516398 ], [ -121.758239, 36.516542 ], [ -121.757905, 36.516989 ], [ -121.757542, 36.517303 ], [ -121.757044, 36.517632 ], [ -121.755959, 36.518886 ], [ -121.755822, 36.519154 ], [ -121.755794, 36.519308 ], [ -121.755815, 36.519509 ], [ -121.755973, 36.519789 ], [ -121.756124, 36.519921 ], [ -121.756751, 36.520233 ], [ -121.756997, 36.52046 ], [ -121.757098, 36.520607 ], [ -121.757144, 36.520742 ], [ -121.757149, 36.520938 ], [ -121.756969, 36.521525 ], [ -121.756962, 36.521659 ], [ -121.756983, 36.521784 ], [ -121.75715, 36.522177 ], [ -121.757155, 36.522449 ], [ -121.757109, 36.52258 ], [ -121.756991, 36.522742 ], [ -121.756567, 36.523131 ], [ -121.756208, 36.523577 ], [ -121.755639, 36.524063 ], [ -121.755561, 36.524186 ], [ -121.755488, 36.5244 ], [ -121.7555, 36.524734 ], [ -121.755439, 36.525028 ], [ -121.755, 36.525628 ], [ -121.754924, 36.525819 ], [ -121.754832, 36.526292 ], [ -121.754761, 36.526392 ], [ -121.754433, 36.526706 ], [ -121.754052, 36.527198 ], [ -121.752732, 36.527964 ], [ -121.752538, 36.528153 ], [ -121.752461, 36.528364 ], [ -121.75246, 36.528983 ], [ -121.752408, 36.529125 ], [ -121.752252, 36.529347 ], [ -121.751841, 36.52956 ], [ -121.750837, 36.529817 ], [ -121.750624, 36.529921 ], [ -121.749967, 36.530355 ], [ -121.748829, 36.530488 ], [ -121.748009, 36.530756 ], [ -121.747561, 36.531069 ], [ -121.747035, 36.531328 ], [ -121.746725, 36.531038 ], [ -121.747036, 36.530458 ], [ -121.747395, 36.530024 ], [ -121.747602, 36.529529 ], [ -121.747523, 36.529307 ], [ -121.746705, 36.529132 ], [ -121.745914, 36.528377 ], [ -121.745202, 36.52795 ], [ -121.744841, 36.527256 ], [ -121.74423, 36.526212 ], [ -121.743594, 36.525586 ], [ -121.742899, 36.525327 ], [ -121.742574, 36.525174 ], [ -121.74248, 36.524922 ], [ -121.742856, 36.52477 ], [ -121.743384, 36.524672 ], [ -121.743609, 36.524443 ], [ -121.743036, 36.524069 ], [ -121.742387, 36.523794 ], [ -121.742216, 36.523542 ], [ -121.742483, 36.523009 ], [ -121.742598, 36.522567 ], [ -121.742158, 36.521961 ], [ -121.737722, 36.517165 ], [ -121.736959, 36.515723 ], [ -121.736608, 36.514968 ], [ -121.736059, 36.514381 ], [ -121.735006, 36.51403 ], [ -121.732717, 36.513801 ], [ -121.730871, 36.513267 ], [ -121.729619, 36.512244 ], [ -121.728475, 36.511161 ], [ -121.726491, 36.510482 ], [ -121.72408, 36.510238 ], [ -121.722508, 36.509078 ], [ -121.721089, 36.508323 ], [ -121.719212, 36.508155 ], [ -121.71761, 36.507362 ], [ -121.71674, 36.505912 ], [ -121.712221, 36.504388 ], [ -121.710003, 36.503203 ], [ -121.70876, 36.501937 ], [ -121.706074, 36.500541 ], [ -121.704884, 36.500243 ], [ -121.697188, 36.499961 ], [ -121.696468, 36.498997 ], [ -121.69506, 36.497708 ], [ -121.693151, 36.496567 ], [ -121.691373, 36.495751 ], [ -121.688794, 36.495542 ], [ -121.686542, 36.495425 ], [ -121.684014, 36.495408 ], [ -121.680991, 36.495672 ], [ -121.678714, 36.495965 ], [ -121.673767, 36.497068 ], [ -121.671235, 36.497923 ], [ -121.669396, 36.499144 ], [ -121.66865, 36.499724 ], [ -121.668537, 36.499961 ], [ -121.667513, 36.500648 ], [ -121.666201, 36.501166 ], [ -121.665194, 36.501334 ], [ -121.663821, 36.501708 ], [ -121.662655, 36.501961 ], [ -121.66234, 36.500968 ], [ -121.662039, 36.498617 ], [ -121.661552, 36.496764 ], [ -121.661126, 36.495543 ], [ -121.660334, 36.493995 ], [ -121.659302, 36.49265 ], [ -121.658612, 36.490659 ], [ -121.658244, 36.489697 ], [ -121.657649, 36.488507 ], [ -121.657649, 36.487934 ], [ -121.657791, 36.487682 ], [ -121.658812, 36.487568 ], [ -121.660003, 36.487019 ], [ -121.661024, 36.486241 ], [ -121.66196, 36.484913 ], [ -121.664258, 36.482876 ], [ -121.66457, 36.482487 ], [ -121.665251, 36.481182 ], [ -121.665592, 36.479877 ], [ -121.665847, 36.479442 ], [ -121.668059, 36.477474 ], [ -121.668428, 36.476993 ], [ -121.66874, 36.476214 ], [ -121.669732, 36.475139 ], [ -121.670781, 36.474864 ], [ -121.671348, 36.473994 ], [ -121.672256, 36.473101 ], [ -121.672454, 36.472804 ], [ -121.672539, 36.472071 ], [ -121.672653, 36.471773 ], [ -121.67356, 36.470835 ], [ -121.674694, 36.469301 ], [ -121.675262, 36.467378 ], [ -121.675602, 36.467035 ], [ -121.676622, 36.466852 ], [ -121.677189, 36.466485 ], [ -121.677359, 36.46605 ], [ -121.67787, 36.46518 ], [ -121.678097, 36.464287 ], [ -121.678267, 36.464036 ], [ -121.679514, 36.463028 ], [ -121.680308, 36.462639 ], [ -121.681101, 36.461884 ], [ -121.681924, 36.461403 ], [ -121.683597, 36.461037 ], [ -121.684192, 36.460831 ], [ -121.684929, 36.460373 ], [ -121.685411, 36.459778 ], [ -121.686714, 36.459114 ], [ -121.687621, 36.458885 ], [ -121.687933, 36.458633 ], [ -121.688812, 36.457488 ], [ -121.689294, 36.457099 ], [ -121.68969, 36.456962 ], [ -121.690294, 36.456067 ], [ -121.691721, 36.455677 ], [ -121.692919, 36.455239 ], [ -121.693177, 36.454988 ], [ -121.693238, 36.454483 ], [ -121.694037, 36.454047 ], [ -121.694325, 36.45368 ], [ -121.694839, 36.453381 ], [ -121.696283, 36.452883 ], [ -121.69652, 36.452726 ], [ -121.69703, 36.452817 ], [ -121.698107, 36.453504 ], [ -121.698618, 36.453642 ], [ -121.699233, 36.453856 ], [ -121.700126, 36.454441 ], [ -121.700602, 36.454287 ], [ -121.701381, 36.453658 ], [ -121.701745, 36.453548 ], [ -121.703536, 36.453867 ], [ -121.704096, 36.454149 ], [ -121.70454, 36.454685 ], [ -121.705127, 36.45499 ], [ -121.705939, 36.455183 ], [ -121.706022, 36.455277 ], [ -121.705949, 36.456415 ], [ -121.706059, 36.456601 ], [ -121.706421, 36.456881 ], [ -121.707399, 36.457328 ], [ -121.707678, 36.457609 ], [ -121.707674, 36.457887 ], [ -121.706967, 36.458482 ], [ -121.70697, 36.458661 ], [ -121.707115, 36.45875 ], [ -121.707894, 36.458852 ], [ -121.708471, 36.459116 ], [ -121.70989, 36.45998 ], [ -121.709869, 36.460317 ], [ -121.709594, 36.46063 ], [ -121.70957, 36.460809 ], [ -121.710667, 36.461156 ], [ -121.711103, 36.461512 ], [ -121.711367, 36.461915 ], [ -121.711976, 36.46236 ], [ -121.712237, 36.462424 ], [ -121.71244, 36.46258 ], [ -121.712618, 36.462938 ], [ -121.712932, 36.463151 ], [ -121.713271, 36.463167 ], [ -121.71378, 36.46301 ], [ -121.714119, 36.46305 ], [ -121.714373, 36.463416 ], [ -121.714512, 36.46429 ], [ -121.715118, 36.463915 ], [ -121.715121, 36.46367 ], [ -121.714976, 36.463153 ], [ -121.714693, 36.462474 ], [ -121.714523, 36.462176 ], [ -121.714314, 36.462027 ], [ -121.713841, 36.461786 ], [ -121.713657, 36.461592 ], [ -121.713528, 36.461388 ], [ -121.713499, 36.461102 ], [ -121.713377, 36.460927 ], [ -121.713251, 36.460638 ], [ -121.71334, 36.460212 ], [ -121.713227, 36.460135 ], [ -121.713207, 36.459903 ], [ -121.713227, 36.459794 ], [ -121.713174, 36.459484 ], [ -121.713168, 36.459149 ], [ -121.713202, 36.458911 ], [ -121.713366, 36.458527 ], [ -121.713993, 36.458073 ], [ -121.714193, 36.457871 ], [ -121.714349, 36.457615 ], [ -121.714878, 36.457005 ], [ -121.715006, 36.45681 ], [ -121.716346, 36.455477 ], [ -121.716702, 36.454427 ], [ -121.716742, 36.45298 ], [ -121.716742, 36.450673 ], [ -121.717039, 36.449941 ], [ -121.715991, 36.448254 ], [ -121.716327, 36.44722 ], [ -121.715021, 36.446568 ], [ -121.714982, 36.446011 ], [ -121.715437, 36.445247 ], [ -121.715971, 36.444801 ], [ -121.715753, 36.444515 ], [ -121.714843, 36.444563 ], [ -121.713874, 36.444785 ], [ -121.712827, 36.444771 ], [ -121.711878, 36.444834 ], [ -121.710849, 36.445057 ], [ -121.710098, 36.445407 ], [ -121.709742, 36.445487 ], [ -121.709089, 36.44528 ], [ -121.707863, 36.444102 ], [ -121.705548, 36.440538 ], [ -121.704223, 36.439981 ], [ -121.703867, 36.439551 ], [ -121.703966, 36.439042 ], [ -121.70475, 36.438564 ], [ -121.705011, 36.438585 ], [ -121.705131, 36.438689 ], [ -121.705334, 36.438697 ], [ -121.70554, 36.438818 ], [ -121.705947, 36.438909 ], [ -121.706561, 36.438914 ], [ -121.706791, 36.438833 ], [ -121.706974, 36.438728 ], [ -121.707193, 36.438529 ], [ -121.707407, 36.43821 ], [ -121.707935, 36.437545 ], [ -121.708269, 36.436866 ], [ -121.708249, 36.436063 ], [ -121.708182, 36.435926 ], [ -121.708374, 36.435676 ], [ -121.708997, 36.435693 ], [ -121.709141, 36.435779 ], [ -121.709412, 36.435765 ], [ -121.709775, 36.435606 ], [ -121.709998, 36.435448 ], [ -121.710054, 36.435224 ], [ -121.710778, 36.435312 ], [ -121.711432, 36.435783 ], [ -121.711839, 36.435926 ], [ -121.712832, 36.436631 ], [ -121.716364, 36.438866 ], [ -121.717529, 36.439456 ], [ -121.718058, 36.439995 ], [ -121.71824, 36.440391 ], [ -121.71842, 36.440671 ], [ -121.718918, 36.441093 ], [ -121.720519, 36.44185 ], [ -121.721854, 36.441982 ], [ -121.722609, 36.442291 ], [ -121.72409, 36.442311 ], [ -121.725541, 36.442582 ], [ -121.726617, 36.443057 ], [ -121.727026, 36.443316 ], [ -121.728333, 36.443747 ], [ -121.72932, 36.443921 ], [ -121.729989, 36.444205 ], [ -121.732864, 36.444862 ], [ -121.734255, 36.444904 ], [ -121.73506, 36.444521 ], [ -121.73676, 36.444017 ], [ -121.737241, 36.443765 ], [ -121.737604, 36.443397 ], [ -121.737627, 36.444717 ], [ -121.737503, 36.446285 ], [ -121.737562, 36.447738 ], [ -121.737689, 36.448905 ], [ -121.737933, 36.450154 ], [ -121.738352, 36.451258 ], [ -121.739142, 36.45304 ], [ -121.740364, 36.456197 ], [ -121.740858, 36.456976 ], [ -121.741104, 36.456951 ], [ -121.741075, 36.457043 ], [ -121.741583, 36.457432 ], [ -121.741349, 36.457739 ], [ -121.740785, 36.458342 ], [ -121.740521, 36.459 ], [ -121.740588, 36.459917 ], [ -121.741077, 36.460589 ], [ -121.741256, 36.461375 ], [ -121.741446, 36.462007 ], [ -121.742184, 36.463048 ], [ -121.742868, 36.463524 ], [ -121.743254, 36.464356 ], [ -121.74394, 36.465242 ], [ -121.745284, 36.465907 ], [ -121.747176, 36.467003 ], [ -121.748702, 36.467739 ], [ -121.749387, 36.467502 ], [ -121.749614, 36.467365 ], [ -121.750124, 36.467273 ], [ -121.750436, 36.467319 ], [ -121.751059, 36.467604 ], [ -121.751962, 36.467865 ], [ -121.752671, 36.467775 ], [ -121.753125, 36.467913 ], [ -121.753663, 36.468302 ], [ -121.754202, 36.468234 ], [ -121.754741, 36.467753 ], [ -121.755563, 36.467273 ], [ -121.75613, 36.467205 ], [ -121.75664, 36.467296 ], [ -121.757491, 36.467205 ], [ -121.758001, 36.467022 ], [ -121.758682, 36.466427 ], [ -121.759079, 36.466542 ], [ -121.759418, 36.466909 ], [ -121.76058, 36.467779 ], [ -121.760637, 36.468824 ], [ -121.762403, 36.469455 ], [ -121.763003, 36.469624 ], [ -121.763895, 36.469793 ], [ -121.765287, 36.470388 ], [ -121.767134, 36.471453 ], [ -121.767945, 36.472283 ], [ -121.768537, 36.47373 ], [ -121.769129, 36.475736 ], [ -121.769612, 36.476904 ], [ -121.77045, 36.47819 ], [ -121.771239, 36.479544 ], [ -121.771119, 36.479598 ] ] ] } },
{ "type": "Feature", "properties": { "place": "Castroville", "place_kind": "cdp", "county": "Monterey" }, "geometry": { "type": "Polygon", "coordinates": [ [ [ -121.766795, 36.772138 ], [ -121.75946, 36.776456 ], [ -121.75932, 36.776359 ], [ -121.758972, 36.775905 ], [ -121.758096, 36.775383 ], [ -121.753887, 36.774029 ], [ -121.752618, 36.772649 ], [ -121.751418, 36.772451 ], [ -121.750465, 36.771146 ], [ -121.748055, 36.766991 ], [ -121.747737, 36.766945 ], [ -121.747573, 36.766997 ], [ -121.747303, 36.767196 ], [ -121.747032, 36.767449 ], [ -121.746835, 36.767471 ], [ -121.74625, 36.765691 ], [ -121.74606, 36.765057 ], [ -121.745982, 36.76461 ], [ -121.745627, 36.763322 ], [ -121.743508, 36.756466 ], [ -121.743346, 36.755706 ], [ -121.743166, 36.755565 ], [ -121.741958, 36.751695 ], [ -121.742474, 36.751673 ], [ -121.743157, 36.751762 ], [ -121.743997, 36.751736 ], [ -121.744877, 36.751775 ], [ -121.745115, 36.751864 ], [ -121.746063, 36.75209 ], [ -121.74688, 36.752344 ], [ -121.748198, 36.752632 ], [ -121.749622, 36.753037 ], [ -121.750208, 36.753413 ], [ -121.750543, 36.753736 ], [ -121.750763, 36.754133 ], [ -121.751322, 36.754995 ], [ -121.752046, 36.755947 ], [ -121.752281, 36.756356 ], [ -121.752413, 36.756754 ], [ -121.752616, 36.757092 ], [ -121.752847, 36.757406 ], [ -121.753229, 36.757811 ], [ -121.753845, 36.758612 ], [ -121.754316, 36.759682 ], [ -121.754767, 36.760576 ], [ -121.755289, 36.761336 ], [ -121.756423, 36.762467 ], [ -121.756961, 36.763262 ], [ -121.757526, 36.763985 ], [ -121.757894, 36.764217 ], [ -121.758642, 36.76461 ], [ -121.759596, 36.765311 ], [ -121.760836, 36.765608 ], [ -121.761194, 36.765588 ], [ -121.761708, 36.765696 ], [ -121.761935, 36.765775 ], [ -121.762458, 36.766559 ], [ -121.762487, 36.766944 ], [ -121.762553, 36.767111 ], [ -121.762926, 36.767501 ], [ -121.763153, 36.767556 ], [ -121.763422, 36.767549 ], [ -121.764101, 36.767654 ], [ -121.765055, 36.768036 ], [ -121.765035, 36.768396 ], [ -121.765152, 36.769998 ], [ -121.765268, 36.770508 ], [ -121.765514, 36.77099 ], [ -121.765909, 36.771486 ], [ -121.766355, 36.771855 ], [ -121.766795, 36.772138 ] ] ] } },
{ "type": "Feature", "properties": { "place": "Chualar", "place_kind": "cdp", "county": "Monterey" }, "geometry": { "type": "Polygon", "coordinates": [ [ [ -121.52154, 36.57288 ], [ -121.520602, 36.57218 ], [ -121.520354, 36.572047 ], [ -121.5193, 36.572779 ], [ -121.51824, 36.5734 ], [ -121.510784, 36.576318 ], [ -121.505549, 36.578571 ], [ -121.499795, 36.580995 ], [ -121.498976, 36.581391 ], [ -121.498121, 36.581757 ], [ -121.497526, 36.580645 ], [ -121.4974, 36.580484 ], [ -121.497943, 36.580369 ], [ -121.499002, 36.580437 ], [ -121.499345, 36.580391 ], [ -121.49989, 36.580002 ], [ -121.500482, 36.579405 ], [ -121.500981, 36.578752 ], [ -121.501377, 36.578327 ], [ -121.502071, 36.577709 ], [ -121.50382, 36.576703 ], [ -121.505401, 36.575214 ], [ -121.506786, 36.573383 ], [ -121.505878, 36.572765 ], [ -121.503399, 36.570367 ], [ -121.503757, 36.570145 ], [ -121.504407, 36.568734 ], [ -121.504816, 36.568168 ], [ -121.505279, 36.567812 ], [ -121.506063, 36.566985 ], [ -121.506274, 36.566327 ], [ -121.507115, 36.565593 ], [ -121.507641, 36.564793 ], [ -121.508195, 36.564179 ], [ -121.508962, 36.562626 ], [ -121.510007, 36.561022 ], [ -121.511736, 36.562669 ], [ -121.513325, 36.564385 ], [ -121.513517, 36.564689 ], [ -121.514149, 36.56549 ], [ -121.516289, 36.567609 ], [ -121.521533, 36.57267 ], [ -121.52154, 36.57288 ] ] ] } },
{ "type": "Feature", "properties": { "place": "Corralitos", "place_kind": "cdp", "county": "Santa Cruz" }, "geometry": { "type": "Polygon", "coordinates": [ [ [ -121.836509, 36.987731 ], [ -121.83595, 36.987714 ], [ -121.835569, 36.987668 ], [ -121.835139, 36.987542 ], [ -121.834576, 36.987433 ], [ -121.834091, 36.98726 ], [ -121.833919, 36.987253 ], [ -121.833606, 36.987346 ], [ -121.83332, 36.987385 ], [ -121.83276, 36.987205 ], [ -121.832638, 36.987196 ], [ -121.832458, 36.987282 ], [ -121.831886, 36.988139 ], [ -121.831846, 36.988311 ], [ -121.831871, 36.988559 ], [ -121.832011, 36.988896 ], [ -121.832031, 36.989029 ], [ -121.832025, 36.989231 ], [ -121.831984, 36.989319 ], [ -121.831851, 36.989473 ], [ -121.831307, 36.989796 ], [ -121.831094, 36.98988 ], [ -121.830942, 36.989903 ], [ -121.8301, 36.989945 ], [ -121.82819, 36.990457 ], [ -121.827948, 36.99045 ], [ -121.82791, 36.990069 ], [ -121.827842, 36.989757 ], [ -121.826972, 36.989742 ], [ -121.826602, 36.989784 ], [ -121.826276, 36.989875 ], [ -121.82597, 36.990003 ], [ -121.825171, 36.990446 ], [ -121.824879, 36.990558 ], [ -121.8234, 36.990985 ], [ -121.822728, 36.991304 ], [ -121.822478, 36.991388 ], [ -121.822051, 36.991465 ], [ -121.820913, 36.991528 ], [ -121.820339, 36.991654 ], [ -121.819835, 36.991925 ], [ -121.819269, 36.992402 ], [ -121.818592, 36.992743 ], [ -121.818432, 36.99286 ], [ -121.817125, 36.994138 ], [ -121.816936, 36.994257 ], [ -121.816724, 36.994338 ], [ -121.816208, 36.994429 ], [ -121.81604, 36.994397 ], [ -121.815868, 36.994292 ], [ -121.815443, 36.993563 ], [ -121.815368, 36.993465 ], [ -121.815161, 36.993336 ], [ -121.814225, 36.993096 ], [ -121.812145, 36.992493 ], [ -121.811844, 36.992338 ], [ -121.81174, 36.992226 ], [ -121.811617, 36.991998 ], [ -121.810255, 36.989093 ], [ -121.810128, 36.988971 ], [ -121.80825, 36.988645 ], [ -121.807857, 36.988622 ], [ -121.805798, 36.988693 ], [ -121.804486, 36.989023 ], [ -121.803744, 36.988988 ], [ -121.802665, 36.989053 ], [ -121.803728, 36.99047 ], [ -121.804205, 36.991236 ], [ -121.804408, 36.990268 ], [ -121.806575, 36.990565 ], [ -121.806293, 36.990877 ], [ -121.804956, 36.991937 ], [ -121.804836, 36.992102 ], [ -121.804644, 36.992652 ], [ -121.804417, 36.993007 ], [ -121.804377, 36.993156 ], [ -121.804542, 36.993485 ], [ -121.804618, 36.993793 ], [ -121.804796, 36.994831 ], [ -121.804964, 36.996214 ], [ -121.805071, 36.996401 ], [ -121.805624, 36.997082 ], [ -121.805785, 36.997374 ], [ -121.806047, 36.997989 ], [ -121.806208, 36.998244 ], [ -121.806506, 36.998612 ], [ -121.806772, 36.999183 ], [ -121.806767, 36.99936 ], [ -121.806712, 36.99954 ], [ -121.80635, 37.000042 ], [ -121.80625, 37.000281 ], [ -121.806154, 37.001025 ], [ -121.806231, 37.001373 ], [ -121.806443, 37.001828 ], [ -121.807148, 37.002762 ], [ -121.807366, 37.003314 ], [ -121.807752, 37.003894 ], [ -121.80795, 37.004253 ], [ -121.808255, 37.00496 ], [ -121.808739, 37.005489 ], [ -121.809552, 37.006089 ], [ -121.809712, 37.006272 ], [ -121.809768, 37.006451 ], [ -121.809738, 37.006664 ], [ -121.809653, 37.006768 ], [ -121.809494, 37.006885 ], [ -121.809358, 37.007081 ], [ -121.809391, 37.007316 ], [ -121.809501, 37.007556 ], [ -121.80971, 37.007852 ], [ -121.809053, 37.00813 ], [ -121.80864, 37.008342 ], [ -121.808287, 37.008371 ], [ -121.807937, 37.008328 ], [ -121.807787, 37.008373 ], [ -121.807603, 37.008561 ], [ -121.807482, 37.008745 ], [ -121.807418, 37.00908 ], [ -121.80742, 37.009596 ], [ -121.807297, 37.009717 ], [ -121.807199, 37.009717 ], [ -121.80713, 37.009678 ], [ -121.807087, 37.009552 ], [ -121.807059, 37.009112 ], [ -121.807009, 37.008919 ], [ -121.806862, 37.008713 ], [ -121.80662, 37.008529 ], [ -121.805963, 37.008156 ], [ -121.805717, 37.007884 ], [ -121.805271, 37.007821 ], [ -121.804652, 37.007557 ], [ -121.804408, 37.00694 ], [ -121.804365, 37.006368 ], [ -121.804173, 37.006033 ], [ -121.804011, 37.005437 ], [ -121.803808, 37.004117 ], [ -121.803746, 37.003428 ], [ -121.80343, 37.001564 ], [ -121.803331, 37.001282 ], [ -121.803174, 37.001044 ], [ -121.802796, 37.000629 ], [ -121.801306, 36.999809 ], [ -121.801108, 36.999677 ], [ -121.801048, 36.999589 ], [ -121.801051, 36.998909 ], [ -121.800862, 36.998472 ], [ -121.800853, 36.998297 ], [ -121.800927, 36.998064 ], [ -121.801346, 36.997513 ], [ -121.80141, 36.99733 ], [ -121.801393, 36.997245 ], [ -121.801239, 36.997134 ], [ -121.801045, 36.997134 ], [ -121.800055, 36.997576 ], [ -121.799903, 36.997715 ], [ -121.799675, 36.998101 ], [ -121.799542, 36.998171 ], [ -121.799429, 36.998175 ], [ -121.797896, 36.997816 ], [ -121.797283, 36.999585 ], [ -121.797215, 36.99994 ], [ -121.797464, 37.000694 ], [ -121.79748, 37.000943 ], [ -121.797461, 37.001119 ], [ -121.797203, 37.001993 ], [ -121.797035, 37.002758 ], [ -121.796799, 37.00307 ], [ -121.7956, 37.003941 ], [ -121.795227, 37.004323 ], [ -121.794767, 37.00507 ], [ -121.794595, 37.005419 ], [ -121.794472, 37.005787 ], [ -121.794356, 37.006513 ], [ -121.794399, 37.007746 ], [ -121.79449, 37.008564 ], [ -121.794473, 37.008874 ], [ -121.794401, 37.00915 ], [ -121.794217, 37.009618 ], [ -121.794084, 37.009793 ], [ -121.793687, 37.010189 ], [ -121.793613, 37.010353 ], [ -121.793604, 37.010677 ], [ -121.793705, 37.012135 ], [ -121.793679, 37.012272 ], [ -121.793578, 37.012501 ], [ -121.79343, 37.01263 ], [ -121.792821, 37.012801 ], [ -121.792523, 37.012969 ], [ -121.792481, 37.013031 ], [ -121.792429, 37.013333 ], [ -121.792275, 37.013665 ], [ -121.791963, 37.01385 ], [ -121.791902, 37.014225 ], [ -121.791934, 37.014521 ], [ -121.790985, 37.015248 ], [ -121.789441, 37.014303 ], [ -121.788083, 37.014803 ], [ -121.787839, 37.014847 ], [ -121.78772, 37.014896 ], [ -121.787465, 37.015088 ], [ -121.786202, 37.015361 ], [ -121.78618, 37.01553 ], [ -121.786058, 37.015881 ], [ -121.784326, 37.019087 ], [ -121.787245, 37.019107 ], [ -121.787448, 37.019179 ], [ -121.787418, 37.019336 ], [ -121.787242, 37.019476 ], [ -121.785695, 37.020105 ], [ -121.785571, 37.020193 ], [ -121.785515, 37.020289 ], [ -121.785503, 37.020403 ], [ -121.7856, 37.020768 ], [ -121.785342, 37.021326 ], [ -121.785404, 37.021701 ], [ -121.785366, 37.021859 ], [ -121.785246, 37.021908 ], [ -121.783533, 37.024328 ], [ -121.780889, 37.025543 ], [ -121.780367, 37.026059 ], [ -121.780174, 37.026103 ], [ -121.779855, 37.026278 ], [ -121.779693, 37.026487 ], [ -121.779706, 37.026619 ], [ -121.778909, 37.026843 ], [ -121.777054, 37.026822 ], [ -121.776379, 37.026275 ], [ -121.775127, 37.025807 ], [ -121.774822, 37.025728 ], [ -121.77422, 37.025454 ], [ -121.774111, 37.025075 ], [ -121.774001, 37.024919 ], [ -121.773477, 37.024494 ], [ -121.773252, 37.024355 ], [ -121.771462, 37.023875 ], [ -121.770097, 37.023405 ], [ -121.769248, 37.023157 ], [ -121.768441, 37.023034 ], [ -121.768284, 37.022889 ], [ -121.766963, 37.022475 ], [ -121.766341, 37.022168 ], [ -121.765956, 37.021909 ], [ -121.765124, 37.021576 ], [ -121.764105, 37.021237 ], [ -121.763904, 37.021223 ], [ -121.762871, 37.020904 ], [ -121.76237, 37.020722 ], [ -121.762028, 37.020434 ], [ -121.761544, 37.020121 ], [ -121.760856, 37.019805 ], [ -121.759951, 37.01957 ], [ -121.759848, 37.019576 ], [ -121.759291, 37.019394 ], [ -121.758961, 37.019376 ], [ -121.758757, 37.01926 ], [ -121.757308, 37.01814 ], [ -121.757193, 37.017952 ], [ -121.757037, 37.017438 ], [ -121.756841, 37.017063 ], [ -121.756529, 37.016781 ], [ -121.75583, 37.016222 ], [ -121.755631, 37.016101 ], [ -121.755484, 37.016027 ], [ -121.754621, 37.015821 ], [ -121.754381, 37.015673 ], [ -121.754228, 37.015538 ], [ -121.752964, 37.013898 ], [ -121.752703, 37.013605 ], [ -121.752275, 37.013246 ], [ -121.752163, 37.013095 ], [ -121.751725, 37.012387 ], [ -121.751476, 37.011713 ], [ -121.751329, 37.011484 ], [ -121.751296, 37.011379 ], [ -121.751129, 37.011168 ], [ -121.751044, 37.01097 ], [ -121.749061, 37.008552 ], [ -121.748574, 37.00778 ], [ -121.748339, 37.007572 ], [ -121.747543, 37.007079 ], [ -121.746735, 37.006456 ], [ -121.746473, 37.006213 ], [ -121.746114, 37.005958 ], [ -121.745275, 37.004939 ], [ -121.74428, 37.004226 ], [ -121.744052, 37.004118 ], [ -121.743783, 37.003921 ], [ -121.743467, 37.003349 ], [ -121.743124, 37.003055 ], [ -121.74271, 37.002878 ], [ -121.742418, 37.002804 ], [ -121.741907, 37.002583 ], [ -121.741384, 37.002288 ], [ -121.74043, 37.001821 ], [ -121.740229, 37.001793 ], [ -121.739888, 37.001608 ], [ -121.739718, 37.001333 ], [ -121.739649, 37.001088 ], [ -121.739649, 37.000858 ], [ -121.739975, 37.000825 ], [ -121.740755, 37.000085 ], [ -121.741111, 36.999849 ], [ -121.74147, 36.999797 ], [ -121.741928, 36.999848 ], [ -121.742429, 37.000056 ], [ -121.742795, 37.000373 ], [ -121.743039, 37.000818 ], [ -121.743264, 37.001126 ], [ -121.743658, 37.001387 ], [ -121.744651, 37.001521 ], [ -121.745122, 37.001853 ], [ -121.745432, 37.002122 ], [ -121.745733, 37.002183 ], [ -121.746132, 37.002139 ], [ -121.746668, 37.00186 ], [ -121.747891, 37.000788 ], [ -121.749362, 37.000408 ], [ -121.750114, 37.00038 ], [ -121.751702, 37.000465 ], [ -121.753299, 37.000647 ], [ -121.75374, 37.000645 ], [ -121.754137, 37.000695 ], [ -121.754641, 37.000823 ], [ -121.755568, 37.001279 ], [ -121.756027, 37.001301 ], [ -121.757251, 37.001279 ], [ -121.757972, 37.001529 ], [ -121.758225, 37.001669 ], [ -121.759663, 37.00188 ], [ -121.759834, 37.002008 ], [ -121.760087, 37.002134 ], [ -121.760513, 37.002163 ], [ -121.760913, 37.002309 ], [ -121.761985, 37.002499 ], [ -121.762271, 37.002513 ], [ -121.762975, 37.002918 ], [ -121.764071, 37.003252 ], [ -121.764749, 37.003564 ], [ -121.765447, 37.00368 ], [ -121.767357, 37.003806 ], [ -121.768052, 37.00394 ], [ -121.768334, 37.004213 ], [ -121.768378, 37.004331 ], [ -121.768416, 37.004466 ], [ -121.768363, 37.004709 ], [ -121.768368, 37.004968 ], [ -121.768408, 37.005052 ], [ -121.768474, 37.005102 ], [ -121.768632, 37.005075 ], [ -121.76875, 37.00493 ], [ -121.768785, 37.00471 ], [ -121.768954, 37.004295 ], [ -121.769317, 37.003632 ], [ -121.769788, 37.003148 ], [ -121.770176, 37.002812 ], [ -121.770543, 37.002121 ], [ -121.771108, 37.001214 ], [ -121.771569, 37.00093 ], [ -121.771832, 37.000832 ], [ -121.772331, 37.000578 ], [ -121.772448, 37.000488 ], [ -121.772507, 37.000405 ], [ -121.772576, 37.00011 ], [ -121.77269, 36.999866 ], [ -121.77284, 36.999773 ], [ -121.773714, 36.999504 ], [ -121.773993, 36.999354 ], [ -121.774035, 36.999199 ], [ -121.774012, 36.999059 ], [ -121.773499, 36.997449 ], [ -121.773722, 36.995962 ], [ -121.773854, 36.995402 ], [ -121.773903, 36.995237 ], [ -121.774, 36.995073 ], [ -121.774227, 36.994904 ], [ -121.774361, 36.994843 ], [ -121.774834, 36.994696 ], [ -121.775932, 36.99467 ], [ -121.77606, 36.994574 ], [ -121.776272, 36.992763 ], [ -121.776374, 36.991427 ], [ -121.776455, 36.990956 ], [ -121.776569, 36.990388 ], [ -121.777044, 36.988818 ], [ -121.777525, 36.987486 ], [ -121.777919, 36.985305 ], [ -121.778023, 36.983991 ], [ -121.777681, 36.98291 ], [ -121.77583, 36.97883 ], [ -121.776032, 36.977681 ], [ -121.776241, 36.976821 ], [ -121.775895, 36.976567 ], [ -121.775348, 36.976491 ], [ -121.774955, 36.976366 ], [ -121.774647, 36.976339 ], [ -121.774501, 36.976269 ], [ -121.774032, 36.975862 ], [ -121.773895, 36.975669 ], [ -121.773878, 36.975511 ], [ -121.773733, 36.9754 ], [ -121.773399, 36.975407 ], [ -121.773126, 36.975372 ], [ -121.772895, 36.975331 ], [ -121.772485, 36.975192 ], [ -121.77207, 36.975181 ], [ -121.771912, 36.975226 ], [ -121.771689, 36.975364 ], [ -121.771334, 36.975436 ], [ -121.770962, 36.975418 ], [ -121.770449, 36.975286 ], [ -121.770137, 36.975067 ], [ -121.770056, 36.974969 ], [ -121.769749, 36.974403 ], [ -121.769416, 36.974162 ], [ -121.769245, 36.974096 ], [ -121.768899, 36.973825 ], [ -121.768673, 36.97352 ], [ -121.76858, 36.973169 ], [ -121.76852, 36.97312 ], [ -121.768315, 36.973058 ], [ -121.767844, 36.973113 ], [ -121.767487, 36.973069 ], [ -121.76728, 36.973008 ], [ -121.767143, 36.972912 ], [ -121.766759, 36.972732 ], [ -121.766571, 36.972684 ], [ -121.766075, 36.972669 ], [ -121.765869, 36.972607 ], [ -121.765528, 36.972428 ], [ -121.765212, 36.972207 ], [ -121.76492, 36.972209 ], [ -121.765006, 36.971942 ], [ -121.765048, 36.970928 ], [ -121.765099, 36.970684 ], [ -121.765231, 36.970459 ], [ -121.765601, 36.970102 ], [ -121.765802, 36.969852 ], [ -121.765842, 36.969753 ], [ -121.76588, 36.969412 ], [ -121.768187, 36.969565 ], [ -121.76859, 36.969652 ], [ -121.771961, 36.971307 ], [ -121.77208, 36.97123 ], [ -121.772257, 36.971193 ], [ -121.784294, 36.971196 ], [ -121.785243, 36.971253 ], [ -121.786967, 36.971624 ], [ -121.787781, 36.971698 ], [ -121.789181, 36.971755 ], [ -121.789757, 36.971714 ], [ -121.791934, 36.971306 ], [ -121.792463, 36.97124 ], [ -121.794468, 36.971223 ], [ -121.7965, 36.971262 ], [ -121.796625, 36.971197 ], [ -121.796648, 36.971106 ], [ -121.796507, 36.97032 ], [ -121.796783, 36.969815 ], [ -121.797109, 36.968861 ], [ -121.797584, 36.968119 ], [ -121.797781, 36.967932 ], [ -121.797972, 36.967847 ], [ -121.798145, 36.967814 ], [ -121.799989, 36.9677 ], [ -121.802305, 36.96777 ], [ -121.803452, 36.967921 ], [ -121.803946, 36.967932 ], [ -121.804979, 36.967852 ], [ -121.805402, 36.967764 ], [ -121.805796, 36.967632 ], [ -121.807323, 36.966918 ], [ -121.807323, 36.96673 ], [ -121.807102, 36.965739 ], [ -121.807076, 36.96543 ], [ -121.807165, 36.965053 ], [ -121.807419, 36.964667 ], [ -121.807779, 36.964383 ], [ -121.80948, 36.963431 ], [ -121.810451, 36.964851 ], [ -121.810843, 36.965362 ], [ -121.81113, 36.965643 ], [ -121.811628, 36.965963 ], [ -121.812708, 36.96641 ], [ -121.814141, 36.967161 ], [ -121.816218, 36.968715 ], [ -121.818245, 36.969764 ], [ -121.81852, 36.969992 ], [ -121.818741, 36.970255 ], [ -121.819559, 36.971434 ], [ -121.820051, 36.972361 ], [ -121.820353, 36.972724 ], [ -121.821595, 36.973621 ], [ -121.822208, 36.973997 ], [ -121.824097, 36.975029 ], [ -121.824377, 36.97525 ], [ -121.825272, 36.976375 ], [ -121.826288, 36.977354 ], [ -121.826785, 36.97805 ], [ -121.828677, 36.981267 ], [ -121.828995, 36.981947 ], [ -121.829126, 36.982141 ], [ -121.829398, 36.982395 ], [ -121.830164, 36.982934 ], [ -121.830904, 36.983665 ], [ -121.831449, 36.984306 ], [ -121.831707, 36.984737 ], [ -121.832191, 36.98535 ], [ -121.832543, 36.985681 ], [ -121.833744, 36.986272 ], [ -121.835003, 36.987193 ], [ -121.835915, 36.987609 ], [ -121.836206, 36.987691 ], [ -121.836509, 36.987731 ] ] ] } },
{ "type": "Feature", "properties": { "place": "Davenport", "place_kind": "cdp", "county": "Santa Cruz" }, "geometry": { "type": "Polygon", "coordinates": [ [ [ -122.216342, 37.024592 ], [ -122.215498, 37.024988 ], [ -122.214498, 37.025346 ], [ -122.213337, 37.026208 ], [ -122.212048, 37.02491 ], [ -122.211735, 37.024553 ], [ -122.211407, 37.024594 ], [ -122.211219, 37.024555 ], [ -122.210736, 37.024197 ], [ -122.209495, 37.023496 ], [ -122.209383, 37.023367 ], [ -122.209213, 37.023057 ], [ -122.209134, 37.022764 ], [ -122.209052, 37.022595 ], [ -122.208144, 37.021699 ], [ -122.206297, 37.022313 ], [ -122.205516, 37.022437 ], [ -122.204886, 37.022742 ], [ -122.202999, 37.023339 ], [ -122.202077, 37.023889 ], [ -122.201847, 37.023963 ], [ -122.201036, 37.024109 ], [ -122.200361, 37.024361 ], [ -122.199771, 37.024739 ], [ -122.19929, 37.025115 ], [ -122.199134, 37.025256 ], [ -122.198849, 37.025629 ], [ -122.19865, 37.026072 ], [ -122.198486, 37.027351 ], [ -122.198411, 37.027502 ], [ -122.198185, 37.027726 ], [ -122.198063, 37.027786 ], [ -122.197928, 37.027802 ], [ -122.197011, 37.027678 ], [ -122.196672, 37.027685 ], [ -122.196015, 37.027768 ], [ -122.195874, 37.027822 ], [ -122.195254, 37.028222 ], [ -122.194859, 37.028429 ], [ -122.194131, 37.029027 ], [ -122.193869, 37.029204 ], [ -122.193089, 37.029591 ], [ -122.192636, 37.029876 ], [ -122.191113, 37.030363 ], [ -122.19009, 37.030764 ], [ -122.189829, 37.030942 ], [ -122.189575, 37.031166 ], [ -122.1884, 37.031077 ], [ -122.183707, 37.029917 ], [ -122.183728, 37.029881 ], [ -122.183659, 37.0297 ], [ -122.183399, 37.029463 ], [ -122.183317, 37.029337 ], [ -122.183269, 37.029167 ], [ -122.183255, 37.02893 ], [ -122.183303, 37.028722 ], [ -122.183488, 37.028491 ], [ -122.183666, 37.028331 ], [ -122.183796, 37.028117 ], [ -122.184002, 37.027903 ], [ -122.184139, 37.027793 ], [ -122.184468, 37.02765 ], [ -122.184557, 37.027573 ], [ -122.184687, 37.027337 ], [ -122.18479, 37.02698 ], [ -122.184914, 37.026815 ], [ -122.185524, 37.025095 ], [ -122.185798, 37.024518 ], [ -122.186102, 37.024075 ], [ -122.185805, 37.024088 ], [ -122.185392, 37.023873 ], [ -122.185223, 37.023734 ], [ -122.185218, 37.023495 ], [ -122.185332, 37.023366 ], [ -122.185177, 37.023336 ], [ -122.184869, 37.023351 ], [ -122.184654, 37.023465 ], [ -122.184538, 37.023636 ], [ -122.184494, 37.02446 ], [ -122.184394, 37.024576 ], [ -122.183989, 37.024871 ], [ -122.183885, 37.025025 ], [ -122.183809, 37.025298 ], [ -122.183713, 37.025452 ], [ -122.183387, 37.025689 ], [ -122.183084, 37.025839 ], [ -122.182575, 37.025986 ], [ -122.182249, 37.025969 ], [ -122.182145, 37.026006 ], [ -122.181649, 37.026384 ], [ -122.181313, 37.026548 ], [ -122.180894, 37.02666 ], [ -122.180719, 37.026659 ], [ -122.180012, 37.026543 ], [ -122.17721, 37.028563 ], [ -122.17709, 37.028595 ], [ -122.165433, 37.027645 ], [ -122.165683, 37.027483 ], [ -122.166074, 37.027324 ], [ -122.166238, 37.027219 ], [ -122.167088, 37.026192 ], [ -122.167342, 37.02578 ], [ -122.167555, 37.02523 ], [ -122.167671, 37.024395 ], [ -122.16772, 37.023681 ], [ -122.167925, 37.023132 ], [ -122.168049, 37.022445 ], [ -122.168625, 37.021153 ], [ -122.168988, 37.020571 ], [ -122.169468, 37.01989 ], [ -122.169715, 37.019643 ], [ -122.17099, 37.018538 ], [ -122.171504, 37.01795 ], [ -122.172155, 37.016923 ], [ -122.172806, 37.016187 ], [ -122.1733, 37.015956 ], [ -122.174362, 37.015698 ], [ -122.174485, 37.01561 ], [ -122.174944, 37.015099 ], [ -122.175534, 37.014193 ], [ -122.175657, 37.014055 ], [ -122.175856, 37.013748 ], [ -122.176281, 37.012896 ], [ -122.176617, 37.012379 ], [ -122.176665, 37.012193 ], [ -122.176665, 37.01194 ], [ -122.176583, 37.011758 ], [ -122.176494, 37.01166 ], [ -122.17635, 37.011599 ], [ -122.176175, 37.01159 ], [ -122.175876, 37.010976 ], [ -122.175527, 37.01056 ], [ -122.17516, 37.009846 ], [ -122.175095, 37.009634 ], [ -122.175116, 37.009387 ], [ -122.175376, 37.008258 ], [ -122.175501, 37.00801 ], [ -122.175582, 37.007693 ], [ -122.175592, 37.007353 ], [ -122.175672, 37.006892 ], [ -122.175645, 37.006589 ], [ -122.175582, 37.006372 ], [ -122.175581, 37.006196 ], [ -122.175742, 37.005857 ], [ -122.175788, 37.005684 ], [ -122.175772, 37.005168 ], [ -122.175816, 37.005009 ], [ -122.175885, 37.004892 ], [ -122.176168, 37.004606 ], [ -122.176492, 37.004357 ], [ -122.176851, 37.004163 ], [ -122.177383, 37.003779 ], [ -122.177603, 37.003506 ], [ -122.177848, 37.002949 ], [ -122.177956, 37.00282 ], [ -122.178246, 37.002625 ], [ -122.178389, 37.002464 ], [ -122.178675, 37.002026 ], [ -122.178855, 37.001906 ], [ -122.179565, 37.001571 ], [ -122.180475, 37.001004 ], [ -122.180346, 37.000875 ], [ -122.180976, 37.000775 ], [ -122.181161, 37.00072 ], [ -122.181257, 37.000632 ], [ -122.181236, 37.000527 ], [ -122.180921, 37.000297 ], [ -122.18049, 36.999734 ], [ -122.181638, 36.999741 ], [ -122.181654, 36.99995 ], [ -122.181517, 37.000143 ], [ -122.18173, 37.000753 ], [ -122.181812, 37.000857 ], [ -122.181949, 37.000923 ], [ -122.182175, 37.000885 ], [ -122.182394, 37.000753 ], [ -122.182518, 37.000802 ], [ -122.182579, 37.00089 ], [ -122.182367, 37.001066 ], [ -122.182387, 37.001143 ], [ -122.182559, 37.001231 ], [ -122.182976, 37.001187 ], [ -122.18334, 37.001044 ], [ -122.183799, 37.00094 ], [ -122.18384, 37.000973 ], [ -122.183703, 37.001203 ], [ -122.183689, 37.001363 ], [ -122.183703, 37.001423 ], [ -122.183867, 37.0015 ], [ -122.184031, 37.001478 ], [ -122.184148, 37.001374 ], [ -122.184264, 37.001335 ], [ -122.184497, 37.001308 ], [ -122.185011, 37.001385 ], [ -122.18545, 37.001396 ], [ -122.185689, 37.001456 ], [ -122.185799, 37.001308 ], [ -122.185861, 37.001291 ], [ -122.185909, 37.001335 ], [ -122.185909, 37.001429 ], [ -122.185833, 37.001632 ], [ -122.185868, 37.002011 ], [ -122.185826, 37.002379 ], [ -122.185717, 37.002555 ], [ -122.185155, 37.002984 ], [ -122.185134, 37.003094 ], [ -122.185203, 37.003566 ], [ -122.18523, 37.003643 ], [ -122.185347, 37.003759 ], [ -122.185628, 37.003945 ], [ -122.186073, 37.004099 ], [ -122.186114, 37.004055 ], [ -122.186176, 37.003858 ], [ -122.186258, 37.003764 ], [ -122.186368, 37.003698 ], [ -122.186607, 37.003632 ], [ -122.186758, 37.0035 ], [ -122.18684, 37.0035 ], [ -122.186834, 37.003671 ], [ -122.187012, 37.003715 ], [ -122.187046, 37.003797 ], [ -122.187786, 37.00433 ], [ -122.187971, 37.004402 ], [ -122.188163, 37.004407 ], [ -122.188587, 37.004303 ], [ -122.18867, 37.004347 ], [ -122.188841, 37.004511 ], [ -122.188964, 37.004759 ], [ -122.189053, 37.004852 ], [ -122.189163, 37.004808 ], [ -122.189252, 37.00466 ], [ -122.189362, 37.004577 ], [ -122.189471, 37.004539 ], [ -122.189622, 37.004577 ], [ -122.189711, 37.004715 ], [ -122.189512, 37.005105 ], [ -122.189567, 37.00533 ], [ -122.189711, 37.005632 ], [ -122.190067, 37.006012 ], [ -122.190335, 37.00616 ], [ -122.190602, 37.00622 ], [ -122.191191, 37.006264 ], [ -122.191307, 37.006308 ], [ -122.191431, 37.00644 ], [ -122.191629, 37.006523 ], [ -122.192034, 37.006567 ], [ -122.192212, 37.006495 ], [ -122.192342, 37.006495 ], [ -122.192356, 37.006572 ], [ -122.192308, 37.006753 ], [ -122.192274, 37.007116 ], [ -122.192301, 37.007396 ], [ -122.192239, 37.007644 ], [ -122.19228, 37.007803 ], [ -122.192555, 37.008286 ], [ -122.193226, 37.008814 ], [ -122.193651, 37.009105 ], [ -122.194699, 37.009534 ], [ -122.195062, 37.00972 ], [ -122.195241, 37.00977 ], [ -122.195878, 37.009759 ], [ -122.195974, 37.009709 ], [ -122.196227, 37.009446 ], [ -122.196508, 37.009385 ], [ -122.196618, 37.009457 ], [ -122.19672, 37.009594 ], [ -122.196816, 37.009968 ], [ -122.196768, 37.010275 ], [ -122.196796, 37.010363 ], [ -122.196919, 37.010473 ], [ -122.197371, 37.010517 ], [ -122.19794, 37.010891 ], [ -122.198125, 37.011061 ], [ -122.19866, 37.011671 ], [ -122.199489, 37.012457 ], [ -122.200901, 37.012995 ], [ -122.201414, 37.01305 ], [ -122.201531, 37.013088 ], [ -122.201819, 37.013303 ], [ -122.202004, 37.01339 ], [ -122.202346, 37.013484 ], [ -122.202518, 37.013506 ], [ -122.202614, 37.013396 ], [ -122.202723, 37.013445 ], [ -122.20286, 37.013412 ], [ -122.202908, 37.013462 ], [ -122.202997, 37.013451 ], [ -122.203066, 37.013363 ], [ -122.20323, 37.013495 ], [ -122.203326, 37.013528 ], [ -122.203779, 37.013539 ], [ -122.204477, 37.013396 ], [ -122.204676, 37.013401 ], [ -122.204889, 37.013467 ], [ -122.205197, 37.013797 ], [ -122.205499, 37.013989 ], [ -122.205629, 37.014011 ], [ -122.205841, 37.013989 ], [ -122.206019, 37.013912 ], [ -122.206149, 37.013934 ], [ -122.206211, 37.014033 ], [ -122.206115, 37.014148 ], [ -122.206218, 37.014297 ], [ -122.206383, 37.014714 ], [ -122.206609, 37.014841 ], [ -122.206616, 37.015077 ], [ -122.206664, 37.015236 ], [ -122.207274, 37.016302 ], [ -122.207479, 37.016494 ], [ -122.207562, 37.016516 ], [ -122.207664, 37.016494 ], [ -122.207808, 37.016533 ], [ -122.207836, 37.016588 ], [ -122.207815, 37.016681 ], [ -122.207918, 37.016824 ], [ -122.207877, 37.017022 ], [ -122.207911, 37.017258 ], [ -122.208124, 37.017747 ], [ -122.208268, 37.017972 ], [ -122.208528, 37.018225 ], [ -122.208782, 37.018324 ], [ -122.208912, 37.018329 ], [ -122.208953, 37.018472 ], [ -122.209083, 37.018544 ], [ -122.209268, 37.018725 ], [ -122.20957, 37.019219 ], [ -122.209728, 37.01934 ], [ -122.209831, 37.019357 ], [ -122.209927, 37.019445 ], [ -122.209995, 37.019571 ], [ -122.210173, 37.019664 ], [ -122.210358, 37.019939 ], [ -122.210653, 37.020115 ], [ -122.210797, 37.020241 ], [ -122.210879, 37.020379 ], [ -122.210955, 37.020406 ], [ -122.211208, 37.020642 ], [ -122.211476, 37.020747 ], [ -122.211695, 37.020747 ], [ -122.211853, 37.020807 ], [ -122.212161, 37.020757 ], [ -122.212442, 37.020873 ], [ -122.212812, 37.0209 ], [ -122.213278, 37.021279 ], [ -122.214025, 37.021526 ], [ -122.214656, 37.02185 ], [ -122.214745, 37.021922 ], [ -122.215074, 37.022246 ], [ -122.215136, 37.022361 ], [ -122.215204, 37.022548 ], [ -122.215218, 37.022999 ], [ -122.215286, 37.023191 ], [ -122.215554, 37.023686 ], [ -122.216342, 37.024592 ] ] ] } },
{ "type": "Feature", "properties": { "place": "Day Valley", "place_kind": "cdp", "county": "Santa Cruz" }, "geometry": { "type": "Polygon", "coordinates": [ [ [ -121.904067, 37.02075 ], [ -121.903967, 37.020904 ], [ -121.90392, 37.021129 ], [ -121.904032, 37.021245 ], [ -121.903385, 37.022622 ], [ -121.901685, 37.024922 ], [ -121.900885, 37.025222 ], [ -121.900627, 37.025806 ], [ -121.901475, 37.025978 ], [ -121.900585, 37.027722 ], [ -121.896885, 37.029122 ], [ -121.893984, 37.03054 ], [ -121.893978, 37.030617 ], [ -121.894804, 37.030766 ], [ -121.895225, 37.030896 ], [ -121.895858, 37.03136 ], [ -121.896262, 37.031946 ], [ -121.896262, 37.032244 ], [ -121.896048, 37.032381 ], [ -121.895499, 37.032328 ], [ -121.894797, 37.032473 ], [ -121.89408, 37.032808 ], [ -121.89353, 37.033381 ], [ -121.893042, 37.034754 ], [ -121.892775, 37.03591 ], [ -121.892607, 37.03636 ], [ -121.892639, 37.036902 ], [ -121.893007, 37.036915 ], [ -121.893459, 37.035937 ], [ -121.893626, 37.035794 ], [ -121.895831, 37.03585 ], [ -121.896456, 37.0358 ], [ -121.896914, 37.035549 ], [ -121.89709, 37.035523 ], [ -121.897549, 37.035706 ], [ -121.897529, 37.035812 ], [ -121.897014, 37.036201 ], [ -121.896827, 37.03684 ], [ -121.89643, 37.037844 ], [ -121.896597, 37.03837 ], [ -121.89588, 37.03853 ], [ -121.895606, 37.038721 ], [ -121.895224, 37.039423 ], [ -121.894904, 37.039728 ], [ -121.895056, 37.040575 ], [ -121.895569, 37.041493 ], [ -121.895599, 37.041696 ], [ -121.895758, 37.042168 ], [ -121.895117, 37.042367 ], [ -121.894904, 37.042543 ], [ -121.894904, 37.043084 ], [ -121.893698, 37.043641 ], [ -121.892981, 37.043824 ], [ -121.892767, 37.044122 ], [ -121.892661, 37.045548 ], [ -121.892218, 37.045884 ], [ -121.890906, 37.044793 ], [ -121.889868, 37.044175 ], [ -121.889441, 37.044175 ], [ -121.889105, 37.044091 ], [ -121.888785, 37.043916 ], [ -121.888556, 37.043954 ], [ -121.88851, 37.044091 ], [ -121.888556, 37.04461 ], [ -121.888785, 37.04506 ], [ -121.888831, 37.045625 ], [ -121.888785, 37.045976 ], [ -121.888556, 37.046189 ], [ -121.888663, 37.04651 ], [ -121.888892, 37.046784 ], [ -121.888892, 37.047044 ], [ -121.888663, 37.047212 ], [ -121.888724, 37.047624 ], [ -121.888342, 37.048081 ], [ -121.888068, 37.048318 ], [ -121.887961, 37.049676 ], [ -121.887686, 37.050073 ], [ -121.887305, 37.050126 ], [ -121.887076, 37.049851 ], [ -121.886923, 37.049447 ], [ -121.886649, 37.049378 ], [ -121.88616, 37.049096 ], [ -121.885825, 37.048577 ], [ -121.885611, 37.048539 ], [ -121.88523, 37.048669 ], [ -121.884894, 37.048562 ], [ -121.884467, 37.048493 ], [ -121.883643, 37.048883 ], [ -121.883429, 37.04915 ], [ -121.883307, 37.049493 ], [ -121.883307, 37.049851 ], [ -121.883429, 37.050294 ], [ -121.883917, 37.051316 ], [ -121.883749, 37.051751 ], [ -121.883475, 37.051843 ], [ -121.88233, 37.051667 ], [ -121.881949, 37.051789 ], [ -121.88172, 37.05211 ], [ -121.882117, 37.052354 ], [ -121.882544, 37.052507 ], [ -121.882498, 37.052766 ], [ -121.882102, 37.052842 ], [ -121.881842, 37.053018 ], [ -121.881949, 37.053453 ], [ -121.882224, 37.053674 ], [ -121.882483, 37.053735 ], [ -121.882819, 37.053689 ], [ -121.8832, 37.05346 ], [ -121.883368, 37.053598 ], [ -121.883414, 37.053872 ], [ -121.883307, 37.054086 ], [ -121.883261, 37.054879 ], [ -121.883521, 37.055055 ], [ -121.883795, 37.055001 ], [ -121.883963, 37.054879 ], [ -121.884177, 37.054566 ], [ -121.884619, 37.05475 ], [ -121.884894, 37.054711 ], [ -121.885336, 37.055001 ], [ -121.885596, 37.0551 ], [ -121.886081, 37.055078 ], [ -121.88621, 37.055218 ], [ -121.886698, 37.055348 ], [ -121.887248, 37.056096 ], [ -121.887294, 37.05711 ], [ -121.88708, 37.057934 ], [ -121.887019, 37.059147 ], [ -121.886973, 37.059437 ], [ -121.886592, 37.059483 ], [ -121.886256, 37.059094 ], [ -121.885981, 37.058934 ], [ -121.885707, 37.05917 ], [ -121.885493, 37.058735 ], [ -121.885005, 37.058384 ], [ -121.884516, 37.058964 ], [ -121.884135, 37.05914 ], [ -121.883799, 37.058926 ], [ -121.883372, 37.058728 ], [ -121.882823, 37.058705 ], [ -121.882487, 37.058857 ], [ -121.882273, 37.059262 ], [ -121.881938, 37.059475 ], [ -121.881617, 37.059483 ], [ -121.881281, 37.059269 ], [ -121.880747, 37.05917 ], [ -121.880304, 37.05962 ], [ -121.879861, 37.059796 ], [ -121.87955, 37.059781 ], [ -121.879251, 37.059475 ], [ -121.878992, 37.059002 ], [ -121.878549, 37.058918 ], [ -121.878229, 37.058918 ], [ -121.877466, 37.059033 ], [ -121.876703, 37.059887 ], [ -121.875986, 37.060406 ], [ -121.875436, 37.060139 ], [ -121.875269, 37.06036 ], [ -121.875269, 37.06062 ], [ -121.875314, 37.060803 ], [ -121.875818, 37.061421 ], [ -121.875986, 37.061512 ], [ -121.875986, 37.061825 ], [ -121.875879, 37.061894 ], [ -121.875436, 37.061596 ], [ -121.875208, 37.06194 ], [ -121.875208, 37.06239 ], [ -121.875055, 37.062657 ], [ -121.875097, 37.062801 ], [ -121.875164, 37.063697 ], [ -121.875612, 37.064563 ], [ -121.875701, 37.064869 ], [ -121.875335, 37.06514 ], [ -121.875071, 37.065589 ], [ -121.874456, 37.065695 ], [ -121.873888, 37.065731 ], [ -121.873449, 37.066024 ], [ -121.873566, 37.067062 ], [ -121.873389, 37.06749 ], [ -121.873444, 37.068459 ], [ -121.872787, 37.069031 ], [ -121.871999, 37.069199 ], [ -121.871823, 37.069706 ], [ -121.871666, 37.070569 ], [ -121.870997, 37.070478 ], [ -121.871031, 37.070992 ], [ -121.871423, 37.071473 ], [ -121.871111, 37.071991 ], [ -121.870462, 37.072276 ], [ -121.868887, 37.072654 ], [ -121.868872, 37.073115 ], [ -121.869233, 37.074014 ], [ -121.868718, 37.074757 ], [ -121.868543, 37.075238 ], [ -121.86898, 37.07586 ], [ -121.868988, 37.076293 ], [ -121.868428, 37.07652 ], [ -121.86752, 37.07655 ], [ -121.867006, 37.076731 ], [ -121.866441, 37.076627 ], [ -121.866027, 37.076613 ], [ -121.865722, 37.076996 ], [ -121.865273, 37.077109 ], [ -121.863995, 37.076476 ], [ -121.863786, 37.076244 ], [ -121.862177, 37.076089 ], [ -121.861996, 37.076124 ], [ -121.861958, 37.076321 ], [ -121.861391, 37.076417 ], [ -121.861003, 37.076437 ], [ -121.859967, 37.076029 ], [ -121.859437, 37.075468 ], [ -121.859199, 37.074842 ], [ -121.858542, 37.073928 ], [ -121.857698, 37.073237 ], [ -121.856898, 37.072704 ], [ -121.856696, 37.072401 ], [ -121.856629, 37.071815 ], [ -121.856406, 37.071207 ], [ -121.855949, 37.070826 ], [ -121.855552, 37.070827 ], [ -121.855202, 37.071149 ], [ -121.855054, 37.071425 ], [ -121.854813, 37.071598 ], [ -121.854523, 37.071309 ], [ -121.854365, 37.071217 ], [ -121.854235, 37.071229 ], [ -121.854022, 37.071195 ], [ -121.853842, 37.071197 ], [ -121.853658, 37.071254 ], [ -121.853113, 37.071513 ], [ -121.852602, 37.0711 ], [ -121.852315, 37.070739 ], [ -121.852288, 37.070603 ], [ -121.852312, 37.070449 ], [ -121.852276, 37.070271 ], [ -121.851927, 37.070308 ], [ -121.851802, 37.070286 ], [ -121.851435, 37.070355 ], [ -121.85125, 37.070536 ], [ -121.851074, 37.070641 ], [ -121.850707, 37.070641 ], [ -121.850226, 37.070707 ], [ -121.8498, 37.070641 ], [ -121.849669, 37.070512 ], [ -121.849717, 37.069961 ], [ -121.849594, 37.069807 ], [ -121.84947, 37.06956 ], [ -121.849662, 37.069405 ], [ -121.850162, 37.069371 ], [ -121.850422, 37.069304 ], [ -121.850522, 37.069225 ], [ -121.850608, 37.069082 ], [ -121.850425, 37.068988 ], [ -121.850465, 37.068761 ], [ -121.850428, 37.068662 ], [ -121.850106, 37.068481 ], [ -121.84977, 37.067514 ], [ -121.849114, 37.067764 ], [ -121.848366, 37.067902 ], [ -121.848121, 37.068395 ], [ -121.847836, 37.068602 ], [ -121.847489, 37.068578 ], [ -121.846104, 37.067947 ], [ -121.84577, 37.067997 ], [ -121.845382, 37.068223 ], [ -121.844886, 37.068266 ], [ -121.844293, 37.068023 ], [ -121.844173, 37.068424 ], [ -121.843884, 37.068264 ], [ -121.843633, 37.06789 ], [ -121.843809, 37.067479 ], [ -121.843306, 37.066732 ], [ -121.842952, 37.066376 ], [ -121.842212, 37.066107 ], [ -121.841346, 37.06561 ], [ -121.84102, 37.065063 ], [ -121.841159, 37.06456 ], [ -121.841091, 37.064152 ], [ -121.840839, 37.063794 ], [ -121.840386, 37.063571 ], [ -121.840155, 37.06323 ], [ -121.840355, 37.062949 ], [ -121.840531, 37.062522 ], [ -121.840505, 37.062228 ], [ -121.840121, 37.061283 ], [ -121.839988, 37.060712 ], [ -121.839795, 37.060191 ], [ -121.840273, 37.059547 ], [ -121.840306, 37.059089 ], [ -121.840116, 37.058715 ], [ -121.839745, 37.058555 ], [ -121.839316, 37.058527 ], [ -121.838848, 37.058598 ], [ -121.838612, 37.058316 ], [ -121.838197, 37.057608 ], [ -121.838094, 37.056414 ], [ -121.837662, 37.05619 ], [ -121.837169, 37.056016 ], [ -121.836938, 37.055691 ], [ -121.836948, 37.055119 ], [ -121.836635, 37.054713 ], [ -121.83638, 37.05416 ], [ -121.836377, 37.05398 ], [ -121.836534, 37.053651 ], [ -121.837004, 37.053458 ], [ -121.83734, 37.05302 ], [ -121.837293, 37.052693 ], [ -121.837328, 37.052333 ], [ -121.83783, 37.051885 ], [ -121.837904, 37.051492 ], [ -121.838424, 37.050864 ], [ -121.838848, 37.050624 ], [ -121.839103, 37.050565 ], [ -121.839661, 37.049857 ], [ -121.841209, 37.049617 ], [ -121.841236, 37.049323 ], [ -121.841224, 37.048771 ], [ -121.841651, 37.047522 ], [ -121.84158, 37.047 ], [ -121.841695, 37.046589 ], [ -121.842016, 37.046275 ], [ -121.842415, 37.045779 ], [ -121.84255, 37.045303 ], [ -121.84289, 37.044762 ], [ -121.842944, 37.04453 ], [ -121.843457, 37.044671 ], [ -121.843722, 37.044668 ], [ -121.844022, 37.044288 ], [ -121.844164, 37.044287 ], [ -121.844264, 37.044155 ], [ -121.84426, 37.043942 ], [ -121.844051, 37.04365 ], [ -121.844185, 37.043268 ], [ -121.844102, 37.04306 ], [ -121.843896, 37.042948 ], [ -121.843462, 37.042796 ], [ -121.843448, 37.042487 ], [ -121.843355, 37.042382 ], [ -121.84337, 37.042103 ], [ -121.8441, 37.041508 ], [ -121.844132, 37.041326 ], [ -121.843839, 37.04105 ], [ -121.843736, 37.04074 ], [ -121.843546, 37.040547 ], [ -121.842825, 37.040146 ], [ -121.842379, 37.039826 ], [ -121.842285, 37.03967 ], [ -121.841911, 37.039428 ], [ -121.841501, 37.039068 ], [ -121.841453, 37.038938 ], [ -121.841577, 37.038767 ], [ -121.841533, 37.038672 ], [ -121.84132, 37.038465 ], [ -121.840406, 37.037849 ], [ -121.839986, 37.037648 ], [ -121.839486, 37.03749 ], [ -121.838935, 37.037122 ], [ -121.838564, 37.036994 ], [ -121.837548, 37.03686 ], [ -121.836981, 37.036553 ], [ -121.836483, 37.036197 ], [ -121.835826, 37.035963 ], [ -121.835398, 37.035755 ], [ -121.8346, 37.035542 ], [ -121.833971, 37.035155 ], [ -121.833593, 37.035071 ], [ -121.832997, 37.034491 ], [ -121.832616, 37.034248 ], [ -121.830557, 37.033581 ], [ -121.830194, 37.03365 ], [ -121.830077, 37.033566 ], [ -121.830097, 37.033324 ], [ -121.829987, 37.033114 ], [ -121.829877, 37.032655 ], [ -121.829873, 37.032452 ], [ -121.829998, 37.032346 ], [ -121.830529, 37.03226 ], [ -121.830828, 37.032106 ], [ -121.830807, 37.031805 ], [ -121.83057, 37.03136 ], [ -121.830539, 37.0307 ], [ -121.830329, 37.030289 ], [ -121.830054, 37.029883 ], [ -121.829434, 37.029755 ], [ -121.829365, 37.029688 ], [ -121.829112, 37.028863 ], [ -121.829158, 37.028348 ], [ -121.828906, 37.028061 ], [ -121.82843, 37.027802 ], [ -121.82825, 37.027536 ], [ -121.828101, 37.026995 ], [ -121.828044, 37.026614 ], [ -121.828116, 37.026407 ], [ -121.828336, 37.026173 ], [ -121.828448, 37.025901 ], [ -121.828442, 37.025774 ], [ -121.827652, 37.025247 ], [ -121.827509, 37.025092 ], [ -121.827412, 37.024876 ], [ -121.827321, 37.024255 ], [ -121.82702, 37.02407 ], [ -121.826918, 37.023965 ], [ -121.826802, 37.023738 ], [ -121.82681, 37.023363 ], [ -121.827073, 37.023015 ], [ -121.827429, 37.022388 ], [ -121.826724, 37.02165 ], [ -121.826203, 37.021343 ], [ -121.823668, 37.020634 ], [ -121.822981, 37.019995 ], [ -121.82236, 37.01931 ], [ -121.821436, 37.018635 ], [ -121.821152, 37.018273 ], [ -121.821031, 37.018067 ], [ -121.82098, 37.017897 ], [ -121.820932, 37.017477 ], [ -121.820878, 37.017387 ], [ -121.82063, 37.017262 ], [ -121.819317, 37.016783 ], [ -121.81878, 37.016883 ], [ -121.818488, 37.016898 ], [ -121.81818, 37.016477 ], [ -121.818373, 37.016431 ], [ -121.81855, 37.016441 ], [ -121.818744, 37.016516 ], [ -121.819107, 37.01656 ], [ -121.819539, 37.016378 ], [ -121.821033, 37.016451 ], [ -121.822035, 37.016825 ], [ -121.821532, 37.016527 ], [ -121.821085, 37.016123 ], [ -121.820778, 37.015905 ], [ -121.819833, 37.015722 ], [ -121.818864, 37.015629 ], [ -121.818222, 37.015532 ], [ -121.817966, 37.015545 ], [ -121.817417, 37.015667 ], [ -121.816756, 37.015929 ], [ -121.816408, 37.016023 ], [ -121.815978, 37.016069 ], [ -121.815754, 37.016132 ], [ -121.81562, 37.015969 ], [ -121.815356, 37.015533 ], [ -121.814274, 37.014163 ], [ -121.814023, 37.013763 ], [ -121.813779, 37.013132 ], [ -121.813636, 37.012538 ], [ -121.812973, 37.011776 ], [ -121.812893, 37.011355 ], [ -121.812856, 37.010823 ], [ -121.812787, 37.010619 ], [ -121.812675, 37.010427 ], [ -121.812523, 37.010253 ], [ -121.812336, 37.010104 ], [ -121.812148, 37.009856 ], [ -121.811505, 37.009619 ], [ -121.81129, 37.009471 ], [ -121.810794, 37.008778 ], [ -121.810581, 37.008528 ], [ -121.80971, 37.007852 ], [ -121.809501, 37.007556 ], [ -121.809391, 37.007316 ], [ -121.809358, 37.007081 ], [ -121.809494, 37.006885 ], [ -121.809653, 37.006768 ], [ -121.809738, 37.006664 ], [ -121.809768, 37.006451 ], [ -121.809712, 37.006272 ], [ -121.809552, 37.006089 ], [ -121.808739, 37.005489 ], [ -121.808255, 37.00496 ], [ -121.80795, 37.004253 ], [ -121.807752, 37.003894 ], [ -121.807366, 37.003314 ], [ -121.807148, 37.002762 ], [ -121.806443, 37.001828 ], [ -121.806196, 37.001273 ], [ -121.806154, 37.001025 ], [ -121.806216, 37.00049 ], [ -121.80625, 37.000281 ], [ -121.80635, 37.000042 ], [ -121.806712, 36.99954 ], [ -121.806767, 36.99936 ], [ -121.806772, 36.999183 ], [ -121.806506, 36.998612 ], [ -121.806208, 36.998244 ], [ -121.806047, 36.997989 ], [ -121.805785, 36.997374 ], [ -121.805624, 36.997082 ], [ -121.805071, 36.996401 ], [ -121.804964, 36.996214 ], [ -121.804796, 36.994831 ], [ -121.804618, 36.993793 ], [ -121.804542, 36.993485 ], [ -121.804377, 36.993156 ], [ -121.804392, 36.993061 ], [ -121.804644, 36.992652 ], [ -121.804836, 36.992102 ], [ -121.804956, 36.991937 ], [ -121.806293, 36.990877 ], [ -121.806941, 36.990127 ], [ -121.807045, 36.988654 ], [ -121.807857, 36.988622 ], [ -121.80825, 36.988645 ], [ -121.810128, 36.988971 ], [ -121.810255, 36.989093 ], [ -121.811617, 36.991998 ], [ -121.81174, 36.992226 ], [ -121.811844, 36.992338 ], [ -121.812145, 36.992493 ], [ -121.814225, 36.993096 ], [ -121.815161, 36.993336 ], [ -121.815368, 36.993465 ], [ -121.815443, 36.993563 ], [ -121.815868, 36.994292 ], [ -121.81604, 36.994397 ], [ -121.816208, 36.994429 ], [ -121.816724, 36.994338 ], [ -121.816936, 36.994257 ], [ -121.817125, 36.994138 ], [ -121.818432, 36.99286 ], [ -121.818592, 36.992743 ], [ -121.819269, 36.992402 ], [ -121.819835, 36.991925 ], [ -121.820339, 36.991654 ], [ -121.820913, 36.991528 ], [ -121.822051, 36.991465 ], [ -121.822478, 36.991388 ], [ -121.822728, 36.991304 ], [ -121.8234, 36.990985 ], [ -121.824879, 36.990558 ], [ -121.825171, 36.990446 ], [ -121.82597, 36.990003 ], [ -121.826276, 36.989875 ], [ -121.826602, 36.989784 ], [ -121.826972, 36.989742 ], [ -121.827842, 36.989757 ], [ -121.82791, 36.990069 ], [ -121.827948, 36.99045 ], [ -121.82819, 36.990457 ], [ -121.8301, 36.989945 ], [ -121.830942, 36.989903 ], [ -121.831094, 36.98988 ], [ -121.831307, 36.989796 ], [ -121.831851, 36.989473 ], [ -121.831984, 36.989319 ], [ -121.832025, 36.989231 ], [ -121.832031, 36.989029 ], [ -121.832011, 36.988896 ], [ -121.831871, 36.988559 ], [ -121.831846, 36.988311 ], [ -121.831886, 36.988139 ], [ -121.832458, 36.987282 ], [ -121.832638, 36.987196 ], [ -121.83276, 36.987205 ], [ -121.83332, 36.987385 ], [ -121.833606, 36.987346 ], [ -121.833919, 36.987253 ], [ -121.834091, 36.98726 ], [ -121.834576, 36.987433 ], [ -121.835712, 36.987691 ], [ -121.836071, 36.987722 ], [ -121.837152, 36.987725 ], [ -121.838283, 36.987808 ], [ -121.838723, 36.987808 ], [ -121.842441, 36.987636 ], [ -121.843974, 36.98727 ], [ -121.848302, 36.986457 ], [ -121.849986, 36.986288 ], [ -121.850491, 36.986275 ], [ -121.855613, 36.986423 ], [ -121.858729, 36.986623 ], [ -121.859405, 36.986562 ], [ -121.860035, 36.986388 ], [ -121.860542, 36.986121 ], [ -121.86198, 36.985197 ], [ -121.862463, 36.984797 ], [ -121.862892, 36.984371 ], [ -121.863196, 36.984017 ], [ -121.863389, 36.98373 ], [ -121.864414, 36.98153 ], [ -121.864583, 36.98163 ], [ -121.864659, 36.981729 ], [ -121.86498, 36.982894 ], [ -121.865522, 36.983933 ], [ -121.86556, 36.984108 ], [ -121.865547, 36.984659 ], [ -121.865489, 36.984918 ], [ -121.865395, 36.985222 ], [ -121.865116, 36.985631 ], [ -121.865074, 36.985806 ], [ -121.865273, 36.986521 ], [ -121.865598, 36.987196 ], [ -121.86575, 36.987596 ], [ -121.865755, 36.987771 ], [ -121.865579, 36.988066 ], [ -121.865306, 36.988215 ], [ -121.864507, 36.988259 ], [ -121.86423, 36.988348 ], [ -121.864151, 36.988447 ], [ -121.864161, 36.988696 ], [ -121.864324, 36.989122 ], [ -121.864366, 36.989433 ], [ -121.864314, 36.989809 ], [ -121.864181, 36.990029 ], [ -121.863574, 36.99043 ], [ -121.863375, 36.990635 ], [ -121.863147, 36.991202 ], [ -121.863098, 36.991464 ], [ -121.86321, 36.991757 ], [ -121.863479, 36.992132 ], [ -121.864272, 36.993387 ], [ -121.864483, 36.993799 ], [ -121.865, 36.994526 ], [ -121.865183, 36.9949 ], [ -121.865212, 36.995009 ], [ -121.865209, 36.995745 ], [ -121.865276, 36.995935 ], [ -121.865566, 36.99615 ], [ -121.865575, 36.996055 ], [ -121.866263, 36.996133 ], [ -121.866704, 36.996241 ], [ -121.86705, 36.996429 ], [ -121.867258, 36.996439 ], [ -121.867682, 36.996529 ], [ -121.867846, 36.996618 ], [ -121.868016, 36.996788 ], [ -121.86809, 36.996941 ], [ -121.868127, 36.997445 ], [ -121.868226, 36.997846 ], [ -121.868555, 36.997976 ], [ -121.868823, 36.997922 ], [ -121.868891, 36.997857 ], [ -121.868899, 36.997759 ], [ -121.868737, 36.996589 ], [ -121.868645, 36.996285 ], [ -121.869037, 36.996725 ], [ -121.869088, 36.997384 ], [ -121.869286, 36.997529 ], [ -121.869657, 36.997699 ], [ -121.869786, 36.998245 ], [ -121.870829, 36.998744 ], [ -121.871148, 36.999235 ], [ -121.871713, 36.999315 ], [ -121.871826, 36.999453 ], [ -121.871885, 36.999908 ], [ -121.87203, 37.000067 ], [ -121.872461, 37.000039 ], [ -121.872634, 37.000091 ], [ -121.872874, 37.000384 ], [ -121.872938, 37.000666 ], [ -121.872811, 37.000832 ], [ -121.872794, 37.000936 ], [ -121.872836, 37.001014 ], [ -121.873403, 37.001068 ], [ -121.874815, 37.001447 ], [ -121.875282, 37.001476 ], [ -121.875661, 37.001411 ], [ -121.876102, 37.001425 ], [ -121.876354, 37.001629 ], [ -121.876503, 37.001985 ], [ -121.877633, 37.002987 ], [ -121.877815, 37.003096 ], [ -121.878022, 37.003115 ], [ -121.878182, 37.003076 ], [ -121.879043, 37.002405 ], [ -121.879312, 37.002293 ], [ -121.879543, 37.002244 ], [ -121.880021, 37.002299 ], [ -121.880355, 37.00238 ], [ -121.880426, 37.002435 ], [ -121.880421, 37.002561 ], [ -121.880378, 37.002617 ], [ -121.879642, 37.002989 ], [ -121.879647, 37.003033 ], [ -121.879706, 37.003052 ], [ -121.880764, 37.002884 ], [ -121.881339, 37.002905 ], [ -121.881661, 37.002877 ], [ -121.881765, 37.002812 ], [ -121.881798, 37.002739 ], [ -121.881872, 37.002126 ], [ -121.881995, 37.002044 ], [ -121.882997, 37.001644 ], [ -121.883248, 37.001681 ], [ -121.883673, 37.002747 ], [ -121.883823, 37.003028 ], [ -121.883925, 37.003064 ], [ -121.884048, 37.002978 ], [ -121.884171, 37.002573 ], [ -121.884482, 37.002041 ], [ -121.884629, 37.001191 ], [ -121.884775, 37.001034 ], [ -121.884738, 37.001186 ], [ -121.884711, 37.001847 ], [ -121.884501, 37.003888 ], [ -121.884533, 37.00427 ], [ -121.884739, 37.004817 ], [ -121.884726, 37.005133 ], [ -121.884659, 37.005292 ], [ -121.884321, 37.005771 ], [ -121.884259, 37.005945 ], [ -121.884263, 37.006144 ], [ -121.88433, 37.006549 ], [ -121.884464, 37.006966 ], [ -121.88474, 37.007326 ], [ -121.884884, 37.007571 ], [ -121.885041, 37.008054 ], [ -121.885211, 37.009339 ], [ -121.88542, 37.009722 ], [ -121.885545, 37.009821 ], [ -121.885915, 37.010005 ], [ -121.887206, 37.010801 ], [ -121.888033, 37.011225 ], [ -121.888089, 37.011307 ], [ -121.888179, 37.011962 ], [ -121.888374, 37.012145 ], [ -121.888433, 37.012362 ], [ -121.888226, 37.013381 ], [ -121.888287, 37.013724 ], [ -121.88838, 37.013943 ], [ -121.888448, 37.014025 ], [ -121.888981, 37.014378 ], [ -121.889241, 37.014631 ], [ -121.889578, 37.014865 ], [ -121.890287, 37.015229 ], [ -121.890838, 37.015374 ], [ -121.890973, 37.015487 ], [ -121.891047, 37.015617 ], [ -121.89123, 37.016236 ], [ -121.891418, 37.016576 ], [ -121.891616, 37.016823 ], [ -121.891669, 37.016937 ], [ -121.891752, 37.017645 ], [ -121.892006, 37.018559 ], [ -121.892009, 37.018801 ], [ -121.892236, 37.018612 ], [ -121.892327, 37.018245 ], [ -121.892537, 37.017992 ], [ -121.892633, 37.01795 ], [ -121.892859, 37.017976 ], [ -121.893427, 37.017961 ], [ -121.893586, 37.01799 ], [ -121.893874, 37.018158 ], [ -121.894588, 37.01849 ], [ -121.894944, 37.018521 ], [ -121.904207, 37.020094 ], [ -121.904067, 37.02075 ] ] ] } },
{ "type": "Feature", "properties": { "place": "Del Monte Forest", "place_kind": "cdp", "county": "Monterey" }, "geometry": { "type": "Polygon", "coordinates": [ [ [ -121.980408, 36.580931 ], [ -121.97995, 36.582647 ], [ -121.978088, 36.584402 ], [ -121.974837, 36.585692 ], [ -121.972548, 36.586302 ], [ -121.969436, 36.588064 ], [ -121.967711, 36.590635 ], [ -121.966567, 36.59446 ], [ -121.966719, 36.596426 ], [ -121.96646, 36.599516 ], [ -121.966079, 36.602362 ], [ -121.965133, 36.606038 ], [ -121.963454, 36.609143 ], [ -121.961852, 36.611196 ], [ -121.959197, 36.612744 ], [ -121.954909, 36.614957 ], [ -121.951018, 36.617703 ], [ -121.948124, 36.621009 ], [ -121.941666, 36.618059 ], [ -121.940175, 36.617046 ], [ -121.939003, 36.617729 ], [ -121.937786, 36.616404 ], [ -121.937492, 36.616218 ], [ -121.937066, 36.616106 ], [ -121.93693, 36.615902 ], [ -121.936923, 36.615834 ], [ -121.936965, 36.615763 ], [ -121.936534, 36.615605 ], [ -121.93636, 36.615743 ], [ -121.936302, 36.615589 ], [ -121.93529, 36.614743 ], [ -121.934753, 36.614049 ], [ -121.934175, 36.613828 ], [ -121.9336, 36.613833 ], [ -121.933546, 36.614354 ], [ -121.933093, 36.61435 ], [ -121.931518, 36.613749 ], [ -121.931533, 36.613711 ], [ -121.931004, 36.613513 ], [ -121.929366, 36.612759 ], [ -121.929287, 36.612676 ], [ -121.930241, 36.611165 ], [ -121.930712, 36.610569 ], [ -121.930734, 36.610493 ], [ -121.931336, 36.610059 ], [ -121.931827, 36.609765 ], [ -121.932166, 36.609091 ], [ -121.932242, 36.608735 ], [ -121.932263, 36.608312 ], [ -121.932145, 36.607735 ], [ -121.931995, 36.607404 ], [ -121.931584, 36.606747 ], [ -121.930107, 36.607144 ], [ -121.929807, 36.606713 ], [ -121.932822, 36.605856 ], [ -121.933397, 36.604736 ], [ -121.933542, 36.604676 ], [ -121.932853, 36.603676 ], [ -121.937288, 36.601635 ], [ -121.937162, 36.601549 ], [ -121.936201, 36.600393 ], [ -121.934256, 36.597769 ], [ -121.934059, 36.597559 ], [ -121.933796, 36.597649 ], [ -121.931674, 36.598574 ], [ -121.926727, 36.600874 ], [ -121.927114, 36.600398 ], [ -121.927101, 36.600071 ], [ -121.927017, 36.599778 ], [ -121.926859, 36.599486 ], [ -121.926654, 36.599235 ], [ -121.92509, 36.598316 ], [ -121.921215, 36.595828 ], [ -121.920977, 36.59554 ], [ -121.920853, 36.595267 ], [ -121.920859, 36.594844 ], [ -121.921027, 36.594408 ], [ -121.920239, 36.593454 ], [ -121.920668, 36.592808 ], [ -121.92088, 36.59187 ], [ -121.920776, 36.591668 ], [ -121.920168, 36.591951 ], [ -121.919702, 36.591905 ], [ -121.919437, 36.59173 ], [ -121.919011, 36.591956 ], [ -121.918804, 36.591704 ], [ -121.919731, 36.589484 ], [ -121.919811, 36.589159 ], [ -121.9197, 36.588836 ], [ -121.920062, 36.588684 ], [ -121.920364, 36.588871 ], [ -121.920551, 36.588771 ], [ -121.920986, 36.588781 ], [ -121.920669, 36.588596 ], [ -121.920478, 36.588343 ], [ -121.920145, 36.587703 ], [ -121.918812, 36.5862 ], [ -121.918589, 36.585835 ], [ -121.918573, 36.58559 ], [ -121.918623, 36.585329 ], [ -121.918971, 36.584442 ], [ -121.919001, 36.58429 ], [ -121.918993, 36.583951 ], [ -121.918808, 36.583324 ], [ -121.918702, 36.583108 ], [ -121.918439, 36.582775 ], [ -121.918062, 36.582437 ], [ -121.917959, 36.582276 ], [ -121.917907, 36.582132 ], [ -121.917887, 36.581942 ], [ -121.917865, 36.58137 ], [ -121.917783, 36.581142 ], [ -121.917516, 36.580917 ], [ -121.916559, 36.580388 ], [ -121.915963, 36.579898 ], [ -121.915403, 36.579383 ], [ -121.915232, 36.579127 ], [ -121.915068, 36.578755 ], [ -121.914991, 36.578486 ], [ -121.914831, 36.577399 ], [ -121.914668, 36.576896 ], [ -121.914593, 36.576797 ], [ -121.914277, 36.576551 ], [ -121.913996, 36.576382 ], [ -121.913824, 36.576239 ], [ -121.912971, 36.574834 ], [ -121.913009, 36.574601 ], [ -121.913066, 36.57454 ], [ -121.913262, 36.57451 ], [ -121.913359, 36.574546 ], [ -121.913462, 36.57464 ], [ -121.913636, 36.575251 ], [ -121.913703, 36.575352 ], [ -121.913881, 36.575509 ], [ -121.914089, 36.575623 ], [ -121.914317, 36.575702 ], [ -121.914572, 36.57574 ], [ -121.914823, 36.575703 ], [ -121.915023, 36.575622 ], [ -121.915168, 36.57553 ], [ -121.915407, 36.575294 ], [ -121.915784, 36.574545 ], [ -121.916016, 36.574244 ], [ -121.916498, 36.5738 ], [ -121.916707, 36.573319 ], [ -121.916959, 36.573014 ], [ -121.917193, 36.572882 ], [ -121.917866, 36.572682 ], [ -121.918842, 36.572452 ], [ -121.919072, 36.57233 ], [ -121.919266, 36.572119 ], [ -121.919904, 36.571196 ], [ -121.921901, 36.568515 ], [ -121.922338, 36.567887 ], [ -121.922493, 36.567437 ], [ -121.922718, 36.567056 ], [ -121.923136, 36.566612 ], [ -121.92379, 36.566055 ], [ -121.924892, 36.564552 ], [ -121.924985, 36.564175 ], [ -121.925101, 36.563929 ], [ -121.925278, 36.563703 ], [ -121.925348, 36.563501 ], [ -121.925345, 36.563013 ], [ -121.925541, 36.562362 ], [ -121.925519, 36.562172 ], [ -121.925295, 36.561704 ], [ -121.925279, 36.561595 ], [ -121.925309, 36.561451 ], [ -121.925434, 36.561291 ], [ -121.925651, 36.56112 ], [ -121.925859, 36.560893 ], [ -121.925862, 36.560675 ], [ -121.925963, 36.560519 ], [ -121.926329, 36.560199 ], [ -121.926444, 36.560135 ], [ -121.926761, 36.560044 ], [ -121.926943, 36.560024 ], [ -121.927158, 36.560065 ], [ -121.927551, 36.560258 ], [ -121.927821, 36.560347 ], [ -121.928367, 36.560368 ], [ -121.928571, 36.560311 ], [ -121.928737, 36.560221 ], [ -121.928849, 36.560062 ], [ -121.928789, 36.559711 ], [ -121.928805, 36.559563 ], [ -121.928934, 36.559146 ], [ -121.929006, 36.55859 ], [ -121.931761, 36.557306 ], [ -121.931927, 36.55754 ], [ -121.942966, 36.55396 ], [ -121.944731, 36.555044 ], [ -121.948011, 36.555998 ], [ -121.953611, 36.556608 ], [ -121.962386, 36.558485 ], [ -121.970916, 36.560255 ], [ -121.97412, 36.562887 ], [ -121.976043, 36.566626 ], [ -121.977691, 36.572912 ], [ -121.979462, 36.576124 ], [ -121.980224, 36.578466 ], [ -121.980408, 36.580931 ] ] ] } },
{ "type": "Feature", "properties": { "place": "Burbank", "place_kind": "cdp", "county": "Santa Cruz" }, "geometry": { "type": "MultiPolygon", "coordinates": [ [ [ [ -121.934801, 37.32532 ], [ -121.932375, 37.325318 ], [ -121.932373, 37.325204 ], [ -121.932121, 37.325206 ], [ -121.932122, 37.325336 ], [ -121.931963, 37.325347 ], [ -121.931967, 37.325462 ], [ -121.931443, 37.325475 ], [ -121.931443, 37.325612 ], [ -121.93197, 37.325609 ], [ -121.931973, 37.325986 ], [ -121.931439, 37.325984 ], [ -121.931439, 37.32611 ], [ -121.931974, 37.326107 ], [ -121.931977, 37.326308 ], [ -121.931977, 37.326353 ], [ -121.931444, 37.326356 ], [ -121.931446, 37.32648 ], [ -121.931978, 37.326482 ], [ -121.931979, 37.326603 ], [ -121.931449, 37.326613 ], [ -121.93145, 37.326917 ], [ -121.930932, 37.326917 ], [ -121.930931, 37.326616 ], [ -121.930416, 37.326618 ], [ -121.930426, 37.326925 ], [ -121.926941, 37.326946 ], [ -121.926851, 37.326931 ], [ -121.926809, 37.326876 ], [ -121.926806, 37.32638 ], [ -121.92731, 37.326379 ], [ -121.927315, 37.326258 ], [ -121.926803, 37.326252 ], [ -121.926796, 37.32564 ], [ -121.9273, 37.325636 ], [ -121.927305, 37.325517 ], [ -121.926795, 37.325517 ], [ -121.926791, 37.325325 ], [ -121.92559, 37.325331 ], [ -121.925876, 37.325096 ], [ -121.925855, 37.32342 ], [ -121.926772, 37.323415 ], [ -121.926774, 37.323899 ], [ -121.927291, 37.323898 ], [ -121.927292, 37.324019 ], [ -121.927807, 37.324012 ], [ -121.927809, 37.324142 ], [ -121.928838, 37.32413 ], [ -121.92884, 37.324268 ], [ -121.92936, 37.324261 ], [ -121.929355, 37.323879 ], [ -121.929497, 37.32388 ], [ -121.929492, 37.323536 ], [ -121.929868, 37.323536 ], [ -121.929869, 37.323401 ], [ -121.930904, 37.323395 ], [ -121.9309, 37.323867 ], [ -121.931416, 37.323864 ], [ -121.931433, 37.324977 ], [ -121.931806, 37.32498 ], [ -121.931808, 37.325059 ], [ -121.93196, 37.325062 ], [ -121.93196, 37.325008 ], [ -121.932515, 37.325004 ], [ -121.932514, 37.324598 ], [ -121.932361, 37.324601 ], [ -121.932362, 37.324681 ], [ -121.932108, 37.324681 ], [ -121.932107, 37.324541 ], [ -121.931954, 37.324542 ], [ -121.93195, 37.324261 ], [ -121.933554, 37.324248 ], [ -121.933588, 37.323385 ], [ -121.934476, 37.323372 ], [ -121.934475, 37.323841 ], [ -121.934324, 37.323842 ], [ -121.934324, 37.324242 ], [ -121.93417, 37.324244 ], [ -121.93418, 37.324655 ], [ -121.93434, 37.324654 ], [ -121.934336, 37.324241 ], [ -121.934781, 37.324238 ], [ -121.934801, 37.32532 ] ] ], [ [ [ -121.939767, 37.321817 ], [ -121.939703, 37.321972 ], [ -121.93865, 37.322789 ], [ -121.93842, 37.322632 ], [ -121.938247, 37.322625 ], [ -121.93825, 37.322921 ], [ -121.933963, 37.322944 ], [ -121.933767, 37.322985 ], [ -121.933418, 37.322975 ], [ -121.933408, 37.32281 ], [ -121.93326, 37.322544 ], [ -121.932802, 37.322194 ], [ -121.932543, 37.322107 ], [ -121.931886, 37.322107 ], [ -121.931882, 37.321666 ], [ -121.931051, 37.321665 ], [ -121.931053, 37.321941 ], [ -121.93062, 37.321942 ], [ -121.930635, 37.322174 ], [ -121.931887, 37.32217 ], [ -121.931904, 37.322817 ], [ -121.931471, 37.322818 ], [ -121.931484, 37.322711 ], [ -121.931059, 37.322711 ], [ -121.931061, 37.322947 ], [ -121.930202, 37.322945 ], [ -121.930199, 37.323285 ], [ -121.928408, 37.323265 ], [ -121.928408, 37.322944 ], [ -121.928053, 37.322939 ], [ -121.928061, 37.323277 ], [ -121.926771, 37.323282 ], [ -121.926766, 37.323065 ], [ -121.926331, 37.323072 ], [ -121.926338, 37.32294 ], [ -121.925908, 37.32294 ], [ -121.925912, 37.323286 ], [ -121.924379, 37.323288 ], [ -121.924382, 37.323009 ], [ -121.923922, 37.323014 ], [ -121.923929, 37.322901 ], [ -121.923298, 37.32291 ], [ -121.923302, 37.323035 ], [ -121.922757, 37.323032 ], [ -121.922757, 37.322917 ], [ -121.922208, 37.322918 ], [ -121.922181, 37.319667 ], [ -121.923743, 37.319646 ], [ -121.923743, 37.3203 ], [ -121.92328, 37.320305 ], [ -121.923282, 37.320562 ], [ -121.923912, 37.320562 ], [ -121.923904, 37.319606 ], [ -121.924896, 37.319581 ], [ -121.925246, 37.319594 ], [ -121.925425, 37.319646 ], [ -121.925425, 37.316369 ], [ -121.92943, 37.31633 ], [ -121.931289, 37.316241 ], [ -121.931837, 37.316177 ], [ -121.931853, 37.317829 ], [ -121.932441, 37.317839 ], [ -121.932431, 37.31762 ], [ -121.933803, 37.317826 ], [ -121.934735, 37.317923 ], [ -121.936755, 37.318007 ], [ -121.937513, 37.31818 ], [ -121.937741, 37.318289 ], [ -121.937917, 37.318424 ], [ -121.938014, 37.31839 ], [ -121.938646, 37.31838 ], [ -121.939165, 37.319027 ], [ -121.939146, 37.319073 ], [ -121.939091, 37.319088 ], [ -121.939108, 37.319175 ], [ -121.939175, 37.319204 ], [ -121.939225, 37.319276 ], [ -121.939233, 37.319656 ], [ -121.93937, 37.319907 ], [ -121.93972, 37.321178 ], [ -121.939767, 37.321817 ] ] ] ] } },
{ "type": "Feature", "properties": { "place": "Elkhorn", "place_kind": "cdp", "county": "Monterey" }, "geometry": { "type": "Polygon", "coordinates": [ [ [ -121.753782, 36.79684 ], [ -121.752829, 36.798112 ], [ -121.752458, 36.798655 ], [ -121.751094, 36.800378 ], [ -121.748893, 36.803285 ], [ -121.74835, 36.804243 ], [ -121.748094, 36.804835 ], [ -121.74488, 36.813515 ], [ -121.745083, 36.813803 ], [ -121.745143, 36.813947 ], [ -121.745143, 36.814259 ], [ -121.74499, 36.81489 ], [ -121.74499, 36.81524 ], [ -121.745202, 36.815681 ], [ -121.745202, 36.815878 ], [ -121.745126, 36.816031 ], [ -121.744776, 36.816404 ], [ -121.744866, 36.816592 ], [ -121.74514, 36.816874 ], [ -121.745155, 36.817102 ], [ -121.745063, 36.817329 ], [ -121.744406, 36.818439 ], [ -121.743931, 36.819617 ], [ -121.743365, 36.820696 ], [ -121.743181, 36.820924 ], [ -121.743105, 36.821084 ], [ -121.742968, 36.821639 ], [ -121.742493, 36.822543 ], [ -121.742462, 36.822725 ], [ -121.742827, 36.823349 ], [ -121.742873, 36.823523 ], [ -121.742843, 36.823751 ], [ -121.742689, 36.824139 ], [ -121.742384, 36.824687 ], [ -121.7422, 36.825112 ], [ -121.742153, 36.826306 ], [ -121.74206, 36.8268 ], [ -121.741892, 36.827104 ], [ -121.741479, 36.827666 ], [ -121.741265, 36.828168 ], [ -121.74096, 36.829155 ], [ -121.740861, 36.82907 ], [ -121.74024, 36.82893 ], [ -121.739238, 36.8289 ], [ -121.739184, 36.828927 ], [ -121.737459, 36.828722 ], [ -121.734791, 36.82877 ], [ -121.733779, 36.828896 ], [ -121.733134, 36.829149 ], [ -121.732977, 36.828929 ], [ -121.732829, 36.828426 ], [ -121.732626, 36.82805 ], [ -121.732344, 36.827708 ], [ -121.731891, 36.82732 ], [ -121.731845, 36.827084 ], [ -121.731983, 36.826873 ], [ -121.73207, 36.826662 ], [ -121.732093, 36.825861 ], [ -121.732069, 36.825617 ], [ -121.731887, 36.825421 ], [ -121.731112, 36.825144 ], [ -121.73046, 36.825128 ], [ -121.730138, 36.825047 ], [ -121.729852, 36.8249 ], [ -121.729456, 36.82452 ], [ -121.729167, 36.824363 ], [ -121.72872, 36.82428 ], [ -121.728516, 36.824143 ], [ -121.728449, 36.823937 ], [ -121.728592, 36.823173 ], [ -121.728738, 36.822958 ], [ -121.729678, 36.822188 ], [ -121.729849, 36.822003 ], [ -121.730072, 36.821498 ], [ -121.730005, 36.821289 ], [ -121.729585, 36.821161 ], [ -121.729228, 36.821129 ], [ -121.728491, 36.821147 ], [ -121.728189, 36.821064 ], [ -121.728026, 36.82106 ], [ -121.727835, 36.820978 ], [ -121.7278, 36.820901 ], [ -121.727811, 36.820823 ], [ -121.727865, 36.820757 ], [ -121.728484, 36.820472 ], [ -121.729011, 36.820152 ], [ -121.729272, 36.820047 ], [ -121.729902, 36.819965 ], [ -121.730162, 36.81984 ], [ -121.730298, 36.819632 ], [ -121.730268, 36.819408 ], [ -121.730047, 36.819283 ], [ -121.729872, 36.819265 ], [ -121.729624, 36.819166 ], [ -121.729434, 36.819007 ], [ -121.727697, 36.816809 ], [ -121.727383, 36.81653 ], [ -121.726619, 36.816088 ], [ -121.726206, 36.815911 ], [ -121.725606, 36.815775 ], [ -121.72468, 36.815732 ], [ -121.722788, 36.815436 ], [ -121.721964, 36.815423 ], [ -121.72164, 36.815382 ], [ -121.721166, 36.815275 ], [ -121.720815, 36.815147 ], [ -121.720667, 36.814879 ], [ -121.718883, 36.814479 ], [ -121.71859, 36.814383 ], [ -121.718357, 36.815324 ], [ -121.718001, 36.816135 ], [ -121.717827, 36.816442 ], [ -121.717696, 36.816595 ], [ -121.717303, 36.816887 ], [ -121.716961, 36.817029 ], [ -121.715991, 36.817248 ], [ -121.714701, 36.817449 ], [ -121.713283, 36.817606 ], [ -121.713084, 36.817664 ], [ -121.709471, 36.819692 ], [ -121.709183, 36.819819 ], [ -121.708656, 36.819942 ], [ -121.707652, 36.82003 ], [ -121.705865, 36.820264 ], [ -121.704003, 36.820636 ], [ -121.702561, 36.820834 ], [ -121.701951, 36.82104 ], [ -121.700652, 36.821382 ], [ -121.699779, 36.821662 ], [ -121.698941, 36.821844 ], [ -121.698251, 36.821904 ], [ -121.697376, 36.822055 ], [ -121.696748, 36.822291 ], [ -121.695981, 36.822487 ], [ -121.695324, 36.822417 ], [ -121.693724, 36.822415 ], [ -121.692946, 36.822529 ], [ -121.692161, 36.822703 ], [ -121.690496, 36.822935 ], [ -121.689706, 36.823077 ], [ -121.688567, 36.823342 ], [ -121.688375, 36.823467 ], [ -121.687281, 36.822973 ], [ -121.686947, 36.822871 ], [ -121.683611, 36.82339 ], [ -121.682953, 36.823953 ], [ -121.682524, 36.82523 ], [ -121.68301, 36.826858 ], [ -121.682975, 36.827621 ], [ -121.683075, 36.828031 ], [ -121.683188, 36.828285 ], [ -121.683113, 36.82849 ], [ -121.682824, 36.828575 ], [ -121.682472, 36.82848 ], [ -121.6819, 36.828053 ], [ -121.681527, 36.82806 ], [ -121.681146, 36.82821 ], [ -121.680856, 36.828407 ], [ -121.680672, 36.828688 ], [ -121.680726, 36.829249 ], [ -121.680511, 36.829565 ], [ -121.680397, 36.82987 ], [ -121.680457, 36.830415 ], [ -121.680406, 36.830749 ], [ -121.680159, 36.830882 ], [ -121.680036, 36.830491 ], [ -121.679825, 36.830278 ], [ -121.679679, 36.830205 ], [ -121.679415, 36.83014 ], [ -121.67913, 36.830136 ], [ -121.678852, 36.830194 ], [ -121.678541, 36.829771 ], [ -121.678165, 36.829361 ], [ -121.677871, 36.828978 ], [ -121.677657, 36.828632 ], [ -121.675793, 36.825174 ], [ -121.676029, 36.825032 ], [ -121.676065, 36.824853 ], [ -121.675853, 36.824192 ], [ -121.675851, 36.823946 ], [ -121.67599, 36.823727 ], [ -121.676242, 36.823586 ], [ -121.677085, 36.823277 ], [ -121.677395, 36.823094 ], [ -121.677948, 36.822536 ], [ -121.678411, 36.822283 ], [ -121.678678, 36.822092 ], [ -121.679286, 36.821546 ], [ -121.679908, 36.82066 ], [ -121.680889, 36.820201 ], [ -121.684021, 36.818977 ], [ -121.684526, 36.818848 ], [ -121.685985, 36.818691 ], [ -121.686748, 36.818659 ], [ -121.687137, 36.818562 ], [ -121.688285, 36.818242 ], [ -121.689749, 36.81769 ], [ -121.691313, 36.817157 ], [ -121.695444, 36.815965 ], [ -121.696429, 36.815789 ], [ -121.699573, 36.81534 ], [ -121.703, 36.813332 ], [ -121.703338, 36.813064 ], [ -121.703762, 36.812039 ], [ -121.703921, 36.811755 ], [ -121.704053, 36.811241 ], [ -121.704116, 36.810679 ], [ -121.704046, 36.809923 ], [ -121.703909, 36.809016 ], [ -121.703411, 36.80628 ], [ -121.703519, 36.805118 ], [ -121.703741, 36.803987 ], [ -121.703736, 36.803687 ], [ -121.703655, 36.803437 ], [ -121.703416, 36.802952 ], [ -121.703296, 36.802799 ], [ -121.703, 36.802533 ], [ -121.702825, 36.802421 ], [ -121.702435, 36.80225 ], [ -121.701124, 36.801846 ], [ -121.70089, 36.801659 ], [ -121.698468, 36.799139 ], [ -121.700472, 36.797479 ], [ -121.701268, 36.796983 ], [ -121.702142, 36.796582 ], [ -121.703426, 36.79617 ], [ -121.708885, 36.794563 ], [ -121.709258, 36.794503 ], [ -121.709922, 36.794479 ], [ -121.710302, 36.794512 ], [ -121.714345, 36.795222 ], [ -121.71478, 36.795234 ], [ -121.716842, 36.795054 ], [ -121.717559, 36.795092 ], [ -121.720367, 36.795639 ], [ -121.724638, 36.796621 ], [ -121.728095, 36.797469 ], [ -121.728286, 36.797462 ], [ -121.729325, 36.797574 ], [ -121.740718, 36.797831 ], [ -121.744501, 36.797858 ], [ -121.745653, 36.797744 ], [ -121.746228, 36.79765 ], [ -121.747362, 36.797354 ], [ -121.748536, 36.796926 ], [ -121.749229, 36.796723 ], [ -121.75001, 36.796544 ], [ -121.750651, 36.796465 ], [ -121.751688, 36.796459 ], [ -121.752263, 36.796525 ], [ -121.753019, 36.796654 ], [ -121.753782, 36.79684 ] ] ] } },
{ "type": "Feature", "properties": { "place": "Felton", "place_kind": "cdp", "county": "Santa Cruz" }, "geometry": { "type": "Polygon", "coordinates": [ [ [ -122.106147, 37.039947 ], [ -122.100535, 37.040747 ], [ -122.1006, 37.045871 ], [ -122.10237, 37.045933 ], [ -122.105264, 37.045881 ], [ -122.105254, 37.047928 ], [ -122.105331, 37.051081 ], [ -122.104749, 37.050892 ], [ -122.104488, 37.050887 ], [ -122.104248, 37.050914 ], [ -122.103316, 37.051327 ], [ -122.102795, 37.051442 ], [ -122.102144, 37.051404 ], [ -122.1013, 37.051223 ], [ -122.10115, 37.051223 ], [ -122.100663, 37.051322 ], [ -122.100396, 37.051327 ], [ -122.099607, 37.051427 ], [ -122.099025, 37.051624 ], [ -122.098682, 37.05163 ], [ -122.098332, 37.051531 ], [ -122.09764, 37.051493 ], [ -122.097448, 37.051444 ], [ -122.096419, 37.051367 ], [ -122.096152, 37.051384 ], [ -122.095282, 37.05166 ], [ -122.095292, 37.051818 ], [ -122.095215, 37.051993 ], [ -122.095056, 37.052116 ], [ -122.094263, 37.052148 ], [ -122.093798, 37.052251 ], [ -122.093626, 37.052338 ], [ -122.093408, 37.052554 ], [ -122.093578, 37.052978 ], [ -122.093723, 37.053094 ], [ -122.093806, 37.053118 ], [ -122.094691, 37.053123 ], [ -122.094998, 37.053189 ], [ -122.095416, 37.053221 ], [ -122.095705, 37.053306 ], [ -122.095897, 37.053389 ], [ -122.096602, 37.053843 ], [ -122.096823, 37.054015 ], [ -122.097, 37.054233 ], [ -122.091576, 37.054744 ], [ -122.091299, 37.051752 ], [ -122.091309, 37.051312 ], [ -122.091827, 37.050377 ], [ -122.091839, 37.05026 ], [ -122.091769, 37.04964 ], [ -122.090323, 37.048983 ], [ -122.089915, 37.048914 ], [ -122.08918, 37.048902 ], [ -122.088632, 37.048666 ], [ -122.088113, 37.048608 ], [ -122.087741, 37.048621 ], [ -122.087166, 37.048713 ], [ -122.086327, 37.049189 ], [ -122.085836, 37.049514 ], [ -122.085494, 37.049645 ], [ -122.085295, 37.049633 ], [ -122.085029, 37.049551 ], [ -122.084466, 37.049205 ], [ -122.084063, 37.049109 ], [ -122.083508, 37.049169 ], [ -122.08286, 37.049325 ], [ -122.081399, 37.050097 ], [ -122.080769, 37.050356 ], [ -122.081415, 37.051505 ], [ -122.080976, 37.05176 ], [ -122.081002, 37.052687 ], [ -122.079715, 37.055651 ], [ -122.080856, 37.058735 ], [ -122.079861, 37.059271 ], [ -122.079769, 37.059354 ], [ -122.07934, 37.0596 ], [ -122.079144, 37.059248 ], [ -122.07894, 37.059012 ], [ -122.078689, 37.058801 ], [ -122.078402, 37.05863 ], [ -122.076915, 37.057962 ], [ -122.076645, 37.0578 ], [ -122.076375, 37.057587 ], [ -122.075949, 37.057922 ], [ -122.0756, 37.057569 ], [ -122.075045, 37.057294 ], [ -122.074887, 37.057096 ], [ -122.074572, 37.056794 ], [ -122.073283, 37.05519 ], [ -122.072652, 37.054074 ], [ -122.072378, 37.053481 ], [ -122.072076, 37.052937 ], [ -122.071921, 37.052477 ], [ -122.070518, 37.052036 ], [ -122.069705, 37.053256 ], [ -122.06947, 37.053459 ], [ -122.069097, 37.053597 ], [ -122.06885, 37.053614 ], [ -122.068591, 37.053583 ], [ -122.066511, 37.052885 ], [ -122.066017, 37.052779 ], [ -122.065618, 37.052751 ], [ -122.065194, 37.05278 ], [ -122.064809, 37.052847 ], [ -122.064382, 37.052973 ], [ -122.063839, 37.053239 ], [ -122.063363, 37.053633 ], [ -122.062592, 37.054692 ], [ -122.062122, 37.055207 ], [ -122.061822, 37.055407 ], [ -122.061379, 37.055602 ], [ -122.060895, 37.055723 ], [ -122.060536, 37.055759 ], [ -122.060628, 37.055254 ], [ -122.060692, 37.055059 ], [ -122.060812, 37.054753 ], [ -122.061017, 37.054385 ], [ -122.061833, 37.05362 ], [ -122.062262, 37.053155 ], [ -122.063094, 37.051757 ], [ -122.063306, 37.051456 ], [ -122.063712, 37.050602 ], [ -122.064096, 37.049928 ], [ -122.064236, 37.049588 ], [ -122.064358, 37.049028 ], [ -122.064333, 37.048084 ], [ -122.06359, 37.046801 ], [ -122.063194, 37.046381 ], [ -122.062445, 37.045779 ], [ -122.062135, 37.045651 ], [ -122.061655, 37.045588 ], [ -122.060862, 37.045644 ], [ -122.060394, 37.04574 ], [ -122.060168, 37.045877 ], [ -122.059514, 37.046499 ], [ -122.059191, 37.046675 ], [ -122.058948, 37.046752 ], [ -122.058562, 37.046803 ], [ -122.058167, 37.046781 ], [ -122.057198, 37.04656 ], [ -122.056945, 37.046461 ], [ -122.056687, 37.046305 ], [ -122.054505, 37.044693 ], [ -122.053815, 37.044272 ], [ -122.052681, 37.043649 ], [ -122.051613, 37.042975 ], [ -122.051248, 37.042813 ], [ -122.050924, 37.042725 ], [ -122.058279, 37.035435 ], [ -122.059066, 37.034619 ], [ -122.063205, 37.030911 ], [ -122.069751, 37.023728 ], [ -122.079704, 37.023819 ], [ -122.088676, 37.023425 ], [ -122.089349, 37.02393 ], [ -122.089822, 37.02417 ], [ -122.090339, 37.02434 ], [ -122.092388, 37.024824 ], [ -122.09323, 37.025129 ], [ -122.093638, 37.02533 ], [ -122.094012, 37.025572 ], [ -122.09475, 37.026131 ], [ -122.095175, 37.026313 ], [ -122.095644, 37.0264 ], [ -122.095995, 37.026397 ], [ -122.097289, 37.02612 ], [ -122.097566, 37.026093 ], [ -122.098069, 37.026126 ], [ -122.098544, 37.026262 ], [ -122.098824, 37.026434 ], [ -122.099137, 37.026727 ], [ -122.099347, 37.027 ], [ -122.099643, 37.027511 ], [ -122.100483, 37.028761 ], [ -122.101209, 37.029702 ], [ -122.102062, 37.030352 ], [ -122.103261, 37.030925 ], [ -122.103767, 37.031076 ], [ -122.104465, 37.032925 ], [ -122.104516, 37.033364 ], [ -122.105329, 37.03556 ], [ -122.105015, 37.035681 ], [ -122.104802, 37.035816 ], [ -122.104703, 37.035919 ], [ -122.104628, 37.03617 ], [ -122.104659, 37.036296 ], [ -122.10472, 37.03641 ], [ -122.104853, 37.036509 ], [ -122.105015, 37.036517 ], [ -122.105324, 37.036447 ], [ -122.105453, 37.036466 ], [ -122.105554, 37.036538 ], [ -122.105585, 37.036636 ], [ -122.105269, 37.03747 ], [ -122.105266, 37.037588 ], [ -122.10532, 37.037711 ], [ -122.105434, 37.037792 ], [ -122.106057, 37.038009 ], [ -122.106147, 37.038429 ], [ -122.106147, 37.039947 ] ] ] } },
{ "type": "Feature", "properties": { "place": "Freedom", "place_kind": "cdp", "county": "Santa Cruz" }, "geometry": { "type": "MultiPolygon", "coordinates": [ [ [ [ -121.77536, 36.940747 ], [ -121.774684, 36.941108 ], [ -121.774204, 36.941288 ], [ -121.773867, 36.941368 ], [ -121.773326, 36.941429 ], [ -121.772882, 36.941242 ], [ -121.772702, 36.941131 ], [ -121.771977, 36.9405 ], [ -121.771541, 36.940027 ], [ -121.770374, 36.939116 ], [ -121.77039, 36.939081 ], [ -121.770599, 36.939265 ], [ -121.770907, 36.938532 ], [ -121.771205, 36.937956 ], [ -121.772205, 36.936636 ], [ -121.772561, 36.936824 ], [ -121.772614, 36.93677 ], [ -121.774039, 36.937539 ], [ -121.774369, 36.937163 ], [ -121.774103, 36.937026 ], [ -121.7745, 36.936539 ], [ -121.775251, 36.937139 ], [ -121.774127, 36.938851 ], [ -121.772579, 36.938193 ], [ -121.771548, 36.939554 ], [ -121.77214, 36.939845 ], [ -121.772517, 36.939348 ], [ -121.772625, 36.939322 ], [ -121.773147, 36.939526 ], [ -121.773189, 36.939584 ], [ -121.773803, 36.939868 ], [ -121.773929, 36.939989 ], [ -121.774067, 36.940264 ], [ -121.774551, 36.939952 ], [ -121.77536, 36.940747 ] ] ], [ [ [ -121.809523, 36.943773 ], [ -121.80492, 36.943341 ], [ -121.801755, 36.944491 ], [ -121.798462, 36.945742 ], [ -121.798182, 36.945584 ], [ -121.797663, 36.94536 ], [ -121.792563, 36.949265 ], [ -121.792626, 36.949311 ], [ -121.791454, 36.9504 ], [ -121.790471, 36.95024 ], [ -121.790369, 36.95041 ], [ -121.790236, 36.950323 ], [ -121.789651, 36.950119 ], [ -121.789112, 36.949875 ], [ -121.787797, 36.949457 ], [ -121.787303, 36.949208 ], [ -121.786713, 36.948959 ], [ -121.786029, 36.948437 ], [ -121.785394, 36.947871 ], [ -121.785042, 36.947464 ], [ -121.784757, 36.947246 ], [ -121.784569, 36.947025 ], [ -121.784381, 36.946626 ], [ -121.784318, 36.94636 ], [ -121.784264, 36.944944 ], [ -121.783982, 36.944531 ], [ -121.783568, 36.944199 ], [ -121.782376, 36.943619 ], [ -121.781842, 36.943315 ], [ -121.781419, 36.942987 ], [ -121.781206, 36.942728 ], [ -121.780724, 36.942342 ], [ -121.779814, 36.941879 ], [ -121.77907, 36.941644 ], [ -121.778686, 36.941478 ], [ -121.778493, 36.941482 ], [ -121.781248, 36.940288 ], [ -121.781334, 36.940207 ], [ -121.780292, 36.939629 ], [ -121.781325, 36.938136 ], [ -121.783215, 36.938988 ], [ -121.783279, 36.938911 ], [ -121.783995, 36.939216 ], [ -121.784045, 36.939149 ], [ -121.784456, 36.939333 ], [ -121.784619, 36.939099 ], [ -121.785841, 36.94064 ], [ -121.785195, 36.941564 ], [ -121.787738, 36.941015 ], [ -121.78867, 36.939961 ], [ -121.788954, 36.939709 ], [ -121.789187, 36.939623 ], [ -121.794523, 36.939645 ], [ -121.795388, 36.93973 ], [ -121.795607, 36.939793 ], [ -121.795843, 36.939918 ], [ -121.796307, 36.937096 ], [ -121.797018, 36.936104 ], [ -121.797377, 36.932929 ], [ -121.796988, 36.932794 ], [ -121.796932, 36.9327 ], [ -121.796991, 36.932595 ], [ -121.797275, 36.932345 ], [ -121.797417, 36.93208 ], [ -121.797581, 36.931588 ], [ -121.797665, 36.93107 ], [ -121.797714, 36.930459 ], [ -121.797773, 36.930368 ], [ -121.796978, 36.930378 ], [ -121.796981, 36.930003 ], [ -121.796953, 36.929975 ], [ -121.797884, 36.928591 ], [ -121.79782, 36.928572 ], [ -121.798486, 36.926962 ], [ -121.799051, 36.926426 ], [ -121.799883, 36.926125 ], [ -121.802209, 36.927504 ], [ -121.801944, 36.927806 ], [ -121.801858, 36.928075 ], [ -121.801849, 36.928275 ], [ -121.801904, 36.928461 ], [ -121.802169, 36.928961 ], [ -121.802348, 36.92956 ], [ -121.802498, 36.930357 ], [ -121.802692, 36.931059 ], [ -121.803008, 36.931769 ], [ -121.803341, 36.932327 ], [ -121.803742, 36.932751 ], [ -121.804502, 36.933438 ], [ -121.804741, 36.93361 ], [ -121.806365, 36.934487 ], [ -121.80651, 36.934536 ], [ -121.806715, 36.934701 ], [ -121.806928, 36.934977 ], [ -121.807082, 36.935473 ], [ -121.807509, 36.935956 ], [ -121.807615, 36.936235 ], [ -121.807704, 36.936652 ], [ -121.807832, 36.937052 ], [ -121.808059, 36.937501 ], [ -121.807779, 36.937748 ], [ -121.807941, 36.937979 ], [ -121.809025, 36.942126 ], [ -121.809442, 36.943647 ], [ -121.809523, 36.943773 ] ] ] ] } },
{ "type": "Feature", "properties": { "place": "Fruitdale", "place_kind": "cdp", "county": "Santa Cruz" }, "geometry": { "type": "Polygon", "coordinates": [ [ [ -121.939781, 37.310034 ], [ -121.939075, 37.310057 ], [ -121.938998, 37.310332 ], [ -121.93878, 37.31057 ], [ -121.938677, 37.310836 ], [ -121.938747, 37.315998 ], [ -121.938714, 37.316175 ], [ -121.93871, 37.316724 ], [ -121.938577, 37.316893 ], [ -121.93833, 37.316981 ], [ -121.936278, 37.31699 ], [ -121.934714, 37.31696 ], [ -121.934718, 37.316851 ], [ -121.934508, 37.316885 ], [ -121.932995, 37.316891 ], [ -121.932947, 37.316833 ], [ -121.932938, 37.316528 ], [ -121.933475, 37.316521 ], [ -121.933484, 37.316117 ], [ -121.932402, 37.316122 ], [ -121.932417, 37.316632 ], [ -121.931838, 37.316523 ], [ -121.931782, 37.309608 ], [ -121.932447, 37.30961 ], [ -121.932448, 37.309336 ], [ -121.932413, 37.309336 ], [ -121.932422, 37.308841 ], [ -121.932213, 37.308835 ], [ -121.932216, 37.307831 ], [ -121.936405, 37.307819 ], [ -121.936406, 37.307569 ], [ -121.937179, 37.307577 ], [ -121.937145, 37.305206 ], [ -121.939436, 37.305209 ], [ -121.939439, 37.305611 ], [ -121.939663, 37.305614 ], [ -121.939676, 37.308783 ], [ -121.939784, 37.308781 ], [ -121.939781, 37.310034 ] ] ] } },
{ "type": "Feature", "properties": { "place": "Interlaken", "place_kind": "cdp", "county": "Santa Cruz" }, "geometry": { "type": "Polygon", "coordinates": [ [ [ -121.769407, 36.941061 ], [ -121.765347, 36.948331 ], [ -121.765066, 36.948887 ], [ -121.76486, 36.949463 ], [ -121.764903, 36.952296 ], [ -121.764943, 36.962845 ], [ -121.76501, 36.969044 ], [ -121.765082, 36.96919 ], [ -121.765259, 36.969308 ], [ -121.765509, 36.969373 ], [ -121.76588, 36.969412 ], [ -121.765842, 36.969753 ], [ -121.765802, 36.969852 ], [ -121.765601, 36.970102 ], [ -121.765231, 36.970459 ], [ -121.765099, 36.970684 ], [ -121.765048, 36.970928 ], [ -121.765006, 36.971942 ], [ -121.764949, 36.972162 ], [ -121.764857, 36.972313 ], [ -121.764657, 36.972471 ], [ -121.764277, 36.972585 ], [ -121.764063, 36.972585 ], [ -121.763276, 36.972418 ], [ -121.762976, 36.972385 ], [ -121.761788, 36.972428 ], [ -121.757515, 36.972786 ], [ -121.756928, 36.972888 ], [ -121.755719, 36.973003 ], [ -121.755333, 36.97307 ], [ -121.754981, 36.973187 ], [ -121.75473, 36.973314 ], [ -121.750795, 36.97563 ], [ -121.750552, 36.975691 ], [ -121.742625, 36.976209 ], [ -121.742395, 36.976187 ], [ -121.742262, 36.976103 ], [ -121.742191, 36.975904 ], [ -121.742185, 36.975734 ], [ -121.741379, 36.97733 ], [ -121.740233, 36.979263 ], [ -121.739862, 36.979985 ], [ -121.739481, 36.980564 ], [ -121.73909, 36.981484 ], [ -121.738177, 36.982784 ], [ -121.737977, 36.983461 ], [ -121.737828, 36.984258 ], [ -121.737715, 36.985279 ], [ -121.738057, 36.98655 ], [ -121.738337, 36.987043 ], [ -121.738716, 36.987365 ], [ -121.739141, 36.988266 ], [ -121.73957, 36.988819 ], [ -121.739398, 36.988975 ], [ -121.739309, 36.989165 ], [ -121.739264, 36.989383 ], [ -121.73878, 36.989868 ], [ -121.738697, 36.989991 ], [ -121.736385, 36.989367 ], [ -121.734411, 36.989308 ], [ -121.734303, 36.989262 ], [ -121.733776, 36.988863 ], [ -121.733418, 36.988652 ], [ -121.733258, 36.988446 ], [ -121.732985, 36.988264 ], [ -121.732728, 36.987814 ], [ -121.732535, 36.987599 ], [ -121.73212, 36.987443 ], [ -121.731736, 36.987126 ], [ -121.731413, 36.986956 ], [ -121.730999, 36.986633 ], [ -121.730803, 36.986368 ], [ -121.730696, 36.986276 ], [ -121.730198, 36.986325 ], [ -121.72825, 36.98512 ], [ -121.727772, 36.985013 ], [ -121.727433, 36.984711 ], [ -121.727334, 36.984238 ], [ -121.727164, 36.984079 ], [ -121.725825, 36.984089 ], [ -121.725455, 36.983966 ], [ -121.72514, 36.983736 ], [ -121.724046, 36.983233 ], [ -121.721094, 36.980272 ], [ -121.720952, 36.980076 ], [ -121.720682, 36.979883 ], [ -121.720398, 36.979752 ], [ -121.719894, 36.979702 ], [ -121.719734, 36.979655 ], [ -121.71943, 36.979279 ], [ -121.719224, 36.97922 ], [ -121.718859, 36.979251 ], [ -121.718773, 36.979146 ], [ -121.718581, 36.97905 ], [ -121.717872, 36.979112 ], [ -121.717522, 36.979061 ], [ -121.717363, 36.979118 ], [ -121.717285, 36.979206 ], [ -121.717307, 36.979336 ], [ -121.717394, 36.979447 ], [ -121.71787, 36.979827 ], [ -121.717965, 36.980135 ], [ -121.718048, 36.980207 ], [ -121.718204, 36.980245 ], [ -121.718676, 36.980216 ], [ -121.718784, 36.980282 ], [ -121.718811, 36.980372 ], [ -121.718712, 36.980533 ], [ -121.718627, 36.980566 ], [ -121.718415, 36.980542 ], [ -121.71828, 36.980485 ], [ -121.718048, 36.980485 ], [ -121.717799, 36.980574 ], [ -121.717494, 36.980199 ], [ -121.71725, 36.980014 ], [ -121.717014, 36.979953 ], [ -121.716524, 36.979981 ], [ -121.716229, 36.979918 ], [ -121.716014, 36.979793 ], [ -121.715676, 36.979509 ], [ -121.715476, 36.979411 ], [ -121.715159, 36.97938 ], [ -121.714633, 36.979545 ], [ -121.714463, 36.979544 ], [ -121.714248, 36.979466 ], [ -121.71406, 36.979333 ], [ -121.713875, 36.979261 ], [ -121.713391, 36.979286 ], [ -121.712858, 36.979203 ], [ -121.711313, 36.979241 ], [ -121.711059, 36.979193 ], [ -121.710914, 36.979078 ], [ -121.71087, 36.978851 ], [ -121.710976, 36.978672 ], [ -121.712157, 36.978185 ], [ -121.712408, 36.978068 ], [ -121.712935, 36.977735 ], [ -121.713399, 36.977544 ], [ -121.713704, 36.977257 ], [ -121.714087, 36.976978 ], [ -121.714769, 36.976658 ], [ -121.714963, 36.976527 ], [ -121.715103, 36.976349 ], [ -121.715151, 36.97623 ], [ -121.715155, 36.976049 ], [ -121.715115, 36.975889 ], [ -121.715012, 36.975751 ], [ -121.71456, 36.975421 ], [ -121.714519, 36.975342 ], [ -121.714544, 36.975175 ], [ -121.714741, 36.975026 ], [ -121.714909, 36.975014 ], [ -121.715253, 36.975075 ], [ -121.716052, 36.975134 ], [ -121.716413, 36.975261 ], [ -121.716932, 36.97555 ], [ -121.717512, 36.975637 ], [ -121.718441, 36.975579 ], [ -121.718989, 36.975698 ], [ -121.719303, 36.975622 ], [ -121.719512, 36.97545 ], [ -121.71965, 36.975141 ], [ -121.719665, 36.97435 ], [ -121.719747, 36.974199 ], [ -121.719863, 36.974077 ], [ -121.720411, 36.973606 ], [ -121.720709, 36.97326 ], [ -121.721055, 36.972693 ], [ -121.72116, 36.972414 ], [ -121.721201, 36.972129 ], [ -121.721195, 36.971981 ], [ -121.72111, 36.971685 ], [ -121.720807, 36.971179 ], [ -121.720717, 36.970948 ], [ -121.720669, 36.970384 ], [ -121.720607, 36.970197 ], [ -121.720428, 36.96994 ], [ -121.719649, 36.969099 ], [ -121.719518, 36.968917 ], [ -121.719417, 36.968578 ], [ -121.719424, 36.968355 ], [ -121.719509, 36.968036 ], [ -121.719762, 36.96776 ], [ -121.719927, 36.967664 ], [ -121.720238, 36.967583 ], [ -121.720904, 36.967531 ], [ -121.721036, 36.96748 ], [ -121.721325, 36.967326 ], [ -121.721448, 36.967213 ], [ -121.72159, 36.966955 ], [ -121.721644, 36.966709 ], [ -121.721031, 36.964767 ], [ -121.720986, 36.96431 ], [ -121.721038, 36.964024 ], [ -121.721241, 36.963607 ], [ -121.721949, 36.962699 ], [ -121.722151, 36.9623 ], [ -121.722186, 36.962081 ], [ -121.722124, 36.961431 ], [ -121.722171, 36.961163 ], [ -121.722293, 36.960935 ], [ -121.72257, 36.960635 ], [ -121.727031, 36.956532 ], [ -121.727433, 36.956117 ], [ -121.720874, 36.950524 ], [ -121.720677, 36.950247 ], [ -121.720587, 36.949921 ], [ -121.720609, 36.949722 ], [ -121.72076, 36.949193 ], [ -121.720771, 36.948967 ], [ -121.720637, 36.948615 ], [ -121.720443, 36.948397 ], [ -121.714663, 36.944187 ], [ -121.706658, 36.938433 ], [ -121.706547, 36.938275 ], [ -121.706226, 36.938432 ], [ -121.706081, 36.938726 ], [ -121.706102, 36.939166 ], [ -121.70616, 36.939396 ], [ -121.706072, 36.939631 ], [ -121.699633, 36.936669 ], [ -121.706091, 36.928661 ], [ -121.697177, 36.92424 ], [ -121.69887, 36.924408 ], [ -121.700371, 36.924362 ], [ -121.701241, 36.92423 ], [ -121.702235, 36.923964 ], [ -121.711315, 36.921756 ], [ -121.71128, 36.921806 ], [ -121.711429, 36.921729 ], [ -121.714676, 36.920934 ], [ -121.715921, 36.920501 ], [ -121.718783, 36.919385 ], [ -121.719786, 36.919117 ], [ -121.724693, 36.918078 ], [ -121.728403, 36.917384 ], [ -121.731686, 36.916831 ], [ -121.732503, 36.916621 ], [ -121.733186, 36.917931 ], [ -121.733308, 36.918025 ], [ -121.733409, 36.918298 ], [ -121.733088, 36.91873 ], [ -121.732583, 36.91987 ], [ -121.732413, 36.920072 ], [ -121.734214, 36.920697 ], [ -121.733398, 36.922357 ], [ -121.736485, 36.923266 ], [ -121.736567, 36.923242 ], [ -121.738361, 36.923618 ], [ -121.738339, 36.924432 ], [ -121.738962, 36.924536 ], [ -121.738479, 36.926948 ], [ -121.738376, 36.927256 ], [ -121.738326, 36.927246 ], [ -121.738268, 36.927393 ], [ -121.741308, 36.927887 ], [ -121.74054, 36.930171 ], [ -121.744245, 36.930784 ], [ -121.743723, 36.932423 ], [ -121.743289, 36.934495 ], [ -121.743273, 36.935058 ], [ -121.744116, 36.934998 ], [ -121.744569, 36.934934 ], [ -121.745651, 36.93487 ], [ -121.745966, 36.934744 ], [ -121.746555, 36.934617 ], [ -121.747, 36.934649 ], [ -121.747721, 36.934839 ], [ -121.748275, 36.935139 ], [ -121.749192, 36.935865 ], [ -121.749561, 36.936083 ], [ -121.74999, 36.936212 ], [ -121.750341, 36.936259 ], [ -121.751061, 36.936307 ], [ -121.751569, 36.936301 ], [ -121.751894, 36.936254 ], [ -121.75263, 36.936028 ], [ -121.75346, 36.93556 ], [ -121.754084, 36.935334 ], [ -121.754461, 36.935038 ], [ -121.754581, 36.934804 ], [ -121.754983, 36.934357 ], [ -121.755308, 36.934137 ], [ -121.755548, 36.934041 ], [ -121.755898, 36.933952 ], [ -121.756407, 36.93388 ], [ -121.756984, 36.933871 ], [ -121.757975, 36.933983 ], [ -121.758445, 36.934094 ], [ -121.758834, 36.934091 ], [ -121.759899, 36.933862 ], [ -121.760164, 36.933787 ], [ -121.76054, 36.933629 ], [ -121.761028, 36.933554 ], [ -121.761173, 36.933602 ], [ -121.76142, 36.93383 ], [ -121.7616, 36.934127 ], [ -121.76171, 36.934471 ], [ -121.761774, 36.934502 ], [ -121.762133, 36.934913 ], [ -121.76281, 36.935341 ], [ -121.763286, 36.935995 ], [ -121.763608, 36.936076 ], [ -121.764641, 36.93602 ], [ -121.765337, 36.936126 ], [ -121.766043, 36.936304 ], [ -121.766571, 36.936362 ], [ -121.766748, 36.936648 ], [ -121.766609, 36.936876 ], [ -121.766672, 36.936953 ], [ -121.766827, 36.937301 ], [ -121.76717, 36.937704 ], [ -121.767971, 36.937975 ], [ -121.766656, 36.940416 ], [ -121.769407, 36.941061 ] ] ] } },
{ "type": "Feature", "properties": { "place": "La Honda", "place_kind": "cdp", "county": "Santa Cruz" }, "geometry": { "type": "Polygon", "coordinates": [ [ [ -122.28693, 37.31428 ], [ -122.286324, 37.315357 ], [ -122.28618, 37.3155 ], [ -122.286063, 37.31578 ], [ -122.286001, 37.316456 ], [ -122.285966, 37.316538 ], [ -122.285829, 37.316664 ], [ -122.285712, 37.31689 ], [ -122.285739, 37.317401 ], [ -122.285649, 37.317884 ], [ -122.285463, 37.318093 ], [ -122.285002, 37.318351 ], [ -122.284885, 37.31845 ], [ -122.284679, 37.318763 ], [ -122.284631, 37.319005 ], [ -122.284644, 37.319203 ], [ -122.284273, 37.323333 ], [ -122.283805, 37.32334 ], [ -122.283718, 37.323367 ], [ -122.283602, 37.3235 ], [ -122.283126, 37.32455 ], [ -122.28303, 37.324612 ], [ -122.279885, 37.325819 ], [ -122.279989, 37.32613 ], [ -122.280091, 37.326684 ], [ -122.280079, 37.326941 ], [ -122.279872, 37.327952 ], [ -122.279796, 37.328501 ], [ -122.279781, 37.328898 ], [ -122.279888, 37.329218 ], [ -122.28001, 37.329455 ], [ -122.280086, 37.329783 ], [ -122.280055, 37.330195 ], [ -122.279964, 37.330607 ], [ -122.280406, 37.331415 ], [ -122.280498, 37.331835 ], [ -122.280635, 37.332094 ], [ -122.280971, 37.332407 ], [ -122.281185, 37.332461 ], [ -122.281505, 37.332621 ], [ -122.283428, 37.338076 ], [ -122.283458, 37.338419 ], [ -122.283428, 37.338991 ], [ -122.283479, 37.339141 ], [ -122.283153, 37.339494 ], [ -122.280866, 37.340361 ], [ -122.280499, 37.340625 ], [ -122.280285, 37.340984 ], [ -122.280162, 37.341898 ], [ -122.280438, 37.342422 ], [ -122.280484, 37.34259 ], [ -122.28018, 37.34283 ], [ -122.279676, 37.342902 ], [ -122.279157, 37.343137 ], [ -122.278851, 37.343135 ], [ -122.278561, 37.343059 ], [ -122.278393, 37.342952 ], [ -122.278332, 37.342838 ], [ -122.27847, 37.342684 ], [ -122.278867, 37.342394 ], [ -122.278867, 37.342302 ], [ -122.278715, 37.34205 ], [ -122.277861, 37.341781 ], [ -122.277682, 37.341622 ], [ -122.277264, 37.341742 ], [ -122.276929, 37.342047 ], [ -122.276442, 37.342739 ], [ -122.275954, 37.343288 ], [ -122.275558, 37.343462 ], [ -122.275098, 37.343447 ], [ -122.274824, 37.343346 ], [ -122.274397, 37.343353 ], [ -122.273982, 37.343515 ], [ -122.273768, 37.343145 ], [ -122.273499, 37.342788 ], [ -122.273052, 37.342282 ], [ -122.272681, 37.341666 ], [ -122.272131, 37.340875 ], [ -122.271202, 37.339974 ], [ -122.270748, 37.339473 ], [ -122.270618, 37.33927 ], [ -122.270508, 37.338973 ], [ -122.270474, 37.338731 ], [ -122.270515, 37.338413 ], [ -122.270488, 37.338352 ], [ -122.270316, 37.338143 ], [ -122.269876, 37.337737 ], [ -122.2698, 37.337561 ], [ -122.269786, 37.337319 ], [ -122.269745, 37.337187 ], [ -122.269553, 37.336852 ], [ -122.269429, 37.336736 ], [ -122.26936, 37.336588 ], [ -122.269367, 37.336341 ], [ -122.269939, 37.335918 ], [ -122.270008, 37.335781 ], [ -122.270021, 37.335665 ], [ -122.269946, 37.335396 ], [ -122.269801, 37.335028 ], [ -122.269623, 37.334742 ], [ -122.269575, 37.334539 ], [ -122.269609, 37.334445 ], [ -122.26965, 37.334396 ], [ -122.270146, 37.334121 ], [ -122.271344, 37.333561 ], [ -122.271571, 37.333496 ], [ -122.271777, 37.333375 ], [ -122.271895, 37.333073 ], [ -122.271895, 37.332902 ], [ -122.271413, 37.332221 ], [ -122.27129, 37.331913 ], [ -122.271297, 37.331517 ], [ -122.271345, 37.331391 ], [ -122.271352, 37.331171 ], [ -122.271311, 37.331067 ], [ -122.271036, 37.330792 ], [ -122.27074, 37.330611 ], [ -122.270403, 37.330303 ], [ -122.269825, 37.330072 ], [ -122.269287, 37.329978 ], [ -122.268989, 37.329834 ], [ -122.268734, 37.329794 ], [ -122.268278, 37.329566 ], [ -122.26809, 37.329552 ], [ -122.267742, 37.329418 ], [ -122.267286, 37.329365 ], [ -122.266937, 37.329365 ], [ -122.266668, 37.329244 ], [ -122.26636, 37.329244 ], [ -122.265823, 37.329338 ], [ -122.265099, 37.32911 ], [ -122.264978, 37.329136 ], [ -122.264736, 37.32911 ], [ -122.264066, 37.328908 ], [ -122.263784, 37.328868 ], [ -122.263395, 37.328627 ], [ -122.263073, 37.328546 ], [ -122.262805, 37.328546 ], [ -122.262469, 37.328493 ], [ -122.262201, 37.328412 ], [ -122.261812, 37.328103 ], [ -122.261704, 37.327902 ], [ -122.26149, 37.327688 ], [ -122.261181, 37.327513 ], [ -122.260819, 37.327446 ], [ -122.260108, 37.327057 ], [ -122.259638, 37.326748 ], [ -122.25937, 37.326735 ], [ -122.259021, 37.326601 ], [ -122.258699, 37.32652 ], [ -122.258511, 37.326628 ], [ -122.258216, 37.326628 ], [ -122.257854, 37.326561 ], [ -122.256714, 37.326467 ], [ -122.255828, 37.326118 ], [ -122.255184, 37.326131 ], [ -122.254755, 37.326064 ], [ -122.254299, 37.326118 ], [ -122.253856, 37.326386 ], [ -122.252971, 37.326748 ], [ -122.252769, 37.326883 ], [ -122.252407, 37.326977 ], [ -122.252005, 37.327151 ], [ -122.251361, 37.327473 ], [ -122.251119, 37.327527 ], [ -122.250905, 37.32762 ], [ -122.250542, 37.327849 ], [ -122.250247, 37.327889 ], [ -122.249697, 37.32805 ], [ -122.249201, 37.328063 ], [ -122.248611, 37.328171 ], [ -122.248007, 37.328546 ], [ -122.247363, 37.328586 ], [ -122.246558, 37.328586 ], [ -122.24633, 37.328694 ], [ -122.245914, 37.328613 ], [ -122.245149, 37.328801 ], [ -122.244827, 37.328761 ], [ -122.244519, 37.328788 ], [ -122.244344, 37.328962 ], [ -122.243687, 37.329458 ], [ -122.242828, 37.329713 ], [ -122.242627, 37.329848 ], [ -122.241729, 37.330143 ], [ -122.241605, 37.320006 ], [ -122.242693, 37.31959 ], [ -122.244028, 37.319183 ], [ -122.244592, 37.318963 ], [ -122.244846, 37.318831 ], [ -122.244963, 37.318737 ], [ -122.24508, 37.318583 ], [ -122.245266, 37.318275 ], [ -122.245671, 37.317874 ], [ -122.246132, 37.317599 ], [ -122.246469, 37.317324 ], [ -122.246744, 37.317044 ], [ -122.246799, 37.316934 ], [ -122.246805, 37.316808 ], [ -122.246709, 37.316467 ], [ -122.246681, 37.315995 ], [ -122.246709, 37.31594 ], [ -122.246715, 37.31567 ], [ -122.246914, 37.315082 ], [ -122.246962, 37.314505 ], [ -122.24712, 37.314093 ], [ -122.247532, 37.312571 ], [ -122.248054, 37.311538 ], [ -122.24815, 37.311225 ], [ -122.248149, 37.310911 ], [ -122.248266, 37.310395 ], [ -122.248678, 37.309565 ], [ -122.248856, 37.308999 ], [ -122.249482, 37.307916 ], [ -122.24966, 37.307191 ], [ -122.250189, 37.306152 ], [ -122.250292, 37.305745 ], [ -122.250525, 37.305421 ], [ -122.250855, 37.304728 ], [ -122.250972, 37.304564 ], [ -122.251158, 37.30442 ], [ -122.25131, 37.304216 ], [ -122.251365, 37.304041 ], [ -122.25129, 37.303277 ], [ -122.251277, 37.302733 ], [ -122.25136, 37.302178 ], [ -122.251546, 37.30164 ], [ -122.252414, 37.300184 ], [ -122.252964, 37.299607 ], [ -122.253377, 37.299097 ], [ -122.25355, 37.298937 ], [ -122.253984, 37.298174 ], [ -122.254177, 37.297646 ], [ -122.25419, 37.297547 ], [ -122.254078, 37.297542 ], [ -122.254465, 37.29738 ], [ -122.254847, 37.297264 ], [ -122.255717, 37.296727 ], [ -122.256178, 37.296535 ], [ -122.25645, 37.296565 ], [ -122.257169, 37.296869 ], [ -122.257322, 37.296877 ], [ -122.257993, 37.296515 ], [ -122.258376, 37.296553 ], [ -122.258759, 37.296659 ], [ -122.259248, 37.296681 ], [ -122.259554, 37.296657 ], [ -122.259875, 37.296717 ], [ -122.260517, 37.296953 ], [ -122.260788, 37.297014 ], [ -122.260898, 37.297111 ], [ -122.261078, 37.297155 ], [ -122.261476, 37.297046 ], [ -122.261788, 37.296893 ], [ -122.261923, 37.296919 ], [ -122.262024, 37.296658 ], [ -122.262513, 37.296188 ], [ -122.262792, 37.296182 ], [ -122.263047, 37.296124 ], [ -122.263183, 37.295778 ], [ -122.263507, 37.29566 ], [ -122.263612, 37.295324 ], [ -122.263718, 37.295237 ], [ -122.263841, 37.295262 ], [ -122.26387, 37.295463 ], [ -122.263971, 37.295596 ], [ -122.264087, 37.29561 ], [ -122.263967, 37.295872 ], [ -122.264255, 37.29583 ], [ -122.264556, 37.296468 ], [ -122.264497, 37.296821 ], [ -122.264564, 37.297068 ], [ -122.265076, 37.297568 ], [ -122.265403, 37.297797 ], [ -122.265778, 37.298 ], [ -122.265963, 37.298177 ], [ -122.267119, 37.300028 ], [ -122.267356, 37.300322 ], [ -122.267667, 37.300588 ], [ -122.267719, 37.3007 ], [ -122.267676, 37.300837 ], [ -122.26809, 37.300978 ], [ -122.268349, 37.301124 ], [ -122.268747, 37.302039 ], [ -122.269493, 37.302535 ], [ -122.269754, 37.302932 ], [ -122.269875, 37.303374 ], [ -122.27012, 37.303847 ], [ -122.270121, 37.304321 ], [ -122.270242, 37.30471 ], [ -122.270532, 37.305168 ], [ -122.270974, 37.305489 ], [ -122.271377, 37.30564 ], [ -122.271555, 37.305596 ], [ -122.271844, 37.305604 ], [ -122.272579, 37.305758 ], [ -122.273005, 37.305948 ], [ -122.273921, 37.30665 ], [ -122.274439, 37.306864 ], [ -122.274683, 37.307047 ], [ -122.275127, 37.307498 ], [ -122.275527, 37.307988 ], [ -122.275793, 37.308447 ], [ -122.276522, 37.308672 ], [ -122.276952, 37.308994 ], [ -122.277443, 37.309594 ], [ -122.27781, 37.310135 ], [ -122.277955, 37.310014 ], [ -122.278319, 37.309904 ], [ -122.27898, 37.310025 ], [ -122.279165, 37.310102 ], [ -122.279385, 37.310349 ], [ -122.279819, 37.310586 ], [ -122.280066, 37.310657 ], [ -122.280445, 37.310652 ], [ -122.281036, 37.310493 ], [ -122.281291, 37.310493 ], [ -122.281752, 37.310597 ], [ -122.281958, 37.310702 ], [ -122.28226, 37.310944 ], [ -122.282336, 37.311103 ], [ -122.282336, 37.311317 ], [ -122.282405, 37.311724 ], [ -122.28248, 37.311971 ], [ -122.282563, 37.312059 ], [ -122.282989, 37.31223 ], [ -122.283278, 37.312444 ], [ -122.283305, 37.312713 ], [ -122.283285, 37.313043 ], [ -122.283367, 37.313136 ], [ -122.283464, 37.313175 ], [ -122.283629, 37.313153 ], [ -122.283918, 37.313005 ], [ -122.284117, 37.31295 ], [ -122.28433, 37.312944 ], [ -122.284633, 37.313049 ], [ -122.284846, 37.313208 ], [ -122.284963, 37.313433 ], [ -122.285183, 37.31367 ], [ -122.285341, 37.313736 ], [ -122.285685, 37.313741 ], [ -122.286105, 37.31367 ], [ -122.286346, 37.31367 ], [ -122.286476, 37.313703 ], [ -122.286635, 37.313835 ], [ -122.286703, 37.314038 ], [ -122.28693, 37.31428 ] ] ] } },
{ "type": "Feature", "properties": { "place": "La Selva Beach", "place_kind": "cdp", "county": "Santa Cruz" }, "geometry": { "type": "Polygon", "coordinates": [ [ [ -121.866819, 36.940444 ], [ -121.866759, 36.940723 ], [ -121.866609, 36.941019 ], [ -121.865959, 36.941769 ], [ -121.865808, 36.942184 ], [ -121.865771, 36.942423 ], [ -121.865711, 36.942533 ], [ -121.865326, 36.942801 ], [ -121.864184, 36.943399 ], [ -121.863735, 36.943847 ], [ -121.863594, 36.944112 ], [ -121.863564, 36.944239 ], [ -121.863624, 36.944625 ], [ -121.863607, 36.944838 ], [ -121.863526, 36.945069 ], [ -121.863401, 36.945733 ], [ -121.863354, 36.94584 ], [ -121.863363, 36.946236 ], [ -121.863555, 36.946456 ], [ -121.863589, 36.946552 ], [ -121.863661, 36.947368 ], [ -121.863743, 36.947778 ], [ -121.863695, 36.948608 ], [ -121.863763, 36.949258 ], [ -121.864101, 36.949871 ], [ -121.864173, 36.950439 ], [ -121.864345, 36.951017 ], [ -121.864035, 36.951068 ], [ -121.864186, 36.952905 ], [ -121.864301, 36.955659 ], [ -121.864298, 36.956385 ], [ -121.864277, 36.956676 ], [ -121.864195, 36.956975 ], [ -121.862711, 36.960573 ], [ -121.853588, 36.951653 ], [ -121.851829, 36.950056 ], [ -121.849738, 36.94831 ], [ -121.847702, 36.946752 ], [ -121.84546, 36.94517 ], [ -121.837781, 36.940124 ], [ -121.837283, 36.939829 ], [ -121.835725, 36.939026 ], [ -121.834569, 36.938514 ], [ -121.822958, 36.935053 ], [ -121.823873, 36.933782 ], [ -121.823065, 36.933152 ], [ -121.822268, 36.932624 ], [ -121.822405, 36.932292 ], [ -121.822501, 36.931851 ], [ -121.823147, 36.931189 ], [ -121.823195, 36.931002 ], [ -121.823131, 36.930693 ], [ -121.822654, 36.929984 ], [ -121.822448, 36.929808 ], [ -121.821148, 36.929647 ], [ -121.820692, 36.929528 ], [ -121.820061, 36.929229 ], [ -121.819724, 36.928975 ], [ -121.819882, 36.928564 ], [ -121.820141, 36.928402 ], [ -121.821356, 36.92813 ], [ -121.82238, 36.928116 ], [ -121.823353, 36.927911 ], [ -121.824429, 36.927563 ], [ -121.825016, 36.927122 ], [ -121.825376, 36.926949 ], [ -121.82697, 36.926868 ], [ -121.826504, 36.926659 ], [ -121.827863, 36.92487 ], [ -121.826001, 36.92222 ], [ -121.825769, 36.921369 ], [ -121.825683, 36.919317 ], [ -121.825137, 36.917653 ], [ -121.825137, 36.917451 ], [ -121.827152, 36.917521 ], [ -121.828936, 36.918135 ], [ -121.830714, 36.918331 ], [ -121.831533, 36.91839 ], [ -121.833095, 36.918286 ], [ -121.833375, 36.918297 ], [ -121.834022, 36.918447 ], [ -121.834231, 36.918406 ], [ -121.834182, 36.918206 ], [ -121.834023, 36.91798 ], [ -121.8323, 36.916758 ], [ -121.832064, 36.916511 ], [ -121.831655, 36.915977 ], [ -121.831471, 36.915626 ], [ -121.827995, 36.907457 ], [ -121.827326, 36.906106 ], [ -121.826506, 36.904814 ], [ -121.826051, 36.904197 ], [ -121.825433, 36.903438 ], [ -121.824103, 36.902017 ], [ -121.836168, 36.897603 ], [ -121.839435, 36.89668 ], [ -121.840092, 36.897627 ], [ -121.84028, 36.897957 ], [ -121.840801, 36.898557 ], [ -121.841032, 36.898895 ], [ -121.841253, 36.899322 ], [ -121.841527, 36.899688 ], [ -121.842338, 36.901087 ], [ -121.842773, 36.901645 ], [ -121.842824, 36.901762 ], [ -121.843653, 36.90281 ], [ -121.843746, 36.902982 ], [ -121.844797, 36.904464 ], [ -121.844984, 36.904822 ], [ -121.84507, 36.904919 ], [ -121.845693, 36.905932 ], [ -121.846479, 36.906952 ], [ -121.846991, 36.907772 ], [ -121.847725, 36.908723 ], [ -121.848041, 36.909302 ], [ -121.848178, 36.909605 ], [ -121.848203, 36.909736 ], [ -121.848246, 36.909784 ], [ -121.848263, 36.909908 ], [ -121.848366, 36.910094 ], [ -121.849057, 36.911004 ], [ -121.849348, 36.911479 ], [ -121.849775, 36.912058 ], [ -121.85021, 36.912561 ], [ -121.850338, 36.912823 ], [ -121.850629, 36.913271 ], [ -121.850945, 36.913691 ], [ -121.851137, 36.914029 ], [ -121.851243, 36.914298 ], [ -121.851747, 36.914897 ], [ -121.851952, 36.915331 ], [ -121.852029, 36.915648 ], [ -121.852311, 36.916006 ], [ -121.852507, 36.916337 ], [ -121.852524, 36.916413 ], [ -121.852721, 36.916647 ], [ -121.853011, 36.91715 ], [ -121.853242, 36.91746 ], [ -121.853378, 36.917811 ], [ -121.853566, 36.918039 ], [ -121.853677, 36.918314 ], [ -121.854198, 36.919183 ], [ -121.854309, 36.91932 ], [ -121.854343, 36.919417 ], [ -121.854839, 36.919975 ], [ -121.854958, 36.920395 ], [ -121.855257, 36.920988 ], [ -121.855547, 36.92138 ], [ -121.855607, 36.921511 ], [ -121.855915, 36.921856 ], [ -121.856137, 36.922173 ], [ -121.856291, 36.922462 ], [ -121.856333, 36.922607 ], [ -121.856487, 36.922855 ], [ -121.856581, 36.923103 ], [ -121.856675, 36.923213 ], [ -121.857016, 36.923909 ], [ -121.85776, 36.924887 ], [ -121.858067, 36.92539 ], [ -121.858255, 36.925631 ], [ -121.85834, 36.925824 ], [ -121.858597, 36.926162 ], [ -121.859135, 36.927002 ], [ -121.859493, 36.927657 ], [ -121.859921, 36.928166 ], [ -121.860356, 36.928952 ], [ -121.860792, 36.92942 ], [ -121.861527, 36.930564 ], [ -121.861783, 36.930839 ], [ -121.861826, 36.931046 ], [ -121.862108, 36.931335 ], [ -121.862159, 36.931721 ], [ -121.862347, 36.931838 ], [ -121.862851, 36.932265 ], [ -121.863654, 36.933216 ], [ -121.864107, 36.933623 ], [ -121.864461, 36.934107 ], [ -121.86491, 36.934553 ], [ -121.865047, 36.934746 ], [ -121.865192, 36.93509 ], [ -121.865517, 36.935476 ], [ -121.865696, 36.935813 ], [ -121.866063, 36.936296 ], [ -121.866192, 36.93655 ], [ -121.866217, 36.936681 ], [ -121.866192, 36.936915 ], [ -121.866285, 36.937012 ], [ -121.86587, 36.93741 ], [ -121.865952, 36.93748 ], [ -121.866012, 36.937645 ], [ -121.86608, 36.937735 ], [ -121.866114, 36.937879 ], [ -121.866426, 36.938626 ], [ -121.866759, 36.939997 ], [ -121.866819, 36.940444 ] ] ] } },
{ "type": "Feature", "properties": { "place": "Las Lomas", "place_kind": "cdp", "county": "Monterey" }, "geometry": { "type": "Polygon", "coordinates": [ [ [ -121.740326, 36.865951 ], [ -121.740116, 36.866792 ], [ -121.739396, 36.868076 ], [ -121.738858, 36.869175 ], [ -121.738517, 36.870251 ], [ -121.737958, 36.872451 ], [ -121.737731, 36.874276 ], [ -121.737754, 36.876619 ], [ -121.738191, 36.877688 ], [ -121.737465, 36.877662 ], [ -121.736759, 36.878283 ], [ -121.736832, 36.878355 ], [ -121.736735, 36.878507 ], [ -121.736452, 36.878431 ], [ -121.736096, 36.878393 ], [ -121.735724, 36.878456 ], [ -121.735475, 36.878571 ], [ -121.735117, 36.878991 ], [ -121.734707, 36.87925 ], [ -121.734174, 36.8793 ], [ -121.733593, 36.87927 ], [ -121.733105, 36.879228 ], [ -121.732295, 36.879096 ], [ -121.732039, 36.879146 ], [ -121.731877, 36.879263 ], [ -121.729482, 36.879188 ], [ -121.728657, 36.878692 ], [ -121.728755, 36.877461 ], [ -121.726824, 36.875995 ], [ -121.72294, 36.871877 ], [ -121.722959, 36.871154 ], [ -121.722612, 36.871633 ], [ -121.72258, 36.869952 ], [ -121.722603, 36.867198 ], [ -121.72255, 36.866197 ], [ -121.722367, 36.865961 ], [ -121.722329, 36.865685 ], [ -121.722512, 36.864134 ], [ -121.722783, 36.864135 ], [ -121.722859, 36.861854 ], [ -121.723151, 36.86177 ], [ -121.723502, 36.861587 ], [ -121.723685, 36.861534 ], [ -121.725897, 36.861755 ], [ -121.726645, 36.86174 ], [ -121.727301, 36.861557 ], [ -121.727774, 36.861534 ], [ -121.728059, 36.861454 ], [ -121.728552, 36.861435 ], [ -121.729254, 36.86132 ], [ -121.73011, 36.861091 ], [ -121.731147, 36.860664 ], [ -121.73191, 36.860496 ], [ -121.732994, 36.86042 ], [ -121.734779, 36.860359 ], [ -121.735378, 36.86039 ], [ -121.735731, 36.860262 ], [ -121.736194, 36.859988 ], [ -121.736718, 36.859441 ], [ -121.737303, 36.859106 ], [ -121.737964, 36.858971 ], [ -121.738303, 36.85904 ], [ -121.739043, 36.859607 ], [ -121.739504, 36.859776 ], [ -121.740105, 36.859767 ], [ -121.74005, 36.859853 ], [ -121.740263, 36.86316 ], [ -121.740203, 36.863237 ], [ -121.74033, 36.865353 ], [ -121.740326, 36.865951 ] ] ] } },
{ "type": "Feature", "properties": { "place": "Lexington Hills", "place_kind": "cdp", "county": "Santa Cruz" }, "geometry": { "type": "Polygon", "coordinates": [ [ [ -122.016196, 37.169298 ], [ -122.016155, 37.169514 ], [ -122.015981, 37.16984 ], [ -122.015988, 37.169914 ], [ -122.016253, 37.170165 ], [ -122.016232, 37.170294 ], [ -122.016161, 37.170444 ], [ -122.016037, 37.170553 ], [ -122.015639, 37.170843 ], [ -122.01509, 37.17107 ], [ -122.0146, 37.17122 ], [ -122.01455, 37.17128 ], [ -122.01453, 37.17138 ], [ -122.01456, 37.1716 ], [ -122.01453, 37.17172 ], [ -122.01447, 37.17178 ], [ -122.01394, 37.17194 ], [ -122.0138, 37.17203 ], [ -122.01365, 37.17233 ], [ -122.01358, 37.17241 ], [ -122.01325, 37.17253 ], [ -122.01303, 37.17255 ], [ -122.012404, 37.172434 ], [ -122.012225, 37.172527 ], [ -122.011848, 37.172805 ], [ -122.01179, 37.172939 ], [ -122.011775, 37.173319 ], [ -122.011731, 37.173565 ], [ -122.011374, 37.173949 ], [ -122.011297, 37.174115 ], [ -122.01127, 37.17484 ], [ -122.010619, 37.175201 ], [ -122.010519, 37.175427 ], [ -122.010572, 37.175836 ], [ -122.010526, 37.176025 ], [ -122.010343, 37.176328 ], [ -122.010374, 37.176649 ], [ -122.009828, 37.177131 ], [ -122.009891, 37.177568 ], [ -122.010164, 37.177876 ], [ -122.0102, 37.177989 ], [ -122.010183, 37.178144 ], [ -122.010102, 37.178273 ], [ -122.009795, 37.178345 ], [ -122.009536, 37.178457 ], [ -122.009483, 37.178621 ], [ -122.009492, 37.178781 ], [ -122.009798, 37.17902 ], [ -122.009593, 37.179864 ], [ -122.009293, 37.179983 ], [ -122.008956, 37.179995 ], [ -122.008424, 37.180066 ], [ -122.00781, 37.1799 ], [ -122.007707, 37.179944 ], [ -122.007168, 37.180414 ], [ -122.006909, 37.180527 ], [ -122.00652, 37.18059 ], [ -122.006172, 37.180915 ], [ -122.006168, 37.180999 ], [ -122.005378, 37.181233 ], [ -122.00503, 37.18117 ], [ -122.004587, 37.180781 ], [ -122.004184, 37.180358 ], [ -122.00389, 37.18023 ], [ -122.00297, 37.18047 ], [ -122.00281, 37.18059 ], [ -122.002658, 37.180958 ], [ -122.002705, 37.181152 ], [ -122.002877, 37.181411 ], [ -122.003301, 37.181941 ], [ -122.003726, 37.182311 ], [ -122.004475, 37.182766 ], [ -122.004663, 37.183017 ], [ -122.005141, 37.183805 ], [ -122.00503, 37.18408 ], [ -122.00499, 37.1841 ], [ -122.00422, 37.18411 ], [ -122.003435, 37.183362 ], [ -122.003441, 37.183015 ], [ -122.003379, 37.182749 ], [ -122.003222, 37.18261 ], [ -122.003381, 37.182505 ], [ -122.00184, 37.18202 ], [ -122.00124, 37.18159 ], [ -122.00118, 37.1815 ], [ -122.000893, 37.18139 ], [ -122.000471, 37.181305 ], [ -121.999323, 37.180838 ], [ -121.998871, 37.180739 ], [ -121.997716, 37.180605 ], [ -121.996705, 37.180722 ], [ -121.99557, 37.18047 ], [ -121.99497, 37.18024 ], [ -121.99482, 37.18013 ], [ -121.99469, 37.17987 ], [ -121.994463, 37.179758 ], [ -121.994926, 37.178885 ], [ -121.99562, 37.177771 ], [ -121.995852, 37.177345 ], [ -121.996019, 37.176926 ], [ -121.995517, 37.176456 ], [ -121.995324, 37.176362 ], [ -121.995043, 37.176335 ], [ -121.994555, 37.176357 ], [ -121.994294, 37.176412 ], [ -121.993724, 37.176654 ], [ -121.993464, 37.176726 ], [ -121.992784, 37.176787 ], [ -121.991919, 37.176655 ], [ -121.991726, 37.176611 ], [ -121.991149, 37.176391 ], [ -121.990758, 37.176337 ], [ -121.990476, 37.176342 ], [ -121.990106, 37.176502 ], [ -121.989975, 37.176469 ], [ -121.98968, 37.176293 ], [ -121.989117, 37.176255 ], [ -121.989082, 37.176354 ], [ -121.989034, 37.176381 ], [ -121.988967, 37.176322 ], [ -121.989021, 37.1765 ], [ -121.98897, 37.176598 ], [ -121.98878, 37.176338 ], [ -121.985633, 37.176314 ], [ -121.984869, 37.171945 ], [ -121.983169, 37.171545 ], [ -121.981569, 37.170945 ], [ -121.981169, 37.169445 ], [ -121.980569, 37.167645 ], [ -121.98006, 37.16817 ], [ -121.979691, 37.167792 ], [ -121.979536, 37.16752 ], [ -121.978762, 37.16678 ], [ -121.97871, 37.166668 ], [ -121.978644, 37.16617 ], [ -121.97879, 37.165608 ], [ -121.978725, 37.165301 ], [ -121.978573, 37.165071 ], [ -121.978315, 37.164858 ], [ -121.977767, 37.164626 ], [ -121.97718, 37.164327 ], [ -121.976836, 37.164056 ], [ -121.976308, 37.163815 ], [ -121.976067, 37.163761 ], [ -121.975611, 37.163464 ], [ -121.975368, 37.163354 ], [ -121.97502, 37.16328 ], [ -121.975221, 37.163451 ], [ -121.975472, 37.163524 ], [ -121.975596, 37.163637 ], [ -121.975765, 37.163916 ], [ -121.976131, 37.164144 ], [ -121.976203, 37.164231 ], [ -121.976314, 37.164476 ], [ -121.97633, 37.164588 ], [ -121.97619, 37.164908 ], [ -121.976096, 37.165419 ], [ -121.976268, 37.165441 ], [ -121.976449, 37.165423 ], [ -121.976542, 37.165494 ], [ -121.976615, 37.165733 ], [ -121.976524, 37.165803 ], [ -121.976475, 37.165795 ], [ -121.976347, 37.165634 ], [ -121.976251, 37.165648 ], [ -121.976237, 37.166042 ], [ -121.976146, 37.166159 ], [ -121.975773, 37.166421 ], [ -121.975694, 37.166656 ], [ -121.975394, 37.166929 ], [ -121.975539, 37.16703 ], [ -121.976006, 37.167615 ], [ -121.976018, 37.167804 ], [ -121.975875, 37.167902 ], [ -121.975797, 37.16789 ], [ -121.975723, 37.167829 ], [ -121.975689, 37.167676 ], [ -121.975633, 37.167617 ], [ -121.975495, 37.167638 ], [ -121.975024, 37.16783 ], [ -121.974648, 37.167889 ], [ -121.974402, 37.167884 ], [ -121.974209, 37.167836 ], [ -121.974044, 37.167739 ], [ -121.973849, 37.167544 ], [ -121.973954, 37.167438 ], [ -121.973915, 37.167251 ], [ -121.973856, 37.167172 ], [ -121.973664, 37.167239 ], [ -121.973408, 37.167183 ], [ -121.97323, 37.167042 ], [ -121.972952, 37.166772 ], [ -121.972962, 37.166661 ], [ -121.972776, 37.166376 ], [ -121.972773, 37.166103 ], [ -121.972823, 37.165897 ], [ -121.972996, 37.165616 ], [ -121.972987, 37.165382 ], [ -121.972822, 37.165044 ], [ -121.972613, 37.1647 ], [ -121.972424, 37.164472 ], [ -121.972337, 37.164416 ], [ -121.971622, 37.164257 ], [ -121.971178, 37.164281 ], [ -121.970388, 37.164448 ], [ -121.97018, 37.164419 ], [ -121.969618, 37.164185 ], [ -121.969404, 37.164152 ], [ -121.96996, 37.164957 ], [ -121.970108, 37.165252 ], [ -121.970409, 37.165266 ], [ -121.970526, 37.165343 ], [ -121.970448, 37.165473 ], [ -121.970498, 37.165772 ], [ -121.970057, 37.166411 ], [ -121.970642, 37.167325 ], [ -121.96989, 37.16739 ], [ -121.96957, 37.16745 ], [ -121.969255, 37.167236 ], [ -121.969021, 37.166684 ], [ -121.96886, 37.166477 ], [ -121.968644, 37.166359 ], [ -121.967959, 37.165832 ], [ -121.96782, 37.165802 ], [ -121.967558, 37.165922 ], [ -121.967324, 37.165925 ], [ -121.967021, 37.165822 ], [ -121.966808, 37.165703 ], [ -121.966498, 37.165603 ], [ -121.965211, 37.164807 ], [ -121.964909, 37.164939 ], [ -121.956622, 37.165517 ], [ -121.956725, 37.164896 ], [ -121.956876, 37.16466 ], [ -121.95702, 37.164533 ], [ -121.957123, 37.164391 ], [ -121.95739, 37.163616 ], [ -121.957418, 37.163292 ], [ -121.957404, 37.16294 ], [ -121.957459, 37.162517 ], [ -121.957527, 37.162407 ], [ -121.957562, 37.162253 ], [ -121.957562, 37.161704 ], [ -121.957458, 37.161358 ], [ -121.957397, 37.161 ], [ -121.957397, 37.160605 ], [ -121.957438, 37.160457 ], [ -121.957554, 37.160237 ], [ -121.957575, 37.159819 ], [ -121.957541, 37.159638 ], [ -121.957307, 37.159072 ], [ -121.956991, 37.158649 ], [ -121.956902, 37.158358 ], [ -121.957012, 37.15788 ], [ -121.957156, 37.157561 ], [ -121.957705, 37.157187 ], [ -121.958988, 37.156819 ], [ -121.95962, 37.156539 ], [ -121.960011, 37.156423 ], [ -121.960588, 37.156286 ], [ -121.961116, 37.15633 ], [ -121.961679, 37.156324 ], [ -121.962208, 37.156126 ], [ -121.962283, 37.156076 ], [ -121.962569, 37.155672 ], [ -121.963375, 37.155242 ], [ -121.963823, 37.1549 ], [ -121.963903, 37.154444 ], [ -121.963326, 37.153563 ], [ -121.963214, 37.153257 ], [ -121.963013, 37.15293 ], [ -121.962517, 37.152567 ], [ -121.96198, 37.152451 ], [ -121.961359, 37.152419 ], [ -121.961081, 37.152319 ], [ -121.960685, 37.151923 ], [ -121.960555, 37.151668 ], [ -121.960489, 37.151304 ], [ -121.960421, 37.15117 ], [ -121.960345, 37.151123 ], [ -121.959639, 37.151004 ], [ -121.959008, 37.15097 ], [ -121.958735, 37.150857 ], [ -121.95855, 37.150634 ], [ -121.957713, 37.151126 ], [ -121.957023, 37.150728 ], [ -121.956554, 37.150397 ], [ -121.957606, 37.149165 ], [ -121.958004, 37.149556 ], [ -121.958156, 37.149801 ], [ -121.95828, 37.150079 ], [ -121.958578, 37.149877 ], [ -121.958755, 37.149805 ], [ -121.959345, 37.149711 ], [ -121.959642, 37.149728 ], [ -121.960376, 37.149949 ], [ -121.961211, 37.15028 ], [ -121.961774, 37.150395 ], [ -121.962199, 37.150434 ], [ -121.962899, 37.150395 ], [ -121.963298, 37.150477 ], [ -121.963723, 37.150659 ], [ -121.964238, 37.150829 ], [ -121.964725, 37.151092 ], [ -121.965082, 37.151219 ], [ -121.965302, 37.151263 ], [ -121.966242, 37.151197 ], [ -121.966827, 37.151218 ], [ -121.967869, 37.151317 ], [ -121.968103, 37.151284 ], [ -121.968316, 37.151202 ], [ -121.968926, 37.150833 ], [ -121.969118, 37.15041 ], [ -121.969208, 37.150295 ], [ -121.969468, 37.150108 ], [ -121.96986, 37.149888 ], [ -121.970381, 37.149613 ], [ -121.97091, 37.14941 ], [ -121.971218, 37.149228 ], [ -121.9715, 37.148986 ], [ -121.971699, 37.148739 ], [ -121.971994, 37.148508 ], [ -121.972728, 37.148091 ], [ -121.973785, 37.147815 ], [ -121.974018, 37.147788 ], [ -121.974361, 37.147634 ], [ -121.974471, 37.147464 ], [ -121.974505, 37.147111 ], [ -121.974644, 37.146831 ], [ -121.975101, 37.146348 ], [ -121.974672, 37.146327 ], [ -121.974106, 37.146395 ], [ -121.973945, 37.146342 ], [ -121.973863, 37.146358 ], [ -121.972999, 37.146081 ], [ -121.972887, 37.146013 ], [ -121.972749, 37.145842 ], [ -121.972702, 37.145448 ], [ -121.972591, 37.145388 ], [ -121.972343, 37.145351 ], [ -121.972194, 37.145237 ], [ -121.972113, 37.145055 ], [ -121.97212, 37.144834 ], [ -121.972176, 37.144756 ], [ -121.972366, 37.144643 ], [ -121.97297, 37.14441 ], [ -121.97334, 37.1443 ], [ -121.97362, 37.14426 ], [ -121.974282, 37.144324 ], [ -121.974529, 37.144291 ], [ -121.974656, 37.144137 ], [ -121.974593, 37.143861 ], [ -121.97381, 37.143207 ], [ -121.973764, 37.142849 ], [ -121.973639, 37.142445 ], [ -121.97314, 37.14185 ], [ -121.973134, 37.141653 ], [ -121.973617, 37.141665 ], [ -121.973638, 37.141931 ], [ -121.975013, 37.14231 ], [ -121.975023, 37.14172 ], [ -121.976103, 37.141745 ], [ -121.97692, 37.142005 ], [ -121.977529, 37.141733 ], [ -121.978537, 37.141913 ], [ -121.97928, 37.142103 ], [ -121.979833, 37.142348 ], [ -121.979957, 37.142296 ], [ -121.980367, 37.142257 ], [ -121.980836, 37.142282 ], [ -121.983251, 37.143189 ], [ -121.983885, 37.143551 ], [ -121.984061, 37.143734 ], [ -121.984928, 37.143206 ], [ -121.985605, 37.143339 ], [ -121.985605, 37.143682 ], [ -121.985764, 37.144337 ], [ -121.985887, 37.144608 ], [ -121.986346, 37.144568 ], [ -121.986677, 37.144632 ], [ -121.987152, 37.144819 ], [ -121.987316, 37.144804 ], [ -121.987478, 37.144658 ], [ -121.987682, 37.144336 ], [ -121.988007, 37.144025 ], [ -121.988387, 37.143826 ], [ -121.988602, 37.143779 ], [ -121.98916, 37.14379 ], [ -121.98973, 37.14393 ], [ -121.99068, 37.14426 ], [ -121.99109, 37.14427 ], [ -121.991853, 37.145594 ], [ -121.99295, 37.147176 ], [ -121.993065, 37.147438 ], [ -121.99335, 37.1479 ], [ -121.99335, 37.14845 ], [ -121.99364, 37.14892 ], [ -121.99406, 37.14972 ], [ -121.99416, 37.14985 ], [ -121.99514, 37.15062 ], [ -121.99556, 37.15101 ], [ -121.99657, 37.15155 ], [ -121.997529, 37.152298 ], [ -121.99785, 37.15251 ], [ -121.998018, 37.152748 ], [ -121.998027, 37.153055 ], [ -121.998059, 37.153175 ], [ -121.998184, 37.153339 ], [ -121.998342, 37.153409 ], [ -121.998698, 37.153415 ], [ -121.998916, 37.153459 ], [ -121.999094, 37.153617 ], [ -121.999344, 37.154177 ], [ -121.999901, 37.154403 ], [ -122.000047, 37.154495 ], [ -122.001086, 37.156323 ], [ -122.001078, 37.156408 ], [ -122.001218, 37.156843 ], [ -122.001317, 37.157329 ], [ -122.001427, 37.157431 ], [ -122.002088, 37.157764 ], [ -122.002386, 37.158229 ], [ -122.002675, 37.158395 ], [ -122.002934, 37.158458 ], [ -122.003344, 37.158381 ], [ -122.003852, 37.158384 ], [ -122.00411, 37.158447 ], [ -122.004573, 37.158653 ], [ -122.004755, 37.158616 ], [ -122.005068, 37.158434 ], [ -122.005838, 37.15828 ], [ -122.006059, 37.158694 ], [ -122.006391, 37.158746 ], [ -122.006498, 37.158805 ], [ -122.0066, 37.159085 ], [ -122.006703, 37.159263 ], [ -122.006754, 37.159295 ], [ -122.007217, 37.159307 ], [ -122.007548, 37.159382 ], [ -122.007819, 37.159492 ], [ -122.007922, 37.159583 ], [ -122.007994, 37.159712 ], [ -122.008133, 37.159821 ], [ -122.008703, 37.159723 ], [ -122.008935, 37.159735 ], [ -122.009041, 37.159792 ], [ -122.009557, 37.160239 ], [ -122.009891, 37.160349 ], [ -122.009931, 37.160571 ], [ -122.010214, 37.160846 ], [ -122.010536, 37.160947 ], [ -122.010995, 37.160949 ], [ -122.011346, 37.161426 ], [ -122.011511, 37.161764 ], [ -122.011587, 37.162035 ], [ -122.012415, 37.162055 ], [ -122.01281, 37.16217 ], [ -122.0132, 37.16236 ], [ -122.01332, 37.16251 ], [ -122.01357, 37.1626 ], [ -122.01379, 37.16276 ], [ -122.013682, 37.163018 ], [ -122.013706, 37.163237 ], [ -122.013771, 37.163306 ], [ -122.014148, 37.163526 ], [ -122.014296, 37.163893 ], [ -122.014474, 37.164132 ], [ -122.014652, 37.164281 ], [ -122.015078, 37.164769 ], [ -122.015946, 37.165658 ], [ -122.015806, 37.165782 ], [ -122.015641, 37.166036 ], [ -122.015462, 37.166511 ], [ -122.015637, 37.166929 ], [ -122.015715, 37.167282 ], [ -122.015768, 37.167805 ], [ -122.01611, 37.168402 ], [ -122.016326, 37.169034 ], [ -122.016196, 37.169298 ] ] ] } },
{ "type": "Feature", "properties": { "place": "Live Oak", "place_kind": "cdp", "county": "Santa Cruz" }, "geometry": { "type": "Polygon", "coordinates": [ [ [ -122.001035, 36.968211 ], [ -122.000268, 36.969168 ], [ -121.999592, 36.970611 ], [ -121.999219, 36.971495 ], [ -121.99893, 36.971889 ], [ -121.998428, 36.972204 ], [ -121.99775, 36.973506 ], [ -121.997528, 36.973436 ], [ -121.99771, 36.97363 ], [ -121.997821, 36.973683 ], [ -121.997835, 36.973763 ], [ -121.996595, 36.976297 ], [ -121.996028, 36.976089 ], [ -121.995553, 36.97737 ], [ -121.995368, 36.977365 ], [ -121.995251, 36.977514 ], [ -121.995009, 36.978022 ], [ -121.995514, 36.978215 ], [ -121.995341, 36.978636 ], [ -121.994698, 36.979306 ], [ -121.99447, 36.979232 ], [ -121.994331, 36.979407 ], [ -121.994579, 36.979542 ], [ -121.994806, 36.979777 ], [ -121.995143, 36.97996 ], [ -121.995519, 36.980259 ], [ -121.9958, 36.980592 ], [ -121.996126, 36.981241 ], [ -121.996013, 36.981334 ], [ -121.995789, 36.981708 ], [ -121.995085, 36.982261 ], [ -121.994952, 36.982261 ], [ -121.994841, 36.982165 ], [ -121.994418, 36.98278 ], [ -121.994368, 36.982935 ], [ -121.994831, 36.983465 ], [ -121.994546, 36.983691 ], [ -121.993378, 36.984445 ], [ -121.992312, 36.984836 ], [ -121.992128, 36.984918 ], [ -121.991817, 36.985122 ], [ -121.991399, 36.985302 ], [ -121.991246, 36.985322 ], [ -121.991185, 36.985493 ], [ -121.990563, 36.985835 ], [ -121.990422, 36.985956 ], [ -121.989813, 36.986495 ], [ -121.989569, 36.987016 ], [ -121.989661, 36.987179 ], [ -121.989797, 36.987183 ], [ -121.989196, 36.987854 ], [ -121.988742, 36.988303 ], [ -121.988698, 36.9883 ], [ -121.988614, 36.988431 ], [ -121.987705, 36.989479 ], [ -121.98737, 36.989925 ], [ -121.987259, 36.991322 ], [ -121.986974, 36.991476 ], [ -121.986753, 36.991747 ], [ -121.986779, 36.991898 ], [ -121.986714, 36.992199 ], [ -121.986876, 36.992562 ], [ -121.986954, 36.992599 ], [ -121.987078, 36.992827 ], [ -121.987156, 36.992853 ], [ -121.987279, 36.993097 ], [ -121.987298, 36.993285 ], [ -121.987448, 36.993653 ], [ -121.987714, 36.993917 ], [ -121.987903, 36.994255 ], [ -121.988025, 36.994665 ], [ -121.988279, 36.995086 ], [ -121.987869, 36.99509 ], [ -121.987689, 36.994965 ], [ -121.987441, 36.995054 ], [ -121.987435, 36.995303 ], [ -121.987248, 36.996612 ], [ -121.987076, 36.997282 ], [ -121.986843, 36.997869 ], [ -121.986833, 36.998377 ], [ -121.986792, 36.998717 ], [ -121.986637, 36.998977 ], [ -121.986243, 36.999359 ], [ -121.985999, 36.999655 ], [ -121.985731, 37.000029 ], [ -121.985519, 37.000447 ], [ -121.985406, 37.0007 ], [ -121.985307, 37.001123 ], [ -121.985225, 37.001869 ], [ -121.985093, 37.002367 ], [ -121.984916, 37.002776 ], [ -121.984404, 37.003591 ], [ -121.98399, 37.003901 ], [ -121.983894, 37.004017 ], [ -121.983525, 37.004665 ], [ -121.983265, 37.004847 ], [ -121.983052, 37.005056 ], [ -121.982779, 37.005495 ], [ -121.982703, 37.005677 ], [ -121.982464, 37.006012 ], [ -121.982334, 37.006094 ], [ -121.981744, 37.006183 ], [ -121.981511, 37.006281 ], [ -121.981053, 37.006606 ], [ -121.980587, 37.006996 ], [ -121.980491, 37.007166 ], [ -121.979587, 37.008117 ], [ -121.979197, 37.008628 ], [ -121.979128, 37.008793 ], [ -121.979115, 37.0092 ], [ -121.978814, 37.009524 ], [ -121.978536, 37.009959 ], [ -121.975825, 37.01099 ], [ -121.975674, 37.011202 ], [ -121.975384, 37.011764 ], [ -121.975251, 37.011661 ], [ -121.975088, 37.011626 ], [ -121.974391, 37.01164 ], [ -121.973781, 37.011959 ], [ -121.973395, 37.012352 ], [ -121.973343, 37.012704 ], [ -121.973609, 37.013173 ], [ -121.973414, 37.013341 ], [ -121.973151, 37.01331 ], [ -121.972795, 37.01314 ], [ -121.971969, 37.01247 ], [ -121.971678, 37.01212 ], [ -121.971451, 37.012055 ], [ -121.971009, 37.01205 ], [ -121.970881, 37.011992 ], [ -121.970607, 37.011771 ], [ -121.970263, 37.011705 ], [ -121.970203, 37.011568 ], [ -121.970199, 37.010678 ], [ -121.969924, 37.009675 ], [ -121.969916, 37.009457 ], [ -121.969991, 37.008847 ], [ -121.970044, 37.008647 ], [ -121.970401, 37.007931 ], [ -121.970444, 37.007777 ], [ -121.97048, 37.007395 ], [ -121.970326, 37.007038 ], [ -121.970024, 37.006624 ], [ -121.969853, 37.006475 ], [ -121.969745, 37.006431 ], [ -121.969624, 37.006434 ], [ -121.969288, 37.006552 ], [ -121.968999, 37.006467 ], [ -121.969182, 37.006282 ], [ -121.969343, 37.006023 ], [ -121.969777, 37.005099 ], [ -121.969889, 37.004691 ], [ -121.969906, 37.00389 ], [ -121.969846, 37.003438 ], [ -121.969496, 37.002528 ], [ -121.969485, 37.002384 ], [ -121.970212, 37.000551 ], [ -121.970128, 37.000077 ], [ -121.970231, 36.999676 ], [ -121.970463, 36.999013 ], [ -121.970396, 36.99849 ], [ -121.970409, 36.998382 ], [ -121.970629, 36.997623 ], [ -121.970914, 36.997073 ], [ -121.970863, 36.996836 ], [ -121.970455, 36.995848 ], [ -121.970356, 36.995396 ], [ -121.970387, 36.995051 ], [ -121.970467, 36.994698 ], [ -121.970688, 36.994163 ], [ -121.970756, 36.993921 ], [ -121.970778, 36.993669 ], [ -121.970757, 36.993122 ], [ -121.970811, 36.992854 ], [ -121.97094, 36.992574 ], [ -121.970951, 36.992405 ], [ -121.970898, 36.992204 ], [ -121.970786, 36.992022 ], [ -121.970525, 36.991796 ], [ -121.970206, 36.991581 ], [ -121.970065, 36.991419 ], [ -121.969994, 36.991241 ], [ -121.969996, 36.990964 ], [ -121.970175, 36.990379 ], [ -121.970168, 36.990152 ], [ -121.970113, 36.989976 ], [ -121.969929, 36.98968 ], [ -121.969904, 36.989502 ], [ -121.969943, 36.989161 ], [ -121.969922, 36.988958 ], [ -121.969695, 36.9883 ], [ -121.96954, 36.98801 ], [ -121.969508, 36.987848 ], [ -121.969553, 36.987595 ], [ -121.970247, 36.987724 ], [ -121.970282, 36.987365 ], [ -121.970506, 36.987163 ], [ -121.970714, 36.987051 ], [ -121.97128, 36.986564 ], [ -121.971286, 36.986426 ], [ -121.97125, 36.986303 ], [ -121.97083, 36.985647 ], [ -121.970745, 36.985396 ], [ -121.970767, 36.985162 ], [ -121.970845, 36.984972 ], [ -121.971217, 36.984645 ], [ -121.9712, 36.984088 ], [ -121.971119, 36.983501 ], [ -121.971059, 36.983241 ], [ -121.969713, 36.982993 ], [ -121.968688, 36.982882 ], [ -121.965518, 36.982722 ], [ -121.965491, 36.981109 ], [ -121.965552, 36.981109 ], [ -121.965567, 36.979607 ], [ -121.966017, 36.97958 ], [ -121.968022, 36.979585 ], [ -121.968042, 36.980413 ], [ -121.970054, 36.980397 ], [ -121.970043, 36.979879 ], [ -121.970782, 36.979882 ], [ -121.971182, 36.978103 ], [ -121.970815, 36.978049 ], [ -121.97085, 36.977866 ], [ -121.97086, 36.977465 ], [ -121.970825, 36.977279 ], [ -121.970736, 36.977291 ], [ -121.970587, 36.976767 ], [ -121.970577, 36.976394 ], [ -121.970618, 36.976117 ], [ -121.969615, 36.976026 ], [ -121.96992, 36.974623 ], [ -121.970915, 36.974715 ], [ -121.971108, 36.973814 ], [ -121.972071, 36.973812 ], [ -121.971846, 36.974884 ], [ -121.972974, 36.974868 ], [ -121.973167, 36.974 ], [ -121.973222, 36.973613 ], [ -121.973228, 36.973079 ], [ -121.972736, 36.973084 ], [ -121.972729, 36.972708 ], [ -121.971517, 36.972722 ], [ -121.971523, 36.97318 ], [ -121.97047, 36.973161 ], [ -121.970466, 36.972629 ], [ -121.96953, 36.972641 ], [ -121.969535, 36.973086 ], [ -121.969103, 36.97309 ], [ -121.969106, 36.973136 ], [ -121.968568, 36.973143 ], [ -121.968557, 36.972905 ], [ -121.968287, 36.972906 ], [ -121.968251, 36.969972 ], [ -121.968093, 36.969973 ], [ -121.968092, 36.969927 ], [ -121.96739, 36.969932 ], [ -121.967386, 36.968839 ], [ -121.965411, 36.968851 ], [ -121.965405, 36.968435 ], [ -121.96565, 36.968432 ], [ -121.965642, 36.968069 ], [ -121.971369, 36.967527 ], [ -121.972773, 36.967431 ], [ -121.973511, 36.967429 ], [ -121.975436, 36.96769 ], [ -121.985675, 36.969331 ], [ -121.987132, 36.969519 ], [ -121.989945, 36.969579 ], [ -121.994447, 36.969617 ], [ -121.995004, 36.969595 ], [ -121.995591, 36.969517 ], [ -122.000193, 36.968361 ], [ -122.001035, 36.968211 ] ] ] } },
{ "type": "Feature", "properties": { "place": "Loma Mar", "place_kind": "cdp", "county": "Santa Cruz" }, "geometry": { "type": "Polygon", "coordinates": [ [ [ -122.31515, 37.26034 ], [ -122.313667, 37.262318 ], [ -122.313747, 37.262414 ], [ -122.313782, 37.262568 ], [ -122.313754, 37.262903 ], [ -122.313637, 37.263562 ], [ -122.313589, 37.264518 ], [ -122.313493, 37.265425 ], [ -122.313541, 37.265656 ], [ -122.313644, 37.265903 ], [ -122.31418, 37.266606 ], [ -122.314284, 37.266826 ], [ -122.314277, 37.267062 ], [ -122.31438, 37.267711 ], [ -122.314385, 37.26853 ], [ -122.312813, 37.269774 ], [ -122.312823, 37.269817 ], [ -122.312747, 37.270013 ], [ -122.312663, 37.270111 ], [ -122.312212, 37.270351 ], [ -122.311973, 37.270566 ], [ -122.311459, 37.270696 ], [ -122.31103, 37.270675 ], [ -122.310595, 37.270795 ], [ -122.31028, 37.271157 ], [ -122.310078, 37.2716 ], [ -122.309574, 37.272231 ], [ -122.309571, 37.272455 ], [ -122.30925, 37.272485 ], [ -122.309157, 37.27272 ], [ -122.309217, 37.27347 ], [ -122.309349, 37.27428 ], [ -122.309581, 37.275143 ], [ -122.309828, 37.2757 ], [ -122.309085, 37.275277 ], [ -122.308473, 37.275068 ], [ -122.308233, 37.274914 ], [ -122.307958, 37.274788 ], [ -122.307325, 37.274348 ], [ -122.306816, 37.274117 ], [ -122.306616, 37.273977 ], [ -122.306446, 37.274055 ], [ -122.306201, 37.274103 ], [ -122.304429, 37.274038 ], [ -122.301674, 37.274236 ], [ -122.301467, 37.274291 ], [ -122.301308, 37.274378 ], [ -122.300701, 37.274888 ], [ -122.299893, 37.275157 ], [ -122.299753, 37.275282 ], [ -122.299589, 37.275575 ], [ -122.298857, 37.276083 ], [ -122.298646, 37.276132 ], [ -122.298426, 37.276124 ], [ -122.297727, 37.275906 ], [ -122.297541, 37.275915 ], [ -122.297379, 37.275975 ], [ -122.297246, 37.27609 ], [ -122.296756, 37.276841 ], [ -122.296365, 37.277269 ], [ -122.296089, 37.277486 ], [ -122.294745, 37.278272 ], [ -122.294583, 37.278333 ], [ -122.29417, 37.278246 ], [ -122.293607, 37.278028 ], [ -122.292739, 37.277455 ], [ -122.29197, 37.276713 ], [ -122.291781, 37.276565 ], [ -122.291337, 37.276359 ], [ -122.291104, 37.276319 ], [ -122.290594, 37.276139 ], [ -122.290196, 37.276101 ], [ -122.289939, 37.276156 ], [ -122.289131, 37.276445 ], [ -122.28804, 37.276745 ], [ -122.287385, 37.276772 ], [ -122.28721, 37.276731 ], [ -122.287138, 37.276592 ], [ -122.286828, 37.276335 ], [ -122.286557, 37.275985 ], [ -122.285908, 37.274964 ], [ -122.285555, 37.274336 ], [ -122.285328, 37.273758 ], [ -122.285301, 37.273587 ], [ -122.285323, 37.273429 ], [ -122.285495, 37.273143 ], [ -122.285822, 37.272942 ], [ -122.287117, 37.272542 ], [ -122.28765, 37.272469 ], [ -122.288196, 37.272528 ], [ -122.288579, 37.272426 ], [ -122.289141, 37.272084 ], [ -122.289691, 37.271953 ], [ -122.290693, 37.272153 ], [ -122.291927, 37.272082 ], [ -122.292548, 37.271908 ], [ -122.292907, 37.271878 ], [ -122.292653, 37.27139 ], [ -122.292653, 37.271165 ], [ -122.292564, 37.270873 ], [ -122.292468, 37.270165 ], [ -122.292282, 37.269599 ], [ -122.29222, 37.2695 ], [ -122.291918, 37.269203 ], [ -122.291478, 37.268879 ], [ -122.291354, 37.268736 ], [ -122.290612, 37.26762 ], [ -122.290468, 37.267263 ], [ -122.290461, 37.266999 ], [ -122.290241, 37.266565 ], [ -122.290035, 37.265933 ], [ -122.290028, 37.265796 ], [ -122.290145, 37.265395 ], [ -122.290159, 37.265241 ], [ -122.290056, 37.265021 ], [ -122.289705, 37.264647 ], [ -122.289183, 37.264213 ], [ -122.289053, 37.263834 ], [ -122.288853, 37.263488 ], [ -122.288819, 37.263087 ], [ -122.288847, 37.262988 ], [ -122.288785, 37.262554 ], [ -122.288778, 37.262257 ], [ -122.288819, 37.262076 ], [ -122.288813, 37.26179 ], [ -122.288881, 37.261263 ], [ -122.288971, 37.260988 ], [ -122.289061, 37.260367 ], [ -122.289301, 37.259686 ], [ -122.289315, 37.259471 ], [ -122.290311, 37.255704 ], [ -122.29124, 37.255681 ], [ -122.291451, 37.255711 ], [ -122.29165, 37.25577 ], [ -122.292086, 37.256005 ], [ -122.292613, 37.255799 ], [ -122.293404, 37.255711 ], [ -122.293801, 37.255722 ], [ -122.294274, 37.255853 ], [ -122.294673, 37.255898 ], [ -122.295714, 37.25615 ], [ -122.296168, 37.256158 ], [ -122.296776, 37.256385 ], [ -122.297278, 37.256672 ], [ -122.29747, 37.25671 ], [ -122.297952, 37.25669 ], [ -122.298207, 37.256722 ], [ -122.298673, 37.256889 ], [ -122.299036, 37.257115 ], [ -122.299576, 37.257256 ], [ -122.299749, 37.25726 ], [ -122.300043, 37.257167 ], [ -122.300357, 37.256947 ], [ -122.30089, 37.256692 ], [ -122.301288, 37.256427 ], [ -122.302523, 37.256414 ], [ -122.302835, 37.256329 ], [ -122.302974, 37.256256 ], [ -122.303014, 37.256199 ], [ -122.303106, 37.256022 ], [ -122.303161, 37.255783 ], [ -122.303841, 37.255819 ], [ -122.304042, 37.255766 ], [ -122.304105, 37.255787 ], [ -122.304231, 37.255745 ], [ -122.304326, 37.255756 ], [ -122.304463, 37.255682 ], [ -122.304579, 37.255671 ], [ -122.304695, 37.255618 ], [ -122.304864, 37.255429 ], [ -122.305127, 37.255281 ], [ -122.30538, 37.25487 ], [ -122.305507, 37.254807 ], [ -122.305739, 37.254765 ], [ -122.306139, 37.254849 ], [ -122.307298, 37.255207 ], [ -122.307836, 37.255597 ], [ -122.308395, 37.255829 ], [ -122.3087, 37.255998 ], [ -122.309016, 37.256051 ], [ -122.309343, 37.256167 ], [ -122.309491, 37.256272 ], [ -122.309564, 37.256367 ], [ -122.309807, 37.256483 ], [ -122.310734, 37.256767 ], [ -122.311293, 37.257052 ], [ -122.311799, 37.257189 ], [ -122.311957, 37.257579 ], [ -122.312083, 37.257716 ], [ -122.312189, 37.257769 ], [ -122.312631, 37.257747 ], [ -122.312916, 37.257811 ], [ -122.313211, 37.258 ], [ -122.313464, 37.258211 ], [ -122.313569, 37.258475 ], [ -122.313664, 37.258601 ], [ -122.314096, 37.258875 ], [ -122.31437, 37.25916 ], [ -122.314708, 37.259434 ], [ -122.31495, 37.259782 ], [ -122.315034, 37.260151 ], [ -122.31515, 37.26034 ] ] ] } },
{ "type": "Feature", "properties": { "place": "Lompico", "place_kind": "cdp", "county": "Santa Cruz" }, "geometry": { "type": "Polygon", "coordinates": [ [ [ -122.0754, 37.099125 ], [ -122.075187, 37.099504 ], [ -122.075166, 37.099663 ], [ -122.074446, 37.100757 ], [ -122.073575, 37.103037 ], [ -122.073026, 37.102653 ], [ -122.072251, 37.102175 ], [ -122.072327, 37.102026 ], [ -122.072313, 37.101966 ], [ -122.072258, 37.101927 ], [ -122.071984, 37.101993 ], [ -122.07186, 37.102065 ], [ -122.070968, 37.102752 ], [ -122.070886, 37.103103 ], [ -122.071133, 37.103092 ], [ -122.071202, 37.10312 ], [ -122.07125, 37.103197 ], [ -122.071243, 37.103246 ], [ -122.070914, 37.103471 ], [ -122.070474, 37.104059 ], [ -122.070262, 37.104213 ], [ -122.069802, 37.1044 ], [ -122.069768, 37.104466 ], [ -122.069713, 37.104702 ], [ -122.06985, 37.104906 ], [ -122.069843, 37.105175 ], [ -122.069905, 37.105378 ], [ -122.07007, 37.105686 ], [ -122.070118, 37.105851 ], [ -122.070083, 37.105983 ], [ -122.069548, 37.106213 ], [ -122.068725, 37.106362 ], [ -122.068506, 37.106505 ], [ -122.068087, 37.106631 ], [ -122.067792, 37.106933 ], [ -122.067429, 37.107032 ], [ -122.067285, 37.107136 ], [ -122.066852, 37.107274 ], [ -122.066708, 37.107378 ], [ -122.066585, 37.107686 ], [ -122.066502, 37.107774 ], [ -122.066159, 37.10801 ], [ -122.065645, 37.108543 ], [ -122.065466, 37.108658 ], [ -122.065597, 37.108933 ], [ -122.065652, 37.109224 ], [ -122.065631, 37.109367 ], [ -122.065487, 37.109571 ], [ -122.065487, 37.109686 ], [ -122.065439, 37.109757 ], [ -122.065309, 37.109724 ], [ -122.065089, 37.109444 ], [ -122.065034, 37.109439 ], [ -122.064979, 37.109472 ], [ -122.064719, 37.109928 ], [ -122.064417, 37.110082 ], [ -122.064238, 37.110224 ], [ -122.063916, 37.11034 ], [ -122.063813, 37.110406 ], [ -122.063799, 37.110466 ], [ -122.063964, 37.110527 ], [ -122.0647, 37.110569 ], [ -122.064701, 37.110757 ], [ -122.064854, 37.110821 ], [ -122.06491, 37.110929 ], [ -122.064892, 37.111033 ], [ -122.065004, 37.110943 ], [ -122.06502, 37.111109 ], [ -122.064924, 37.111246 ], [ -122.064417, 37.111741 ], [ -122.064252, 37.111829 ], [ -122.064149, 37.111834 ], [ -122.063998, 37.11179 ], [ -122.063552, 37.111845 ], [ -122.063449, 37.111889 ], [ -122.063394, 37.111955 ], [ -122.063484, 37.112213 ], [ -122.063463, 37.112312 ], [ -122.063367, 37.112411 ], [ -122.063387, 37.112565 ], [ -122.063271, 37.112664 ], [ -122.063216, 37.112812 ], [ -122.063017, 37.113005 ], [ -122.062797, 37.113115 ], [ -122.062619, 37.113137 ], [ -122.062386, 37.113076 ], [ -122.06218, 37.113071 ], [ -122.061782, 37.11329 ], [ -122.061679, 37.113472 ], [ -122.061267, 37.11384 ], [ -122.061274, 37.113911 ], [ -122.06146, 37.114087 ], [ -122.061528, 37.114252 ], [ -122.061809, 37.114505 ], [ -122.061713, 37.114615 ], [ -122.061453, 37.114702 ], [ -122.061377, 37.114796 ], [ -122.061233, 37.114884 ], [ -122.060931, 37.114955 ], [ -122.060471, 37.115016 ], [ -122.060012, 37.114999 ], [ -122.060032, 37.115065 ], [ -122.060115, 37.11512 ], [ -122.060705, 37.115389 ], [ -122.060725, 37.115631 ], [ -122.060842, 37.115801 ], [ -122.060842, 37.115983 ], [ -122.060917, 37.116115 ], [ -122.060849, 37.116197 ], [ -122.06076, 37.116224 ], [ -122.060581, 37.116202 ], [ -122.060389, 37.116395 ], [ -122.060197, 37.116488 ], [ -122.060156, 37.116565 ], [ -122.060293, 37.11673 ], [ -122.06043, 37.116977 ], [ -122.060423, 37.117038 ], [ -122.060286, 37.117142 ], [ -122.06019, 37.117318 ], [ -122.060108, 37.117351 ], [ -122.059819, 37.117373 ], [ -122.059648, 37.117477 ], [ -122.059847, 37.117593 ], [ -122.060128, 37.117648 ], [ -122.060862, 37.118203 ], [ -122.060951, 37.118389 ], [ -122.060999, 37.118631 ], [ -122.061089, 37.118741 ], [ -122.061157, 37.118961 ], [ -122.06115, 37.11923 ], [ -122.061109, 37.119411 ], [ -122.060965, 37.119692 ], [ -122.060656, 37.119867 ], [ -122.0601, 37.120032 ], [ -122.060107, 37.120082 ], [ -122.060203, 37.120137 ], [ -122.060512, 37.120186 ], [ -122.06115, 37.120219 ], [ -122.061294, 37.120389 ], [ -122.06126, 37.120477 ], [ -122.061095, 37.120648 ], [ -122.061178, 37.121131 ], [ -122.061301, 37.121499 ], [ -122.061212, 37.121758 ], [ -122.061404, 37.122071 ], [ -122.061438, 37.122362 ], [ -122.061438, 37.122576 ], [ -122.061397, 37.122752 ], [ -122.061273, 37.122977 ], [ -122.061294, 37.12306 ], [ -122.06137, 37.123142 ], [ -122.061376, 37.123214 ], [ -122.061109, 37.123659 ], [ -122.061013, 37.123758 ], [ -122.060875, 37.123807 ], [ -122.060917, 37.124065 ], [ -122.060848, 37.124181 ], [ -122.060134, 37.124895 ], [ -122.060333, 37.124873 ], [ -122.060416, 37.124895 ], [ -122.060425, 37.124944 ], [ -122.06039, 37.125324 ], [ -122.060232, 37.125604 ], [ -122.059732, 37.125818 ], [ -122.059409, 37.125851 ], [ -122.059224, 37.125988 ], [ -122.058936, 37.125955 ], [ -122.058791, 37.126016 ], [ -122.058709, 37.126065 ], [ -122.05864, 37.126285 ], [ -122.058661, 37.126357 ], [ -122.058531, 37.126466 ], [ -122.058263, 37.126857 ], [ -122.058174, 37.126933 ], [ -122.058057, 37.126961 ], [ -122.05759, 37.126939 ], [ -122.05722, 37.127054 ], [ -122.056561, 37.12773 ], [ -122.056211, 37.127823 ], [ -122.056074, 37.127829 ], [ -122.055856, 37.127983 ], [ -122.03285, 37.127828 ], [ -122.033787, 37.126827 ], [ -122.035813, 37.125173 ], [ -122.036826, 37.12361 ], [ -122.038231, 37.120581 ], [ -122.039307, 37.119166 ], [ -122.039545, 37.118128 ], [ -122.038237, 37.113717 ], [ -122.037766, 37.10627 ], [ -122.040799, 37.101912 ], [ -122.044498, 37.096201 ], [ -122.048893, 37.090886 ], [ -122.057568, 37.090886 ], [ -122.057678, 37.098688 ], [ -122.059271, 37.098764 ], [ -122.059262, 37.098573 ], [ -122.059119, 37.097882 ], [ -122.059129, 37.097697 ], [ -122.05957, 37.096734 ], [ -122.059615, 37.0965 ], [ -122.059569, 37.096308 ], [ -122.059475, 37.096189 ], [ -122.059431, 37.096056 ], [ -122.059513, 37.095989 ], [ -122.059747, 37.096052 ], [ -122.060004, 37.096029 ], [ -122.060301, 37.095878 ], [ -122.06054, 37.095808 ], [ -122.061098, 37.095794 ], [ -122.061737, 37.095732 ], [ -122.062682, 37.095798 ], [ -122.06344, 37.096009 ], [ -122.063709, 37.096152 ], [ -122.064512, 37.096755 ], [ -122.064656, 37.096899 ], [ -122.064718, 37.097092 ], [ -122.064736, 37.097607 ], [ -122.064639, 37.098078 ], [ -122.064522, 37.098207 ], [ -122.064059, 37.098352 ], [ -122.063954, 37.098454 ], [ -122.06388, 37.098701 ], [ -122.063916, 37.098823 ], [ -122.064004, 37.098875 ], [ -122.064538, 37.098922 ], [ -122.065233, 37.098708 ], [ -122.065782, 37.098603 ], [ -122.06891, 37.097515 ], [ -122.069219, 37.09751 ], [ -122.0695, 37.097455 ], [ -122.070351, 37.097521 ], [ -122.071083, 37.097686 ], [ -122.071665, 37.097648 ], [ -122.071813, 37.097547 ], [ -122.071942, 37.097331 ], [ -122.072147, 37.097135 ], [ -122.072416, 37.096971 ], [ -122.0727, 37.096871 ], [ -122.072831, 37.096774 ], [ -122.072986, 37.096479 ], [ -122.073028, 37.096711 ], [ -122.073444, 37.096883 ], [ -122.073801, 37.097262 ], [ -122.074521, 37.097922 ], [ -122.075152, 37.0984 ], [ -122.075242, 37.09851 ], [ -122.075386, 37.098812 ], [ -122.07542, 37.098944 ], [ -122.0754, 37.099125 ] ] ] } },
{ "type": "Feature", "properties": { "place": "Loyola", "place_kind": "cdp", "county": "Santa Cruz" }, "geometry": { "type": "MultiPolygon", "coordinates": [ [ [ [ -122.097628, 37.340545 ], [ -122.096858, 37.340791 ], [ -122.096357, 37.340194 ], [ -122.096169, 37.340094 ], [ -122.096228, 37.34003 ], [ -122.096697, 37.340065 ], [ -122.097375, 37.340049 ], [ -122.097628, 37.340545 ] ] ], [ [ [ -122.112843, 37.364332 ], [ -122.112212, 37.364743 ], [ -122.111823, 37.364457 ], [ -122.111441, 37.363918 ], [ -122.110712, 37.364445 ], [ -122.10949, 37.364347 ], [ -122.109438, 37.364385 ], [ -122.108865, 37.363903 ], [ -122.10866, 37.36382 ], [ -122.106853, 37.365357 ], [ -122.10589, 37.36633 ], [ -122.104676, 37.365836 ], [ -122.099079, 37.36151 ], [ -122.099408, 37.361237 ], [ -122.099426, 37.361065 ], [ -122.099539, 37.360914 ], [ -122.099735, 37.360849 ], [ -122.099826, 37.360782 ], [ -122.10014, 37.361012 ], [ -122.101405, 37.359963 ], [ -122.099911, 37.358815 ], [ -122.099991, 37.358651 ], [ -122.099648, 37.358373 ], [ -122.09793, 37.35976 ], [ -122.09777, 37.35983 ], [ -122.09702, 37.35994 ], [ -122.085538, 37.351068 ], [ -122.085914, 37.350474 ], [ -122.08599, 37.350195 ], [ -122.085652, 37.349826 ], [ -122.086013, 37.349175 ], [ -122.085855, 37.348849 ], [ -122.085626, 37.348646 ], [ -122.085642, 37.348544 ], [ -122.086084, 37.34835 ], [ -122.086195, 37.348216 ], [ -122.08619, 37.347928 ], [ -122.086595, 37.347948 ], [ -122.086791, 37.347347 ], [ -122.086975, 37.347247 ], [ -122.087411, 37.347296 ], [ -122.087531, 37.346824 ], [ -122.087499, 37.346797 ], [ -122.087504, 37.346509 ], [ -122.087673, 37.346324 ], [ -122.088014, 37.346253 ], [ -122.088136, 37.345932 ], [ -122.088828, 37.345802 ], [ -122.088906, 37.345604 ], [ -122.089412, 37.345156 ], [ -122.089427, 37.345029 ], [ -122.089719, 37.344969 ], [ -122.090187, 37.344816 ], [ -122.090232, 37.34448 ], [ -122.090381, 37.344338 ], [ -122.090594, 37.344255 ], [ -122.09048, 37.343977 ], [ -122.090526, 37.343788 ], [ -122.090307, 37.343443 ], [ -122.090712, 37.343238 ], [ -122.090676, 37.343099 ], [ -122.09084, 37.342822 ], [ -122.090678, 37.342722 ], [ -122.090921, 37.342536 ], [ -122.090983, 37.342382 ], [ -122.091008, 37.34239 ], [ -122.091004, 37.342291 ], [ -122.090887, 37.342085 ], [ -122.091083, 37.342052 ], [ -122.091388, 37.341819 ], [ -122.091711, 37.341505 ], [ -122.091856, 37.341225 ], [ -122.091945, 37.340687 ], [ -122.092165, 37.34034 ], [ -122.09233, 37.340165 ], [ -122.092309, 37.339972 ], [ -122.092213, 37.339912 ], [ -122.092151, 37.339818 ], [ -122.092334, 37.339077 ], [ -122.092536, 37.338923 ], [ -122.092722, 37.338599 ], [ -122.092845, 37.337659 ], [ -122.092811, 37.337522 ], [ -122.092756, 37.337401 ], [ -122.092591, 37.337258 ], [ -122.092315, 37.337209 ], [ -122.09182, 37.33706 ], [ -122.09171, 37.336956 ], [ -122.091262, 37.336368 ], [ -122.09098, 37.336116 ], [ -122.091, 37.33605 ], [ -122.09093, 37.33588 ], [ -122.09119, 37.33596 ], [ -122.0914, 37.33595 ], [ -122.09145, 37.33591 ], [ -122.09167, 37.33602 ], [ -122.09178, 37.33602 ], [ -122.09275, 37.3357 ], [ -122.09282, 37.33562 ], [ -122.09305, 37.33502 ], [ -122.09309, 37.33459 ], [ -122.0933, 37.33373 ], [ -122.09339, 37.33361 ], [ -122.0951, 37.33235 ], [ -122.09576, 37.33203 ], [ -122.09649, 37.33163 ], [ -122.09674, 37.33146 ], [ -122.09705, 37.33143 ], [ -122.09709, 37.33149 ], [ -122.09669, 37.3317 ], [ -122.09606, 37.33222 ], [ -122.09603, 37.33226 ], [ -122.09605, 37.3324 ], [ -122.09616, 37.33258 ], [ -122.09663, 37.33316 ], [ -122.09681, 37.33329 ], [ -122.09706, 37.33335 ], [ -122.09743, 37.33332 ], [ -122.09775, 37.33338 ], [ -122.098, 37.3335 ], [ -122.09873, 37.33403 ], [ -122.09878, 37.33411 ], [ -122.09878, 37.33433 ], [ -122.0986, 37.33475 ], [ -122.0984, 37.33506 ], [ -122.09839, 37.33515 ], [ -122.09844, 37.3354 ], [ -122.09854, 37.33561 ], [ -122.09872, 37.33582 ], [ -122.09933, 37.33623 ], [ -122.0995, 37.33632 ], [ -122.10025, 37.33659 ], [ -122.100462, 37.336752 ], [ -122.1009, 37.3375 ], [ -122.100943, 37.337805 ], [ -122.10083, 37.33779 ], [ -122.10045, 37.33789 ], [ -122.10017, 37.33783 ], [ -122.09993, 37.33783 ], [ -122.09981, 37.33786 ], [ -122.09961, 37.33797 ], [ -122.09942, 37.33799 ], [ -122.099341, 37.338288 ], [ -122.099457, 37.338381 ], [ -122.099276, 37.338669 ], [ -122.099491, 37.338774 ], [ -122.099914, 37.33884 ], [ -122.099849, 37.339322 ], [ -122.099638, 37.339692 ], [ -122.099429, 37.339905 ], [ -122.098517, 37.340153 ], [ -122.09819, 37.339717 ], [ -122.097669, 37.339805 ], [ -122.097379, 37.339959 ], [ -122.09672, 37.339998 ], [ -122.096241, 37.33997 ], [ -122.09616, 37.339787 ], [ -122.096405, 37.339778 ], [ -122.096747, 37.339298 ], [ -122.096646, 37.339051 ], [ -122.095769, 37.338986 ], [ -122.095721, 37.33872 ], [ -122.095557, 37.338653 ], [ -122.095123, 37.33877 ], [ -122.094944, 37.339006 ], [ -122.095115, 37.339216 ], [ -122.095581, 37.339375 ], [ -122.095285, 37.339719 ], [ -122.094589, 37.340072 ], [ -122.09564, 37.34079 ], [ -122.09582, 37.34095 ], [ -122.095894, 37.341181 ], [ -122.096203, 37.341391 ], [ -122.096833, 37.342021 ], [ -122.097995, 37.341115 ], [ -122.098136, 37.341077 ], [ -122.098558, 37.341095 ], [ -122.099269, 37.341271 ], [ -122.099602, 37.341198 ], [ -122.099822, 37.341054 ], [ -122.100696, 37.341838 ], [ -122.09897, 37.343239 ], [ -122.098919, 37.343788 ], [ -122.098525, 37.343973 ], [ -122.098346, 37.344343 ], [ -122.098303, 37.344601 ], [ -122.098437, 37.344959 ], [ -122.098759, 37.34489 ], [ -122.098917, 37.345128 ], [ -122.099176, 37.345296 ], [ -122.099348, 37.345277 ], [ -122.099471, 37.345116 ], [ -122.09959, 37.345049 ], [ -122.099689, 37.345068 ], [ -122.099798, 37.345136 ], [ -122.100435, 37.345956 ], [ -122.10045, 37.346047 ], [ -122.100408, 37.346182 ], [ -122.100178, 37.346453 ], [ -122.100987, 37.346835 ], [ -122.101083, 37.34671 ], [ -122.102586, 37.345475 ], [ -122.104214, 37.34673 ], [ -122.103824, 37.347054 ], [ -122.105483, 37.348323 ], [ -122.105719, 37.348141 ], [ -122.108503, 37.350233 ], [ -122.10863, 37.350296 ], [ -122.109284, 37.350818 ], [ -122.109661, 37.350437 ], [ -122.110097, 37.349724 ], [ -122.110178, 37.349667 ], [ -122.110719, 37.35004 ], [ -122.11049, 37.35024 ], [ -122.11001, 37.35099 ], [ -122.10982, 37.35135 ], [ -122.10973, 37.35148 ], [ -122.10954, 37.35163 ], [ -122.10845, 37.35227 ], [ -122.10779, 37.35271 ], [ -122.10616, 37.35354 ], [ -122.10416, 37.35472 ], [ -122.10366, 37.35506 ], [ -122.103398, 37.355311 ], [ -122.10335, 37.35532 ], [ -122.10243, 37.35609 ], [ -122.10325, 37.35678 ], [ -122.10453, 37.3577 ], [ -122.10495, 37.35806 ], [ -122.10586, 37.35893 ], [ -122.10769, 37.36047 ], [ -122.10844, 37.36088 ], [ -122.10996, 37.36179 ], [ -122.11055, 37.3621 ], [ -122.11114, 37.36233 ], [ -122.11144, 37.36253 ], [ -122.11173, 37.36288 ], [ -122.11268, 37.36417 ], [ -122.112843, 37.364332 ] ] ] ] } },
{ "type": "Feature", "properties": { "place": "Mount Hermon", "place_kind": "cdp", "county": "Santa Cruz" }, "geometry": { "type": "Polygon", "coordinates": [ [ [ -122.064358, 37.049028 ], [ -122.064236, 37.049588 ], [ -122.064096, 37.049928 ], [ -122.063712, 37.050602 ], [ -122.063306, 37.051456 ], [ -122.063094, 37.051757 ], [ -122.062262, 37.053155 ], [ -122.061833, 37.05362 ], [ -122.061017, 37.054385 ], [ -122.060812, 37.054753 ], [ -122.060692, 37.055059 ], [ -122.060628, 37.055254 ], [ -122.060536, 37.055759 ], [ -122.06036, 37.055772 ], [ -122.058438, 37.055761 ], [ -122.057658, 37.055711 ], [ -122.057353, 37.055646 ], [ -122.054847, 37.054817 ], [ -122.054597, 37.054783 ], [ -122.054007, 37.054782 ], [ -122.050787, 37.05517 ], [ -122.049534, 37.055362 ], [ -122.047248, 37.055912 ], [ -122.045083, 37.056475 ], [ -122.044246, 37.056554 ], [ -122.043658, 37.056507 ], [ -122.043129, 37.05637 ], [ -122.042611, 37.056123 ], [ -122.042259, 37.055871 ], [ -122.038646, 37.052937 ], [ -122.038359, 37.05263 ], [ -122.038191, 37.052392 ], [ -122.037307, 37.050802 ], [ -122.037786, 37.050643 ], [ -122.037464, 37.050246 ], [ -122.037891, 37.050066 ], [ -122.038296, 37.049732 ], [ -122.038512, 37.050428 ], [ -122.039831, 37.050474 ], [ -122.042369, 37.051848 ], [ -122.042845, 37.051866 ], [ -122.042915, 37.052923 ], [ -122.047479, 37.052817 ], [ -122.048431, 37.051355 ], [ -122.049664, 37.05139 ], [ -122.05049, 37.049628 ], [ -122.050381, 37.045196 ], [ -122.052281, 37.043393 ], [ -122.052814, 37.043728 ], [ -122.053815, 37.044272 ], [ -122.054505, 37.044693 ], [ -122.055566, 37.045501 ], [ -122.056819, 37.046389 ], [ -122.057198, 37.04656 ], [ -122.057806, 37.046712 ], [ -122.058167, 37.046781 ], [ -122.058562, 37.046803 ], [ -122.058821, 37.046778 ], [ -122.059191, 37.046675 ], [ -122.059608, 37.046425 ], [ -122.060246, 37.045812 ], [ -122.06056, 37.045698 ], [ -122.060862, 37.045644 ], [ -122.061655, 37.045588 ], [ -122.062018, 37.045624 ], [ -122.062348, 37.045728 ], [ -122.062681, 37.045947 ], [ -122.063194, 37.046381 ], [ -122.063352, 37.046529 ], [ -122.063675, 37.046924 ], [ -122.064333, 37.048084 ], [ -122.064358, 37.049028 ] ] ] } },
{ "type": "Feature", "properties": { "place": "Moss Landing", "place_kind": "cdp", "county": "Monterey" }, "geometry": { "type": "Polygon", "coordinates": [ [ [ -121.793222, 36.791245 ], [ -121.792795, 36.792047 ], [ -121.792688, 36.79281 ], [ -121.790994, 36.797884 ], [ -121.790536, 36.798639 ], [ -121.789896, 36.799799 ], [ -121.789239, 36.800699 ], [ -121.789178, 36.801355 ], [ -121.788599, 36.802827 ], [ -121.788278, 36.803994 ], [ -121.788309, 36.804299 ], [ -121.788263, 36.804551 ], [ -121.788354, 36.804826 ], [ -121.788522, 36.8051 ], [ -121.788782, 36.805665 ], [ -121.789026, 36.805772 ], [ -121.789454, 36.805762 ], [ -121.789827, 36.807661 ], [ -121.788997, 36.808217 ], [ -121.788832, 36.808389 ], [ -121.7887, 36.808604 ], [ -121.788628, 36.808837 ], [ -121.788616, 36.809077 ], [ -121.788746, 36.809873 ], [ -121.788904, 36.810416 ], [ -121.789647, 36.811928 ], [ -121.78971, 36.81216 ], [ -121.789751, 36.814052 ], [ -121.789788, 36.814349 ], [ -121.789978, 36.814846 ], [ -121.790108, 36.815504 ], [ -121.790062, 36.815739 ], [ -121.789901, 36.81607 ], [ -121.789736, 36.816267 ], [ -121.789429, 36.816527 ], [ -121.789168, 36.816673 ], [ -121.788875, 36.816772 ], [ -121.787912, 36.816866 ], [ -121.785877, 36.816935 ], [ -121.785496, 36.812102 ], [ -121.785431, 36.811779 ], [ -121.785267, 36.811254 ], [ -121.784101, 36.80847 ], [ -121.783825, 36.807271 ], [ -121.783719, 36.806556 ], [ -121.783699, 36.806196 ], [ -121.783721, 36.805248 ], [ -121.783813, 36.803722 ], [ -121.7838, 36.803254 ], [ -121.783763, 36.802904 ], [ -121.783215, 36.799835 ], [ -121.783158, 36.799279 ], [ -121.783162, 36.798824 ], [ -121.783685, 36.792543 ], [ -121.78369, 36.791915 ], [ -121.783594, 36.79101 ], [ -121.783958, 36.790906 ], [ -121.787549, 36.79021 ], [ -121.787985, 36.790189 ], [ -121.788998, 36.790277 ], [ -121.791888, 36.791018 ], [ -121.793222, 36.791245 ] ] ] } },
{ "type": "Feature", "properties": { "place": "Pajaro", "place_kind": "cdp", "county": "Monterey" }, "geometry": { "type": "Polygon", "coordinates": [ [ [ -121.754116, 36.902768 ], [ -121.753807, 36.903085 ], [ -121.7533, 36.903711 ], [ -121.752675, 36.904223 ], [ -121.752315, 36.904466 ], [ -121.751512, 36.905212 ], [ -121.747654, 36.907366 ], [ -121.747297, 36.907657 ], [ -121.747225, 36.907754 ], [ -121.747226, 36.907816 ], [ -121.747082, 36.907954 ], [ -121.746819, 36.908297 ], [ -121.746393, 36.908658 ], [ -121.746054, 36.90891 ], [ -121.745288, 36.909341 ], [ -121.745066, 36.909384 ], [ -121.744835, 36.909378 ], [ -121.74457, 36.909455 ], [ -121.744346, 36.909458 ], [ -121.743947, 36.909324 ], [ -121.743283, 36.909222 ], [ -121.742418, 36.909025 ], [ -121.741614, 36.908791 ], [ -121.739991, 36.908499 ], [ -121.738776, 36.908428 ], [ -121.737782, 36.908408 ], [ -121.736698, 36.908444 ], [ -121.736064, 36.908511 ], [ -121.736178, 36.904218 ], [ -121.734709, 36.904237 ], [ -121.72907, 36.904204 ], [ -121.728752, 36.901363 ], [ -121.728417, 36.898972 ], [ -121.732083, 36.898265 ], [ -121.735672, 36.897617 ], [ -121.735659, 36.896884 ], [ -121.735575, 36.89575 ], [ -121.73595, 36.896156 ], [ -121.736368, 36.896416 ], [ -121.736866, 36.896559 ], [ -121.737262, 36.896583 ], [ -121.737524, 36.896557 ], [ -121.742307, 36.895649 ], [ -121.742986, 36.895444 ], [ -121.743368, 36.895276 ], [ -121.743732, 36.895078 ], [ -121.744464, 36.89459 ], [ -121.74475, 36.894358 ], [ -121.745348, 36.893764 ], [ -121.745844, 36.893127 ], [ -121.746073, 36.892738 ], [ -121.746523, 36.891736 ], [ -121.746536, 36.891622 ], [ -121.746382, 36.891324 ], [ -121.74637, 36.891182 ], [ -121.746445, 36.891089 ], [ -121.74657, 36.891029 ], [ -121.746867, 36.891034 ], [ -121.747293, 36.890652 ], [ -121.747708, 36.895438 ], [ -121.748071, 36.895415 ], [ -121.748631, 36.895495 ], [ -121.749114, 36.895693 ], [ -121.749426, 36.895892 ], [ -121.749698, 36.896142 ], [ -121.749871, 36.896386 ], [ -121.750016, 36.896705 ], [ -121.750445, 36.899044 ], [ -121.750633, 36.899828 ], [ -121.7509, 36.900332 ], [ -121.75149, 36.900942 ], [ -121.752311, 36.901553 ], [ -121.753923, 36.902613 ], [ -121.754116, 36.902768 ] ] ] } },
{ "type": "Feature", "properties": { "place": "Pajaro Dunes", "place_kind": "cdp", "county": "Santa Cruz" }, "geometry": { "type": "Polygon", "coordinates": [ [ [ -121.827536, 36.879199 ], [ -121.826284, 36.880341 ], [ -121.825141, 36.884708 ], [ -121.82603, 36.885521 ], [ -121.82462, 36.886701 ], [ -121.82115, 36.884098 ], [ -121.819636, 36.882812 ], [ -121.815957, 36.880007 ], [ -121.814954, 36.881237 ], [ -121.814156, 36.882099 ], [ -121.812715, 36.883744 ], [ -121.81225, 36.884162 ], [ -121.811842, 36.884605 ], [ -121.810151, 36.885914 ], [ -121.807069, 36.887809 ], [ -121.806633, 36.888155 ], [ -121.806236, 36.887984 ], [ -121.805792, 36.887869 ], [ -121.804686, 36.887779 ], [ -121.803818, 36.887635 ], [ -121.803121, 36.887417 ], [ -121.802376, 36.887046 ], [ -121.801943, 36.886746 ], [ -121.801163, 36.886021 ], [ -121.800308, 36.885132 ], [ -121.799201, 36.883869 ], [ -121.798924, 36.883598 ], [ -121.79861, 36.883355 ], [ -121.798318, 36.883233 ], [ -121.797861, 36.883167 ], [ -121.797393, 36.883239 ], [ -121.797036, 36.883349 ], [ -121.795567, 36.884433 ], [ -121.793257, 36.880172 ], [ -121.793216, 36.880017 ], [ -121.793835, 36.879509 ], [ -121.794313, 36.878869 ], [ -121.794781, 36.877839 ], [ -121.795007, 36.877416 ], [ -121.795528, 36.876212 ], [ -121.795695, 36.875924 ], [ -121.796363, 36.875002 ], [ -121.79646, 36.874804 ], [ -121.797358, 36.873694 ], [ -121.797936, 36.873057 ], [ -121.798392, 36.872614 ], [ -121.799065, 36.872038 ], [ -121.801524, 36.87025 ], [ -121.802647, 36.869331 ], [ -121.803194, 36.868765 ], [ -121.803319, 36.868536 ], [ -121.803431, 36.868118 ], [ -121.803499, 36.867444 ], [ -121.803349, 36.866741 ], [ -121.803165, 36.86636 ], [ -121.802906, 36.865602 ], [ -121.802439, 36.864713 ], [ -121.802012, 36.86366 ], [ -121.801317, 36.862383 ], [ -121.800813, 36.861332 ], [ -121.800514, 36.860398 ], [ -121.800453, 36.859614 ], [ -121.800506, 36.858689 ], [ -121.800651, 36.857949 ], [ -121.800938, 36.857387 ], [ -121.801477, 36.85677 ], [ -121.801764, 36.856495 ], [ -121.802542, 36.856066 ], [ -121.802842, 36.855849 ], [ -121.804378, 36.855087 ], [ -121.807095, 36.853224 ], [ -121.80795, 36.852713 ], [ -121.808728, 36.85195 ], [ -121.809309, 36.851485 ], [ -121.809706, 36.851271 ], [ -121.80998, 36.850805 ], [ -121.810469, 36.850671 ], [ -121.810879, 36.852223 ], [ -121.811109, 36.852309 ], [ -121.811414, 36.852493 ], [ -121.811566, 36.852715 ], [ -121.811886, 36.853038 ], [ -121.812023, 36.853225 ], [ -121.812181, 36.853484 ], [ -121.812345, 36.853841 ], [ -121.812674, 36.85427 ], [ -121.813685, 36.856 ], [ -121.814006, 36.856455 ], [ -121.814349, 36.857116 ], [ -121.815135, 36.858456 ], [ -121.816304, 36.860819 ], [ -121.816865, 36.861682 ], [ -121.817268, 36.862632 ], [ -121.817426, 36.862874 ], [ -121.817645, 36.86311 ], [ -121.817999, 36.863805 ], [ -121.818233, 36.864028 ], [ -121.818547, 36.864665 ], [ -121.81893, 36.865198 ], [ -121.819306, 36.865907 ], [ -121.819778, 36.866627 ], [ -121.820271, 36.867495 ], [ -121.820632, 36.867906 ], [ -121.821598, 36.869517 ], [ -121.822384, 36.870649 ], [ -121.822801, 36.871561 ], [ -121.823759, 36.873116 ], [ -121.8238, 36.873248 ], [ -121.824238, 36.87377 ], [ -121.824409, 36.874055 ], [ -121.824641, 36.874566 ], [ -121.824805, 36.874824 ], [ -121.824968, 36.874956 ], [ -121.825139, 36.875201 ], [ -121.825173, 36.87547 ], [ -121.825498, 36.876049 ], [ -121.825626, 36.876207 ], [ -121.825788, 36.876525 ], [ -121.82612, 36.877 ], [ -121.826231, 36.877317 ], [ -121.826752, 36.877979 ], [ -121.826829, 36.878138 ], [ -121.827536, 36.879199 ] ] ] } },
{ "type": "Feature", "properties": { "place": "Pescadero", "place_kind": "cdp", "county": "Santa Cruz" }, "geometry": { "type": "Polygon", "coordinates": [ [ [ -122.407266, 37.261688 ], [ -122.407204, 37.26186 ], [ -122.40706, 37.261997 ], [ -122.406695, 37.262135 ], [ -122.406461, 37.262266 ], [ -122.4062, 37.262541 ], [ -122.405987, 37.262634 ], [ -122.405973, 37.262816 ], [ -122.405877, 37.262964 ], [ -122.405891, 37.263079 ], [ -122.406303, 37.263514 ], [ -122.406763, 37.263701 ], [ -122.407258, 37.263734 ], [ -122.406963, 37.263997 ], [ -122.406804, 37.264052 ], [ -122.405725, 37.264063 ], [ -122.405182, 37.264107 ], [ -122.404405, 37.264249 ], [ -122.404137, 37.264238 ], [ -122.403958, 37.264183 ], [ -122.403656, 37.263991 ], [ -122.403532, 37.26387 ], [ -122.403195, 37.263408 ], [ -122.403017, 37.263265 ], [ -122.402804, 37.263205 ], [ -122.402535, 37.263188 ], [ -122.401807, 37.263403 ], [ -122.401545, 37.263353 ], [ -122.401394, 37.263248 ], [ -122.401174, 37.263012 ], [ -122.400913, 37.262671 ], [ -122.400728, 37.262369 ], [ -122.40059, 37.262314 ], [ -122.400398, 37.262001 ], [ -122.400109, 37.261792 ], [ -122.399711, 37.261578 ], [ -122.39938, 37.261123 ], [ -122.398673, 37.260577 ], [ -122.398467, 37.260082 ], [ -122.397952, 37.259676 ], [ -122.39734, 37.259044 ], [ -122.39721, 37.258978 ], [ -122.396818, 37.25889 ], [ -122.396653, 37.258802 ], [ -122.396172, 37.258417 ], [ -122.395821, 37.258345 ], [ -122.395471, 37.258158 ], [ -122.395196, 37.258087 ], [ -122.394186, 37.258064 ], [ -122.3938, 37.258004 ], [ -122.393622, 37.257927 ], [ -122.393567, 37.257795 ], [ -122.393533, 37.257515 ], [ -122.39356, 37.257344 ], [ -122.393691, 37.257031 ], [ -122.394131, 37.256427 ], [ -122.394468, 37.256031 ], [ -122.394469, 37.255916 ], [ -122.394414, 37.25585 ], [ -122.394297, 37.255795 ], [ -122.3935, 37.255591 ], [ -122.393032, 37.255284 ], [ -122.392104, 37.254981 ], [ -122.391307, 37.254585 ], [ -122.390909, 37.254492 ], [ -122.390084, 37.254172 ], [ -122.389836, 37.254018 ], [ -122.389211, 37.253513 ], [ -122.38851, 37.253221 ], [ -122.388153, 37.253683 ], [ -122.387967, 37.254073 ], [ -122.387733, 37.254441 ], [ -122.387437, 37.25477 ], [ -122.387128, 37.25505 ], [ -122.386907, 37.25533 ], [ -122.386735, 37.255446 ], [ -122.386474, 37.255545 ], [ -122.386206, 37.255753 ], [ -122.386006, 37.256099 ], [ -122.385855, 37.256682 ], [ -122.383767, 37.256609 ], [ -122.383153, 37.25662 ], [ -122.383057, 37.256702 ], [ -122.383022, 37.256834 ], [ -122.383077, 37.256944 ], [ -122.383098, 37.257087 ], [ -122.38307, 37.25723 ], [ -122.383015, 37.257312 ], [ -122.382609, 37.257471 ], [ -122.382183, 37.257746 ], [ -122.381914, 37.258169 ], [ -122.381839, 37.258466 ], [ -122.381824, 37.259856 ], [ -122.38181, 37.259955 ], [ -122.381693, 37.260136 ], [ -122.381583, 37.260218 ], [ -122.381418, 37.260284 ], [ -122.381177, 37.260334 ], [ -122.379966, 37.261657 ], [ -122.379794, 37.261783 ], [ -122.379615, 37.26197 ], [ -122.37934, 37.262168 ], [ -122.379258, 37.262289 ], [ -122.377311, 37.26342 ], [ -122.376864, 37.263595 ], [ -122.376575, 37.26382 ], [ -122.376334, 37.264122 ], [ -122.376176, 37.264408 ], [ -122.375809, 37.264799 ], [ -122.375527, 37.265047 ], [ -122.375252, 37.26519 ], [ -122.374159, 37.26547 ], [ -122.372894, 37.26563 ], [ -122.371753, 37.265884 ], [ -122.371251, 37.265895 ], [ -122.370956, 37.265862 ], [ -122.370378, 37.265637 ], [ -122.369741, 37.265334 ], [ -122.368838, 37.265187 ], [ -122.368456, 37.265195 ], [ -122.367614, 37.265369 ], [ -122.367084, 37.265386 ], [ -122.365903, 37.264969 ], [ -122.365842, 37.264891 ], [ -122.365816, 37.264501 ], [ -122.365747, 37.264379 ], [ -122.365712, 37.264231 ], [ -122.365478, 37.263997 ], [ -122.365313, 37.26391 ], [ -122.365208, 37.263884 ], [ -122.364939, 37.263901 ], [ -122.364201, 37.264101 ], [ -122.363862, 37.264084 ], [ -122.363654, 37.264032 ], [ -122.363342, 37.263875 ], [ -122.362169, 37.263459 ], [ -122.362022, 37.26338 ], [ -122.361917, 37.263268 ], [ -122.361318, 37.26226 ], [ -122.361231, 37.26193 ], [ -122.36104, 37.261418 ], [ -122.361014, 37.261201 ], [ -122.361084, 37.260914 ], [ -122.361038, 37.2607 ], [ -122.361083, 37.260344 ], [ -122.360798, 37.260432 ], [ -122.360183, 37.260343 ], [ -122.359083, 37.260243 ], [ -122.359024, 37.260067 ], [ -122.359024, 37.259549 ], [ -122.359085, 37.259336 ], [ -122.359481, 37.259229 ], [ -122.359634, 37.259015 ], [ -122.359802, 37.258519 ], [ -122.360427, 37.257795 ], [ -122.360611, 37.257245 ], [ -122.360583, 37.257044 ], [ -122.360214, 37.256971 ], [ -122.359832, 37.257093 ], [ -122.358535, 37.257383 ], [ -122.358337, 37.257322 ], [ -122.35794, 37.257055 ], [ -122.357513, 37.257154 ], [ -122.356018, 37.257192 ], [ -122.354492, 37.257413 ], [ -122.352447, 37.257572 ], [ -122.351226, 37.257405 ], [ -122.350723, 37.257221 ], [ -122.350296, 37.257206 ], [ -122.350183, 37.257243 ], [ -122.34999, 37.257397 ], [ -122.349746, 37.257809 ], [ -122.349289, 37.258221 ], [ -122.348892, 37.258831 ], [ -122.348648, 37.259648 ], [ -122.348283, 37.260643 ], [ -122.349777, 37.26157 ], [ -122.349929, 37.262112 ], [ -122.349166, 37.262966 ], [ -122.348983, 37.264143 ], [ -122.348816, 37.264317 ], [ -122.34819, 37.264775 ], [ -122.347545, 37.264684 ], [ -122.347559, 37.264222 ], [ -122.347531, 37.263992 ], [ -122.347483, 37.263821 ], [ -122.347194, 37.263316 ], [ -122.347221, 37.262854 ], [ -122.347503, 37.261992 ], [ -122.347509, 37.261854 ], [ -122.347365, 37.261651 ], [ -122.3472, 37.261492 ], [ -122.347021, 37.261371 ], [ -122.346457, 37.261327 ], [ -122.346004, 37.261201 ], [ -122.345117, 37.260844 ], [ -122.344594, 37.260685 ], [ -122.343906, 37.260339 ], [ -122.343432, 37.260146 ], [ -122.342634, 37.259614 ], [ -122.342339, 37.259306 ], [ -122.342181, 37.259246 ], [ -122.342029, 37.259136 ], [ -122.341754, 37.258861 ], [ -122.341644, 37.25868 ], [ -122.341616, 37.258465 ], [ -122.341718, 37.258289 ], [ -122.341948, 37.258229 ], [ -122.342244, 37.2581 ], [ -122.342623, 37.257804 ], [ -122.343037, 37.257296 ], [ -122.343463, 37.256665 ], [ -122.344849, 37.255951 ], [ -122.345223, 37.255587 ], [ -122.345846, 37.255094 ], [ -122.345737, 37.255005 ], [ -122.345616, 37.255006 ], [ -122.345269, 37.255246 ], [ -122.344957, 37.25532 ], [ -122.344802, 37.255228 ], [ -122.344324, 37.254769 ], [ -122.344056, 37.254463 ], [ -122.343867, 37.25394 ], [ -122.343992, 37.253721 ], [ -122.343891, 37.253594 ], [ -122.344213, 37.253503 ], [ -122.345313, 37.253321 ], [ -122.346124, 37.253393 ], [ -122.346818, 37.253645 ], [ -122.347197, 37.253689 ], [ -122.347382, 37.253651 ], [ -122.347959, 37.253238 ], [ -122.348097, 37.253085 ], [ -122.348138, 37.252953 ], [ -122.348392, 37.252491 ], [ -122.348605, 37.252277 ], [ -122.34912, 37.251936 ], [ -122.349285, 37.251875 ], [ -122.350165, 37.251842 ], [ -122.350866, 37.251952 ], [ -122.351306, 37.252078 ], [ -122.351533, 37.25221 ], [ -122.352248, 37.252528 ], [ -122.35251, 37.252572 ], [ -122.352881, 37.252528 ], [ -122.353115, 37.252391 ], [ -122.353492, 37.25194 ], [ -122.353623, 37.251671 ], [ -122.35365, 37.251357 ], [ -122.353535, 37.250966 ], [ -122.353315, 37.250901 ], [ -122.35322, 37.250802 ], [ -122.352974, 37.249954 ], [ -122.352858, 37.24972 ], [ -122.352894, 37.249483 ], [ -122.352859, 37.249281 ], [ -122.353109, 37.248966 ], [ -122.353317, 37.248838 ], [ -122.353517, 37.248564 ], [ -122.353661, 37.248545 ], [ -122.354027, 37.248704 ], [ -122.35414, 37.248684 ], [ -122.354218, 37.248634 ], [ -122.354698, 37.24816 ], [ -122.355071, 37.247991 ], [ -122.355307, 37.247805 ], [ -122.35539, 37.24769 ], [ -122.355478, 37.247435 ], [ -122.355451, 37.247171 ], [ -122.355198, 37.246637 ], [ -122.354872, 37.246207 ], [ -122.354066, 37.245423 ], [ -122.35399, 37.244698 ], [ -122.353903, 37.2444 ], [ -122.353775, 37.244268 ], [ -122.353509, 37.244241 ], [ -122.353363, 37.244171 ], [ -122.353141, 37.243954 ], [ -122.353031, 37.243717 ], [ -122.35285, 37.243644 ], [ -122.351946, 37.24362 ], [ -122.351726, 37.243668 ], [ -122.351577, 37.243758 ], [ -122.351477, 37.243883 ], [ -122.35141, 37.244174 ], [ -122.35133, 37.244283 ], [ -122.350991, 37.244511 ], [ -122.350573, 37.244638 ], [ -122.350124, 37.244643 ], [ -122.349702, 37.244525 ], [ -122.349507, 37.244418 ], [ -122.349456, 37.244366 ], [ -122.349428, 37.244269 ], [ -122.349266, 37.244233 ], [ -122.349135, 37.244159 ], [ -122.349051, 37.243955 ], [ -122.349084, 37.243782 ], [ -122.349338, 37.24376 ], [ -122.349644, 37.243609 ], [ -122.350171, 37.242996 ], [ -122.350313, 37.242752 ], [ -122.350399, 37.242492 ], [ -122.350457, 37.24199 ], [ -122.350339, 37.241788 ], [ -122.350092, 37.241589 ], [ -122.349984, 37.241403 ], [ -122.349963, 37.241301 ], [ -122.349985, 37.241096 ], [ -122.350154, 37.24075 ], [ -122.350324, 37.240549 ], [ -122.350534, 37.240374 ], [ -122.350778, 37.240232 ], [ -122.351052, 37.240125 ], [ -122.351259, 37.240091 ], [ -122.351541, 37.23997 ], [ -122.351819, 37.239738 ], [ -122.351904, 37.239617 ], [ -122.351913, 37.239524 ], [ -122.351882, 37.239434 ], [ -122.351768, 37.239329 ], [ -122.351605, 37.239283 ], [ -122.3513, 37.239296 ], [ -122.350922, 37.239383 ], [ -122.350754, 37.239465 ], [ -122.350438, 37.239731 ], [ -122.350356, 37.239747 ], [ -122.350281, 37.239717 ], [ -122.350245, 37.239656 ], [ -122.35035, 37.239182 ], [ -122.350336, 37.239007 ], [ -122.350252, 37.238698 ], [ -122.350283, 37.238477 ], [ -122.350405, 37.238278 ], [ -122.35059, 37.238112 ], [ -122.350802, 37.237852 ], [ -122.351184, 37.237677 ], [ -122.351432, 37.23762 ], [ -122.351828, 37.237615 ], [ -122.352422, 37.236157 ], [ -122.353286, 37.235736 ], [ -122.354303, 37.235746 ], [ -122.355588, 37.236163 ], [ -122.356447, 37.236496 ], [ -122.358163, 37.237739 ], [ -122.358539, 37.237933 ], [ -122.359163, 37.238187 ], [ -122.360411, 37.238459 ], [ -122.360865, 37.238519 ], [ -122.361348, 37.238702 ], [ -122.361561, 37.238877 ], [ -122.361699, 37.239152 ], [ -122.36205, 37.239373 ], [ -122.362797, 37.240083 ], [ -122.36356, 37.24048 ], [ -122.365519, 37.242449 ], [ -122.366449, 37.243034 ], [ -122.366264, 37.242644 ], [ -122.36619, 37.242229 ], [ -122.366211, 37.241855 ], [ -122.366314, 37.24149 ], [ -122.366587, 37.241014 ], [ -122.36752, 37.240044 ], [ -122.367739, 37.239749 ], [ -122.367825, 37.23958 ], [ -122.36792, 37.239257 ], [ -122.36793, 37.238833 ], [ -122.367797, 37.238393 ], [ -122.36713, 37.23715 ], [ -122.366902, 37.236825 ], [ -122.366671, 37.23657 ], [ -122.366368, 37.236304 ], [ -122.365729, 37.235919 ], [ -122.366037, 37.235739 ], [ -122.367398, 37.235704 ], [ -122.367789, 37.23552 ], [ -122.367702, 37.235109 ], [ -122.36725, 37.234396 ], [ -122.367176, 37.233863 ], [ -122.36821, 37.234992 ], [ -122.368471, 37.235436 ], [ -122.368595, 37.235585 ], [ -122.369076, 37.235607 ], [ -122.369454, 37.235529 ], [ -122.369894, 37.235584 ], [ -122.370093, 37.235798 ], [ -122.370588, 37.236073 ], [ -122.371193, 37.236166 ], [ -122.3721, 37.236045 ], [ -122.375007, 37.236137 ], [ -122.375496, 37.236406 ], [ -122.375509, 37.236516 ], [ -122.375551, 37.23656 ], [ -122.375675, 37.236944 ], [ -122.375922, 37.237301 ], [ -122.376087, 37.237444 ], [ -122.376211, 37.237487 ], [ -122.376417, 37.23763 ], [ -122.376616, 37.237696 ], [ -122.378108, 37.237746 ], [ -122.379447, 37.238137 ], [ -122.380107, 37.238297 ], [ -122.380828, 37.238599 ], [ -122.381151, 37.238643 ], [ -122.381901, 37.238545 ], [ -122.38232, 37.238617 ], [ -122.383303, 37.238414 ], [ -122.384148, 37.238343 ], [ -122.384966, 37.238788 ], [ -122.385289, 37.238865 ], [ -122.385852, 37.239102 ], [ -122.386223, 37.239338 ], [ -122.386312, 37.239487 ], [ -122.386498, 37.239613 ], [ -122.387357, 37.23996 ], [ -122.387941, 37.239839 ], [ -122.388401, 37.239658 ], [ -122.38856, 37.239658 ], [ -122.388814, 37.239916 ], [ -122.389013, 37.240015 ], [ -122.389198, 37.240032 ], [ -122.389357, 37.240131 ], [ -122.389569, 37.240301 ], [ -122.389686, 37.24056 ], [ -122.389762, 37.240867 ], [ -122.389864, 37.241648 ], [ -122.389864, 37.242076 ], [ -122.390008, 37.242571 ], [ -122.390131, 37.242818 ], [ -122.390344, 37.243445 ], [ -122.391223, 37.244912 ], [ -122.391388, 37.245088 ], [ -122.391587, 37.245171 ], [ -122.392205, 37.245215 ], [ -122.39248, 37.245303 ], [ -122.392693, 37.245435 ], [ -122.392941, 37.245462 ], [ -122.393374, 37.245611 ], [ -122.393552, 37.245638 ], [ -122.393738, 37.245847 ], [ -122.393985, 37.245924 ], [ -122.394274, 37.246073 ], [ -122.394583, 37.246309 ], [ -122.394638, 37.246535 ], [ -122.394645, 37.246815 ], [ -122.394617, 37.246908 ], [ -122.394706, 37.247353 ], [ -122.394953, 37.24782 ], [ -122.394967, 37.247936 ], [ -122.395104, 37.248139 ], [ -122.395097, 37.248749 ], [ -122.395186, 37.248996 ], [ -122.39542, 37.249304 ], [ -122.395543, 37.24959 ], [ -122.395537, 37.250092 ], [ -122.39562, 37.25035 ], [ -122.39586, 37.25074 ], [ -122.396128, 37.251076 ], [ -122.39632, 37.251268 ], [ -122.39676, 37.25157 ], [ -122.397131, 37.251702 ], [ -122.397599, 37.251796 ], [ -122.398348, 37.252142 ], [ -122.398485, 37.252258 ], [ -122.398856, 37.252747 ], [ -122.399, 37.25284 ], [ -122.400423, 37.253297 ], [ -122.400567, 37.253319 ], [ -122.401942, 37.253787 ], [ -122.402121, 37.253919 ], [ -122.402299, 37.254116 ], [ -122.402959, 37.254963 ], [ -122.403165, 37.255122 ], [ -122.403357, 37.255232 ], [ -122.403557, 37.255276 ], [ -122.404107, 37.255282 ], [ -122.404347, 37.255436 ], [ -122.404457, 37.255557 ], [ -122.404464, 37.255694 ], [ -122.404175, 37.256018 ], [ -122.403914, 37.256645 ], [ -122.403824, 37.256815 ], [ -122.403693, 37.256958 ], [ -122.403515, 37.257122 ], [ -122.402566, 37.257688 ], [ -122.402187, 37.258018 ], [ -122.401837, 37.258545 ], [ -122.401843, 37.258677 ], [ -122.401905, 37.258847 ], [ -122.402001, 37.258963 ], [ -122.402235, 37.259073 ], [ -122.402551, 37.259144 ], [ -122.402572, 37.259216 ], [ -122.402984, 37.25932 ], [ -122.404304, 37.259414 ], [ -122.404462, 37.259376 ], [ -122.405047, 37.259392 ], [ -122.405603, 37.259497 ], [ -122.406098, 37.259689 ], [ -122.406373, 37.259937 ], [ -122.406641, 37.260272 ], [ -122.407067, 37.260898 ], [ -122.407211, 37.261256 ], [ -122.407266, 37.261688 ] ] ] } },
{ "type": "Feature", "properties": { "place": "Prunedale", "place_kind": "cdp", "county": "Monterey" }, "geometry": { "type": "Polygon", "coordinates": [ [ [ -121.744293, 36.841567 ], [ -121.743991, 36.841877 ], [ -121.743374, 36.842333 ], [ -121.742543, 36.843023 ], [ -121.742388, 36.843223 ], [ -121.741186, 36.842889 ], [ -121.740816, 36.842714 ], [ -121.740354, 36.842421 ], [ -121.739339, 36.841506 ], [ -121.738996, 36.84125 ], [ -121.738679, 36.841083 ], [ -121.738292, 36.840907 ], [ -121.7374, 36.840587 ], [ -121.736531, 36.840184 ], [ -121.736064, 36.840024 ], [ -121.73498, 36.839732 ], [ -121.734713, 36.839614 ], [ -121.734354, 36.839385 ], [ -121.733206, 36.838443 ], [ -121.732933, 36.838065 ], [ -121.732837, 36.837772 ], [ -121.732677, 36.837504 ], [ -121.732198, 36.837088 ], [ -121.732082, 36.836866 ], [ -121.732162, 36.835976 ], [ -121.732286, 36.835775 ], [ -121.731514, 36.835768 ], [ -121.731275, 36.835689 ], [ -121.73108, 36.835446 ], [ -121.730847, 36.834938 ], [ -121.730591, 36.835018 ], [ -121.730547, 36.835173 ], [ -121.730601, 36.835498 ], [ -121.73057, 36.835676 ], [ -121.729529, 36.837363 ], [ -121.729232, 36.837745 ], [ -121.728919, 36.838042 ], [ -121.728144, 36.838562 ], [ -121.727317, 36.839236 ], [ -121.72694, 36.839604 ], [ -121.726378, 36.839311 ], [ -121.72612, 36.83913 ], [ -121.72502, 36.838177 ], [ -121.724817, 36.8379 ], [ -121.72477, 36.837633 ], [ -121.724857, 36.837098 ], [ -121.724535, 36.836798 ], [ -121.725193, 36.836248 ], [ -121.725415, 36.836008 ], [ -121.724656, 36.835567 ], [ -121.724239, 36.836061 ], [ -121.72374, 36.836449 ], [ -121.723217, 36.836649 ], [ -121.722488, 36.836753 ], [ -121.722165, 36.836871 ], [ -121.721004, 36.837688 ], [ -121.720166, 36.838088 ], [ -121.719569, 36.838272 ], [ -121.718237, 36.838574 ], [ -121.717454, 36.838646 ], [ -121.716648, 36.838863 ], [ -121.715335, 36.839068 ], [ -121.714691, 36.839126 ], [ -121.714045, 36.839118 ], [ -121.713405, 36.839044 ], [ -121.711152, 36.838522 ], [ -121.710711, 36.838363 ], [ -121.710085, 36.838068 ], [ -121.709699, 36.837837 ], [ -121.709119, 36.837425 ], [ -121.70876, 36.837221 ], [ -121.706839, 36.836544 ], [ -121.706544, 36.836477 ], [ -121.70609, 36.836431 ], [ -121.703606, 36.83644 ], [ -121.703324, 36.836471 ], [ -121.702785, 36.83662 ], [ -121.70202, 36.83703 ], [ -121.701417, 36.837241 ], [ -121.701097, 36.837303 ], [ -121.698541, 36.837597 ], [ -121.698218, 36.837599 ], [ -121.697908, 36.837524 ], [ -121.697641, 36.837379 ], [ -121.697439, 36.837178 ], [ -121.697345, 36.836985 ], [ -121.695259, 36.840069 ], [ -121.69325, 36.843492 ], [ -121.690024, 36.848432 ], [ -121.690011, 36.850797 ], [ -121.690067, 36.851203 ], [ -121.690167, 36.851603 ], [ -121.690307, 36.851995 ], [ -121.690486, 36.852376 ], [ -121.69083, 36.852923 ], [ -121.691104, 36.853266 ], [ -121.693283, 36.85542 ], [ -121.693814, 36.856082 ], [ -121.694183, 36.856846 ], [ -121.695211, 36.859306 ], [ -121.692301, 36.859522 ], [ -121.691815, 36.859588 ], [ -121.690868, 36.859804 ], [ -121.690414, 36.859953 ], [ -121.688398, 36.860755 ], [ -121.687786, 36.860931 ], [ -121.684269, 36.861291 ], [ -121.683837, 36.861403 ], [ -121.683436, 36.861576 ], [ -121.683193, 36.861723 ], [ -121.682067, 36.862716 ], [ -121.681765, 36.863031 ], [ -121.680208, 36.86528 ], [ -121.679828, 36.865738 ], [ -121.678511, 36.867168 ], [ -121.678126, 36.867503 ], [ -121.677835, 36.867699 ], [ -121.67719, 36.868018 ], [ -121.676842, 36.868137 ], [ -121.67616, 36.868302 ], [ -121.675816, 36.868344 ], [ -121.672911, 36.868443 ], [ -121.672299, 36.868397 ], [ -121.671958, 36.868325 ], [ -121.671629, 36.86822 ], [ -121.670969, 36.867933 ], [ -121.670432, 36.867822 ], [ -121.669877, 36.86783 ], [ -121.668751, 36.86811 ], [ -121.668771, 36.867513 ], [ -121.668682, 36.866721 ], [ -121.668124, 36.864964 ], [ -121.667982, 36.864661 ], [ -121.667705, 36.864229 ], [ -121.667224, 36.863712 ], [ -121.666708, 36.863325 ], [ -121.666377, 36.86314 ], [ -121.665837, 36.862918 ], [ -121.665163, 36.86275 ], [ -121.664576, 36.862679 ], [ -121.661988, 36.862551 ], [ -121.659037, 36.862022 ], [ -121.658257, 36.86182 ], [ -121.655829, 36.861048 ], [ -121.653996, 36.860419 ], [ -121.6522, 36.859694 ], [ -121.651291, 36.859398 ], [ -121.643771, 36.857201 ], [ -121.643189, 36.856966 ], [ -121.64224, 36.856485 ], [ -121.640254, 36.855196 ], [ -121.639954, 36.855031 ], [ -121.639464, 36.854835 ], [ -121.638672, 36.854667 ], [ -121.637922, 36.854641 ], [ -121.634974, 36.854921 ], [ -121.634386, 36.855017 ], [ -121.63382, 36.855178 ], [ -121.631964, 36.855851 ], [ -121.631227, 36.856359 ], [ -121.631912, 36.855693 ], [ -121.630805, 36.856489 ], [ -121.630032, 36.856924 ], [ -121.628859, 36.85549 ], [ -121.626053, 36.851719 ], [ -121.622665, 36.84772 ], [ -121.622089, 36.846203 ], [ -121.597698, 36.83735 ], [ -121.582735, 36.82485 ], [ -121.574738, 36.818052 ], [ -121.575961, 36.817358 ], [ -121.576207, 36.817176 ], [ -121.576383, 36.816947 ], [ -121.576473, 36.816687 ], [ -121.576471, 36.816418 ], [ -121.576379, 36.81616 ], [ -121.575187, 36.814253 ], [ -121.575019, 36.813925 ], [ -121.574914, 36.81364 ], [ -121.574918, 36.813354 ], [ -121.574995, 36.813067 ], [ -121.57512, 36.812798 ], [ -121.575269, 36.812617 ], [ -121.575478, 36.812519 ], [ -121.57571, 36.812519 ], [ -121.575972, 36.812622 ], [ -121.576157, 36.812752 ], [ -121.576368, 36.812777 ], [ -121.576576, 36.812701 ], [ -121.576737, 36.812563 ], [ -121.576962, 36.812492 ], [ -121.577362, 36.8127 ], [ -121.577596, 36.812692 ], [ -121.577779, 36.812594 ], [ -121.577943, 36.812457 ], [ -121.578168, 36.812438 ], [ -121.5784, 36.812463 ], [ -121.578584, 36.812399 ], [ -121.578677, 36.812278 ], [ -121.578671, 36.812095 ], [ -121.578785, 36.811821 ], [ -121.579324, 36.811496 ], [ -121.579628, 36.811431 ], [ -121.579935, 36.811486 ], [ -121.580175, 36.811648 ], [ -121.580373, 36.81185 ], [ -121.58052, 36.812069 ], [ -121.580727, 36.812224 ], [ -121.581008, 36.812193 ], [ -121.581367, 36.811978 ], [ -121.581662, 36.812026 ], [ -121.581941, 36.812132 ], [ -121.58227, 36.812124 ], [ -121.58256, 36.811996 ], [ -121.583745, 36.810806 ], [ -121.583859, 36.810577 ], [ -121.583755, 36.810345 ], [ -121.583616, 36.81026 ], [ -121.583263, 36.810124 ], [ -121.583015, 36.809971 ], [ -121.582924, 36.809764 ], [ -121.582741, 36.808979 ], [ -121.582816, 36.808766 ], [ -121.582982, 36.808576 ], [ -121.583068, 36.808398 ], [ -121.582887, 36.807888 ], [ -121.582768, 36.807179 ], [ -121.582627, 36.806813 ], [ -121.582433, 36.806526 ], [ -121.582348, 36.806214 ], [ -121.582414, 36.805898 ], [ -121.582348, 36.805648 ], [ -121.581891, 36.805074 ], [ -121.581534, 36.804199 ], [ -121.58132, 36.803946 ], [ -121.580982, 36.803448 ], [ -121.580691, 36.803211 ], [ -121.580457, 36.80297 ], [ -121.580038, 36.802401 ], [ -121.579941, 36.80209 ], [ -121.57991, 36.801792 ], [ -121.57992, 36.801398 ], [ -121.580012, 36.800635 ], [ -121.579565, 36.800745 ], [ -121.579239, 36.800924 ], [ -121.578826, 36.800965 ], [ -121.57793, 36.800733 ], [ -121.577703, 36.800352 ], [ -121.576509, 36.800074 ], [ -121.575939, 36.799786 ], [ -121.574916, 36.798941 ], [ -121.574489, 36.798742 ], [ -121.573778, 36.798662 ], [ -121.573124, 36.798764 ], [ -121.572982, 36.798675 ], [ -121.573097, 36.798203 ], [ -121.573353, 36.797711 ], [ -121.572927, 36.797513 ], [ -121.572955, 36.797041 ], [ -121.57332, 36.79689 ], [ -121.57367, 36.79668 ], [ -121.57472, 36.79584 ], [ -121.575699, 36.79442 ], [ -121.577319, 36.79305 ], [ -121.5777, 36.79285 ], [ -121.5789, 36.79185 ], [ -121.57951, 36.79079 ], [ -121.58008, 36.78934 ], [ -121.580829, 36.78635 ], [ -121.58168, 36.78508 ], [ -121.582579, 36.78336 ], [ -121.58278, 36.78308 ], [ -121.58298, 36.78287 ], [ -121.583219, 36.78268 ], [ -121.58366, 36.78252 ], [ -121.58417, 36.78209 ], [ -121.584409, 36.78175 ], [ -121.58481, 36.78101 ], [ -121.586621, 36.77939 ], [ -121.586881, 36.77853 ], [ -121.58727, 36.77806 ], [ -121.58807, 36.77667 ], [ -121.58881, 36.77388 ], [ -121.58893, 36.7737 ], [ -121.589311, 36.77348 ], [ -121.596949, 36.77245 ], [ -121.598719, 36.77237 ], [ -121.599079, 36.77216 ], [ -121.599689, 36.77075 ], [ -121.60016, 36.770207 ], [ -121.60155, 36.770818 ], [ -121.602092, 36.771211 ], [ -121.60246, 36.771667 ], [ -121.602944, 36.772916 ], [ -121.603319, 36.773499 ], [ -121.604027, 36.772982 ], [ -121.610197, 36.76594 ], [ -121.615679, 36.759593 ], [ -121.625087, 36.764912 ], [ -121.625365, 36.765109 ], [ -121.626562, 36.766211 ], [ -121.626808, 36.766367 ], [ -121.627763, 36.767181 ], [ -121.627938, 36.767441 ], [ -121.631061, 36.765457 ], [ -121.635504, 36.763301 ], [ -121.636356, 36.763157 ], [ -121.636768, 36.762936 ], [ -121.637241, 36.762478 ], [ -121.637882, 36.761471 ], [ -121.638706, 36.760715 ], [ -121.64017, 36.759899 ], [ -121.641788, 36.759441 ], [ -121.642426, 36.759398 ], [ -121.643302, 36.759615 ], [ -121.645885, 36.759237 ], [ -121.646549, 36.759103 ], [ -121.647229, 36.75887 ], [ -121.648617, 36.758304 ], [ -121.649523, 36.758163 ], [ -121.655808, 36.755424 ], [ -121.655511, 36.755062 ], [ -121.655426, 36.75486 ], [ -121.656046, 36.752986 ], [ -121.656808, 36.750897 ], [ -121.657444, 36.74904 ], [ -121.657802, 36.749245 ], [ -121.660193, 36.750203 ], [ -121.660534, 36.750389 ], [ -121.662751, 36.752134 ], [ -121.663019, 36.752182 ], [ -121.663739, 36.752012 ], [ -121.664117, 36.753004 ], [ -121.665156, 36.756236 ], [ -121.666497, 36.760554 ], [ -121.666856, 36.761597 ], [ -121.667255, 36.762981 ], [ -121.66785, 36.764789 ], [ -121.668216, 36.766057 ], [ -121.668507, 36.766078 ], [ -121.668957, 36.766257 ], [ -121.669513, 36.766368 ], [ -121.669849, 36.766338 ], [ -121.670279, 36.766222 ], [ -121.67409, 36.766548 ], [ -121.674234, 36.76644 ], [ -121.675446, 36.764044 ], [ -121.675793, 36.763518 ], [ -121.676575, 36.76277 ], [ -121.677079, 36.762498 ], [ -121.677649, 36.762467 ], [ -121.678753, 36.762346 ], [ -121.680081, 36.762132 ], [ -121.680779, 36.762059 ], [ -121.680902, 36.762078 ], [ -121.680904, 36.762141 ], [ -121.68645, 36.762948 ], [ -121.686635, 36.762929 ], [ -121.686758, 36.762879 ], [ -121.68899, 36.758864 ], [ -121.69034, 36.756489 ], [ -121.690416, 36.756434 ], [ -121.70353, 36.754398 ], [ -121.70648, 36.755922 ], [ -121.711855, 36.758779 ], [ -121.70957, 36.76028 ], [ -121.709769, 36.761157 ], [ -121.710715, 36.762309 ], [ -121.710715, 36.762431 ], [ -121.709906, 36.763102 ], [ -121.709814, 36.763324 ], [ -121.709891, 36.76353 ], [ -121.710898, 36.764354 ], [ -121.711752, 36.765536 ], [ -121.712531, 36.767062 ], [ -121.712866, 36.768145 ], [ -121.71282, 36.768504 ], [ -121.712485, 36.76916 ], [ -121.712042, 36.769732 ], [ -121.711905, 36.770066 ], [ -121.711559, 36.771546 ], [ -121.712577, 36.771684 ], [ -121.713006, 36.771687 ], [ -121.713432, 36.771653 ], [ -121.714557, 36.771457 ], [ -121.715013, 36.771416 ], [ -121.715381, 36.771422 ], [ -121.716186, 36.771556 ], [ -121.718424, 36.77239 ], [ -121.718706, 36.772457 ], [ -121.719292, 36.772487 ], [ -121.719581, 36.77245 ], [ -121.720064, 36.772305 ], [ -121.720312, 36.772178 ], [ -121.720681, 36.771892 ], [ -121.723007, 36.76908 ], [ -121.725329, 36.766341 ], [ -121.725871, 36.765891 ], [ -121.72613, 36.765722 ], [ -121.726689, 36.765445 ], [ -121.727596, 36.766504 ], [ -121.728829, 36.768147 ], [ -121.730834, 36.772034 ], [ -121.733689, 36.771233 ], [ -121.743136, 36.768472 ], [ -121.743341, 36.768852 ], [ -121.743498, 36.769234 ], [ -121.743616, 36.769692 ], [ -121.743753, 36.769928 ], [ -121.743014, 36.770944 ], [ -121.741001, 36.77344 ], [ -121.740576, 36.774107 ], [ -121.739644, 36.775818 ], [ -121.739152, 36.776479 ], [ -121.73864, 36.776958 ], [ -121.736791, 36.778302 ], [ -121.736322, 36.778745 ], [ -121.735935, 36.779235 ], [ -121.735678, 36.779674 ], [ -121.735488, 36.780134 ], [ -121.735408, 36.780418 ], [ -121.735109, 36.781967 ], [ -121.734818, 36.782675 ], [ -121.734712, 36.78287 ], [ -121.733453, 36.78446 ], [ -121.733005, 36.784932 ], [ -121.72885, 36.788383 ], [ -121.728306, 36.788982 ], [ -121.727951, 36.789563 ], [ -121.727768, 36.790003 ], [ -121.727134, 36.791888 ], [ -121.726556, 36.794136 ], [ -121.726394, 36.7944 ], [ -121.726152, 36.79465 ], [ -121.725222, 36.795318 ], [ -121.724638, 36.796621 ], [ -121.720367, 36.795639 ], [ -121.717559, 36.795092 ], [ -121.716842, 36.795054 ], [ -121.71478, 36.795234 ], [ -121.714345, 36.795222 ], [ -121.710302, 36.794512 ], [ -121.709543, 36.79448 ], [ -121.708885, 36.794563 ], [ -121.702536, 36.796441 ], [ -121.701632, 36.796799 ], [ -121.701032, 36.797116 ], [ -121.700261, 36.797636 ], [ -121.698468, 36.799139 ], [ -121.70089, 36.801659 ], [ -121.701124, 36.801846 ], [ -121.702435, 36.80225 ], [ -121.702825, 36.802421 ], [ -121.703, 36.802533 ], [ -121.703296, 36.802799 ], [ -121.703416, 36.802952 ], [ -121.703655, 36.803437 ], [ -121.703736, 36.803687 ], [ -121.703741, 36.803987 ], [ -121.703519, 36.805118 ], [ -121.703411, 36.80628 ], [ -121.703909, 36.809016 ], [ -121.704046, 36.809923 ], [ -121.704116, 36.810679 ], [ -121.704053, 36.811241 ], [ -121.703921, 36.811755 ], [ -121.703762, 36.812039 ], [ -121.703338, 36.813064 ], [ -121.703, 36.813332 ], [ -121.699573, 36.81534 ], [ -121.696429, 36.815789 ], [ -121.695444, 36.815965 ], [ -121.691313, 36.817157 ], [ -121.689749, 36.81769 ], [ -121.688285, 36.818242 ], [ -121.687137, 36.818562 ], [ -121.686748, 36.818659 ], [ -121.685985, 36.818691 ], [ -121.684526, 36.818848 ], [ -121.684021, 36.818977 ], [ -121.680889, 36.820201 ], [ -121.679908, 36.82066 ], [ -121.679286, 36.821546 ], [ -121.678678, 36.822092 ], [ -121.678411, 36.822283 ], [ -121.677948, 36.822536 ], [ -121.677395, 36.823094 ], [ -121.677085, 36.823277 ], [ -121.676242, 36.823586 ], [ -121.67599, 36.823727 ], [ -121.675851, 36.823946 ], [ -121.675853, 36.824192 ], [ -121.676065, 36.824853 ], [ -121.676029, 36.825032 ], [ -121.675793, 36.825174 ], [ -121.677657, 36.828632 ], [ -121.677871, 36.828978 ], [ -121.678165, 36.829361 ], [ -121.678541, 36.829771 ], [ -121.678852, 36.830194 ], [ -121.67913, 36.830136 ], [ -121.679415, 36.83014 ], [ -121.679679, 36.830205 ], [ -121.679825, 36.830278 ], [ -121.680036, 36.830491 ], [ -121.680159, 36.830882 ], [ -121.680406, 36.830749 ], [ -121.680457, 36.830415 ], [ -121.680397, 36.82987 ], [ -121.680511, 36.829565 ], [ -121.680726, 36.829249 ], [ -121.680672, 36.828688 ], [ -121.680856, 36.828407 ], [ -121.681146, 36.82821 ], [ -121.681527, 36.82806 ], [ -121.6819, 36.828053 ], [ -121.682472, 36.82848 ], [ -121.682824, 36.828575 ], [ -121.683113, 36.82849 ], [ -121.683188, 36.828285 ], [ -121.683075, 36.828031 ], [ -121.682975, 36.827621 ], [ -121.68301, 36.826858 ], [ -121.682524, 36.82523 ], [ -121.682953, 36.823953 ], [ -121.683611, 36.82339 ], [ -121.686947, 36.822871 ], [ -121.687281, 36.822973 ], [ -121.688375, 36.823467 ], [ -121.688567, 36.823342 ], [ -121.689706, 36.823077 ], [ -121.690496, 36.822935 ], [ -121.692161, 36.822703 ], [ -121.692946, 36.822529 ], [ -121.693724, 36.822415 ], [ -121.695324, 36.822417 ], [ -121.695981, 36.822487 ], [ -121.696748, 36.822291 ], [ -121.697376, 36.822055 ], [ -121.698251, 36.821904 ], [ -121.698941, 36.821844 ], [ -121.699779, 36.821662 ], [ -121.700652, 36.821382 ], [ -121.701951, 36.82104 ], [ -121.702561, 36.820834 ], [ -121.704003, 36.820636 ], [ -121.705865, 36.820264 ], [ -121.707652, 36.82003 ], [ -121.708656, 36.819942 ], [ -121.709183, 36.819819 ], [ -121.709471, 36.819692 ], [ -121.713084, 36.817664 ], [ -121.713283, 36.817606 ], [ -121.714701, 36.817449 ], [ -121.715991, 36.817248 ], [ -121.716961, 36.817029 ], [ -121.717303, 36.816887 ], [ -121.717696, 36.816595 ], [ -121.717827, 36.816442 ], [ -121.718001, 36.816135 ], [ -121.718357, 36.815324 ], [ -121.71859, 36.814383 ], [ -121.718883, 36.814479 ], [ -121.720667, 36.814879 ], [ -121.720815, 36.815147 ], [ -121.721166, 36.815275 ], [ -121.72164, 36.815382 ], [ -121.721964, 36.815423 ], [ -121.722788, 36.815436 ], [ -121.72468, 36.815732 ], [ -121.725606, 36.815775 ], [ -121.725911, 36.815829 ], [ -121.726206, 36.815911 ], [ -121.726619, 36.816088 ], [ -121.727383, 36.81653 ], [ -121.727697, 36.816809 ], [ -121.729434, 36.819007 ], [ -121.729624, 36.819166 ], [ -121.729872, 36.819265 ], [ -121.730047, 36.819283 ], [ -121.730268, 36.819408 ], [ -121.730298, 36.819632 ], [ -121.730162, 36.81984 ], [ -121.729902, 36.819965 ], [ -121.729272, 36.820047 ], [ -121.729011, 36.820152 ], [ -121.728484, 36.820472 ], [ -121.727865, 36.820757 ], [ -121.727811, 36.820823 ], [ -121.7278, 36.820901 ], [ -121.727835, 36.820978 ], [ -121.728026, 36.82106 ], [ -121.728189, 36.821064 ], [ -121.728491, 36.821147 ], [ -121.729228, 36.821129 ], [ -121.729585, 36.821161 ], [ -121.730005, 36.821289 ], [ -121.730072, 36.821498 ], [ -121.729849, 36.822003 ], [ -121.729678, 36.822188 ], [ -121.728738, 36.822958 ], [ -121.728592, 36.823173 ], [ -121.728449, 36.823937 ], [ -121.728516, 36.824143 ], [ -121.72872, 36.82428 ], [ -121.729167, 36.824363 ], [ -121.729456, 36.82452 ], [ -121.729852, 36.8249 ], [ -121.730138, 36.825047 ], [ -121.73046, 36.825128 ], [ -121.731112, 36.825144 ], [ -121.731887, 36.825421 ], [ -121.732069, 36.825617 ], [ -121.732093, 36.825861 ], [ -121.73207, 36.826662 ], [ -121.731983, 36.826873 ], [ -121.731845, 36.827084 ], [ -121.731891, 36.82732 ], [ -121.732344, 36.827708 ], [ -121.732626, 36.82805 ], [ -121.732829, 36.828426 ], [ -121.732977, 36.828929 ], [ -121.733134, 36.829149 ], [ -121.733779, 36.828896 ], [ -121.734791, 36.82877 ], [ -121.737459, 36.828722 ], [ -121.739184, 36.828927 ], [ -121.739006, 36.82938 ], [ -121.738676, 36.830578 ], [ -121.738577, 36.831254 ], [ -121.738524, 36.832346 ], [ -121.738605, 36.833483 ], [ -121.738764, 36.834376 ], [ -121.738899, 36.834916 ], [ -121.739287, 36.835901 ], [ -121.739618, 36.836565 ], [ -121.740118, 36.837385 ], [ -121.740588, 36.838027 ], [ -121.741295, 36.838836 ], [ -121.742404, 36.839852 ], [ -121.743008, 36.840307 ], [ -121.743889, 36.840872 ], [ -121.74375, 36.841083 ], [ -121.743771, 36.841161 ], [ -121.744283, 36.841451 ], [ -121.744314, 36.841507 ], [ -121.744293, 36.841567 ] ] ] } },
{ "type": "Feature", "properties": { "place": "San Martin", "place_kind": "cdp", "county": "Santa Cruz" }, "geometry": { "type": "Polygon", "coordinates": [ [ [ -121.630393, 37.088709 ], [ -121.63003, 37.089366 ], [ -121.629325, 37.090018 ], [ -121.629497, 37.090419 ], [ -121.62885, 37.09057 ], [ -121.629337, 37.091259 ], [ -121.62916, 37.0913 ], [ -121.629572, 37.092006 ], [ -121.628077, 37.092691 ], [ -121.62762, 37.09276 ], [ -121.62731, 37.09277 ], [ -121.62671, 37.09278 ], [ -121.626291, 37.092738 ], [ -121.62466, 37.093235 ], [ -121.62311, 37.093783 ], [ -121.621481, 37.094177 ], [ -121.620044, 37.094949 ], [ -121.620123, 37.095088 ], [ -121.619533, 37.095265 ], [ -121.618267, 37.095362 ], [ -121.617681, 37.095339 ], [ -121.61682, 37.095378 ], [ -121.616454, 37.095273 ], [ -121.61679, 37.09568 ], [ -121.61727, 37.09613 ], [ -121.61843, 37.09706 ], [ -121.62008, 37.09814 ], [ -121.623215, 37.100054 ], [ -121.621681, 37.100672 ], [ -121.621045, 37.100855 ], [ -121.628744, 37.108335 ], [ -121.628564, 37.1084 ], [ -121.62846, 37.10837 ], [ -121.62818, 37.10839 ], [ -121.6258, 37.10924 ], [ -121.620735, 37.110975 ], [ -121.61609, 37.11264 ], [ -121.61087, 37.11444 ], [ -121.59534, 37.1199 ], [ -121.59421, 37.11792 ], [ -121.59377, 37.11702 ], [ -121.592637, 37.11495 ], [ -121.592887, 37.114725 ], [ -121.589282, 37.107894 ], [ -121.588831, 37.108027 ], [ -121.58765, 37.10596 ], [ -121.58401, 37.09929 ], [ -121.58168, 37.09509 ], [ -121.57532, 37.09733 ], [ -121.57519, 37.09734 ], [ -121.57511, 37.09728 ], [ -121.57498, 37.09708 ], [ -121.57343, 37.09424 ], [ -121.57334, 37.09421 ], [ -121.57311, 37.09424 ], [ -121.57149, 37.09482 ], [ -121.57126, 37.09483 ], [ -121.57112, 37.09477 ], [ -121.571, 37.09462 ], [ -121.5693, 37.09142 ], [ -121.56822, 37.08953 ], [ -121.56339, 37.08074 ], [ -121.55582, 37.0834 ], [ -121.55549, 37.08343 ], [ -121.547263, 37.073921 ], [ -121.5471, 37.07359 ], [ -121.54723, 37.07374 ], [ -121.54747, 37.0739 ], [ -121.5478, 37.07402 ], [ -121.54819, 37.07408 ], [ -121.54858, 37.07407 ], [ -121.55066, 37.07378 ], [ -121.55088, 37.07374 ], [ -121.5511, 37.07363 ], [ -121.55254, 37.07265 ], [ -121.55287, 37.07239 ], [ -121.55316, 37.07192 ], [ -121.55362, 37.07093 ], [ -121.55367, 37.07061 ], [ -121.55365, 37.07042 ], [ -121.55341, 37.06971 ], [ -121.55333, 37.06951 ], [ -121.55294, 37.06913 ], [ -121.55356, 37.06853 ], [ -121.55371, 37.06843 ], [ -121.55434, 37.06815 ], [ -121.55612, 37.06755 ], [ -121.55717, 37.06941 ], [ -121.56058, 37.07565 ], [ -121.56518, 37.07401 ], [ -121.56918, 37.0724 ], [ -121.56253, 37.06025 ], [ -121.5677, 37.05842 ], [ -121.57088, 37.06422 ], [ -121.58227, 37.06022 ], [ -121.58492, 37.05922 ], [ -121.58805, 37.05816 ], [ -121.59327, 37.05633 ], [ -121.59404, 37.056 ], [ -121.59807, 37.05513 ], [ -121.599159, 37.054987 ], [ -121.60155, 37.05438 ], [ -121.6136, 37.05181 ], [ -121.61366, 37.05128 ], [ -121.61329, 37.05058 ], [ -121.613919, 37.050541 ], [ -121.613905, 37.049646 ], [ -121.628409, 37.066159 ], [ -121.626726, 37.065651 ], [ -121.626276, 37.066335 ], [ -121.625717, 37.066794 ], [ -121.625044, 37.067503 ], [ -121.624401, 37.066971 ], [ -121.623889, 37.066968 ], [ -121.623476, 37.067186 ], [ -121.623256, 37.067257 ], [ -121.622872, 37.067098 ], [ -121.622578, 37.067131 ], [ -121.622475, 37.067269 ], [ -121.622262, 37.067378 ], [ -121.621961, 37.067412 ], [ -121.6217, 37.067538 ], [ -121.62161, 37.067771 ], [ -121.621557, 37.068027 ], [ -121.621488, 37.068082 ], [ -121.620933, 37.068297 ], [ -121.62072, 37.068467 ], [ -121.62044, 37.068874 ], [ -121.620296, 37.069154 ], [ -121.620036, 37.069396 ], [ -121.618685, 37.069682 ], [ -121.618192, 37.06993 ], [ -121.617739, 37.0701 ], [ -121.617492, 37.070155 ], [ -121.616985, 37.070128 ], [ -121.61687, 37.07015 ], [ -121.61833, 37.07278 ], [ -121.62242, 37.07983 ], [ -121.6252, 37.08456 ], [ -121.62629, 37.08633 ], [ -121.62682, 37.08694 ], [ -121.62711, 37.08722 ], [ -121.62747, 37.0875 ], [ -121.62814, 37.08788 ], [ -121.62941, 37.08847 ], [ -121.6299, 37.08862 ], [ -121.630393, 37.088709 ] ] ] } },
{ "type": "Feature", "properties": { "place": "Seacliff", "place_kind": "cdp", "county": "Santa Cruz" }, "geometry": { "type": "Polygon", "coordinates": [ [ [ -121.933225, 36.978075 ], [ -121.93298, 36.979058 ], [ -121.932353, 36.978854 ], [ -121.932083, 36.978829 ], [ -121.932016, 36.979155 ], [ -121.93176, 36.979138 ], [ -121.931767, 36.979483 ], [ -121.93149, 36.979353 ], [ -121.931239, 36.979049 ], [ -121.92981, 36.981494 ], [ -121.932493, 36.981839 ], [ -121.932321, 36.982495 ], [ -121.931997, 36.982543 ], [ -121.931849, 36.983777 ], [ -121.931659, 36.983759 ], [ -121.920491, 36.98221 ], [ -121.919529, 36.982035 ], [ -121.918683, 36.98183 ], [ -121.917224, 36.981353 ], [ -121.916114, 36.980875 ], [ -121.907393, 36.976314 ], [ -121.906503, 36.975913 ], [ -121.905688, 36.975628 ], [ -121.904699, 36.975399 ], [ -121.902072, 36.975072 ], [ -121.902238, 36.9747 ], [ -121.902441, 36.974526 ], [ -121.902986, 36.974328 ], [ -121.903351, 36.974145 ], [ -121.903998, 36.973664 ], [ -121.904708, 36.973333 ], [ -121.905071, 36.973044 ], [ -121.905256, 36.972811 ], [ -121.905356, 36.972597 ], [ -121.905363, 36.972487 ], [ -121.905471, 36.9723 ], [ -121.905605, 36.97163 ], [ -121.906467, 36.969449 ], [ -121.906468, 36.96895 ], [ -121.912777, 36.97136 ], [ -121.913611, 36.970073 ], [ -121.913699, 36.969816 ], [ -121.914226, 36.968873 ], [ -121.914484, 36.969012 ], [ -121.912938, 36.971406 ], [ -121.923465, 36.975682 ], [ -121.925477, 36.976358 ], [ -121.927572, 36.976922 ], [ -121.927998, 36.977093 ], [ -121.928141, 36.977206 ], [ -121.928204, 36.977453 ], [ -121.928255, 36.977459 ], [ -121.928519, 36.97736 ], [ -121.928951, 36.977387 ], [ -121.930297, 36.9776 ], [ -121.931636, 36.977862 ], [ -121.932381, 36.977931 ], [ -121.932909, 36.978073 ], [ -121.933225, 36.978075 ] ] ] } },
{ "type": "Feature", "properties": { "place": "Paradise Park", "place_kind": "cdp", "county": "Santa Cruz" }, "geometry": { "type": "Polygon", "coordinates": [ [ [ -122.049765, 37.010924 ], [ -122.048304, 37.01184 ], [ -122.044392, 37.013119 ], [ -122.043246, 37.012901 ], [ -122.042825, 37.012698 ], [ -122.042552, 37.012461 ], [ -122.042465, 37.012261 ], [ -122.042481, 37.012013 ], [ -122.042557, 37.011776 ], [ -122.042795, 37.011324 ], [ -122.042875, 37.011197 ], [ -122.043262, 37.010769 ], [ -122.043766, 37.010408 ], [ -122.043544, 37.010272 ], [ -122.04307, 37.009868 ], [ -122.04143, 37.008927 ], [ -122.040521, 37.008487 ], [ -122.040314, 37.008363 ], [ -122.040076, 37.008156 ], [ -122.039966, 37.007934 ], [ -122.039943, 37.007526 ], [ -122.039993, 37.007137 ], [ -122.040127, 37.006963 ], [ -122.040661, 37.00658 ], [ -122.040802, 37.006402 ], [ -122.040894, 37.006188 ], [ -122.040945, 37.005967 ], [ -122.040937, 37.005818 ], [ -122.040874, 37.00568 ], [ -122.040733, 37.005519 ], [ -122.040568, 37.005407 ], [ -122.039376, 37.004956 ], [ -122.038469, 37.004301 ], [ -122.037542, 37.003799 ], [ -122.037167, 37.003395 ], [ -122.036278, 37.002125 ], [ -122.036079, 37.001739 ], [ -122.035943, 37.001363 ], [ -122.035803, 37.000579 ], [ -122.03578, 37.000105 ], [ -122.035798, 36.999746 ], [ -122.036003, 36.999602 ], [ -122.036471, 36.998132 ], [ -122.037109, 36.997947 ], [ -122.037876, 36.997571 ], [ -122.038289, 36.998107 ], [ -122.04325, 37.005375 ], [ -122.043416, 37.005925 ], [ -122.045627, 37.005808 ], [ -122.045918, 37.007141 ], [ -122.047221, 37.007725 ], [ -122.048576, 37.008735 ], [ -122.049356, 37.009604 ], [ -122.049674, 37.010849 ], [ -122.049765, 37.010924 ] ] ] } },
{ "type": "Feature", "properties": { "place": "Pasatiempo", "place_kind": "cdp", "county": "Santa Cruz" }, "geometry": { "type": "Polygon", "coordinates": [ [ [ -122.034165, 37.011753 ], [ -122.032366, 37.011784 ], [ -122.03201, 37.011863 ], [ -122.031823, 37.011956 ], [ -122.030284, 37.013364 ], [ -122.029867, 37.013795 ], [ -122.028106, 37.016035 ], [ -122.02758, 37.016523 ], [ -122.026575, 37.015475 ], [ -122.024681, 37.013359 ], [ -122.023769, 37.0124 ], [ -122.023314, 37.011565 ], [ -122.022931, 37.010491 ], [ -122.022424, 37.009484 ], [ -122.022374, 37.009269 ], [ -122.022376, 37.008971 ], [ -122.022334, 37.008858 ], [ -122.022215, 37.008749 ], [ -122.022011, 37.008671 ], [ -122.021565, 37.008673 ], [ -122.021105, 37.007558 ], [ -122.020874, 37.006587 ], [ -122.020488, 37.003498 ], [ -122.020499, 37.002955 ], [ -122.02055, 37.002673 ], [ -122.020826, 37.002406 ], [ -122.021824, 37.000647 ], [ -122.021977, 37.00016 ], [ -122.022041, 36.999704 ], [ -122.02201, 36.999352 ], [ -122.021937, 36.999028 ], [ -122.021554, 36.99805 ], [ -122.021367, 36.997677 ], [ -122.020966, 36.99707 ], [ -122.020038, 36.996263 ], [ -122.019944, 36.996468 ], [ -122.019343, 36.995708 ], [ -122.019112, 36.995276 ], [ -122.019018, 36.99502 ], [ -122.018917, 36.994538 ], [ -122.018929, 36.993865 ], [ -122.019126, 36.993197 ], [ -122.019314, 36.992847 ], [ -122.020145, 36.991789 ], [ -122.020543, 36.991331 ], [ -122.022893, 36.991312 ], [ -122.024403, 36.991167 ], [ -122.024443, 36.991431 ], [ -122.025599, 36.991344 ], [ -122.026517, 36.991363 ], [ -122.026388, 36.991207 ], [ -122.027238, 36.991066 ], [ -122.027714, 36.991498 ], [ -122.027969, 36.991793 ], [ -122.028101, 36.992095 ], [ -122.028133, 36.992448 ], [ -122.02812, 36.992713 ], [ -122.028192, 36.993107 ], [ -122.028484, 36.993871 ], [ -122.02848, 36.994057 ], [ -122.028385, 36.994629 ], [ -122.028401, 36.994861 ], [ -122.028496, 36.995171 ], [ -122.028736, 36.995723 ], [ -122.028841, 36.996162 ], [ -122.028865, 36.996587 ], [ -122.028757, 36.997544 ], [ -122.028794, 36.997716 ], [ -122.029064, 36.99811 ], [ -122.029915, 36.999005 ], [ -122.030529, 36.999769 ], [ -122.032622, 37.003363 ], [ -122.033232, 37.004364 ], [ -122.03391, 37.005377 ], [ -122.034039, 37.005648 ], [ -122.034095, 37.005972 ], [ -122.034165, 37.011753 ] ] ] } },
{ "type": "Feature", "properties": { "place": "Pleasure Point", "place_kind": "cdp", "county": "Santa Cruz" }, "geometry": { "type": "Polygon", "coordinates": [ [ [ -121.992744, 36.952293 ], [ -121.984533, 36.960418 ], [ -121.984206, 36.960807 ], [ -121.984086, 36.96078 ], [ -121.981291, 36.961524 ], [ -121.980803, 36.961495 ], [ -121.980736, 36.961544 ], [ -121.980687, 36.961744 ], [ -121.980595, 36.961834 ], [ -121.980228, 36.96202 ], [ -121.979832, 36.962323 ], [ -121.97965, 36.962703 ], [ -121.979367, 36.962961 ], [ -121.979261, 36.963031 ], [ -121.978988, 36.963095 ], [ -121.978734, 36.963222 ], [ -121.978657, 36.963223 ], [ -121.977591, 36.964052 ], [ -121.97738, 36.964247 ], [ -121.977179, 36.964493 ], [ -121.976444, 36.965123 ], [ -121.976142, 36.965491 ], [ -121.975987, 36.965883 ], [ -121.975629, 36.96725 ], [ -121.975436, 36.96769 ], [ -121.97412, 36.967493 ], [ -121.973308, 36.96742 ], [ -121.971861, 36.967487 ], [ -121.970046, 36.967654 ], [ -121.970046, 36.967594 ], [ -121.970725, 36.967536 ], [ -121.970723, 36.967079 ], [ -121.969126, 36.967098 ], [ -121.969116, 36.966421 ], [ -121.969438, 36.966418 ], [ -121.969465, 36.965227 ], [ -121.968618, 36.965221 ], [ -121.968608, 36.965751 ], [ -121.96829, 36.965757 ], [ -121.9683, 36.966428 ], [ -121.96863, 36.966424 ], [ -121.968642, 36.967111 ], [ -121.967382, 36.967127 ], [ -121.967383, 36.967469 ], [ -121.965567, 36.967492 ], [ -121.965574, 36.967838 ], [ -121.964899, 36.96785 ], [ -121.964899, 36.967245 ], [ -121.964806, 36.967246 ], [ -121.964756, 36.967195 ], [ -121.964629, 36.967192 ], [ -121.964629, 36.967497 ], [ -121.963623, 36.967499 ], [ -121.963544, 36.967133 ], [ -121.963496, 36.967141 ], [ -121.963351, 36.967196 ], [ -121.963238, 36.967287 ], [ -121.96317, 36.967404 ], [ -121.963129, 36.967647 ], [ -121.962983, 36.967825 ], [ -121.963432, 36.968269 ], [ -121.958235, 36.968739 ], [ -121.958212, 36.968461 ], [ -121.957037, 36.967461 ], [ -121.955822, 36.967958 ], [ -121.952413, 36.968046 ], [ -121.951816, 36.96833 ], [ -121.951513, 36.968223 ], [ -121.946142, 36.964073 ], [ -121.97457, 36.947014 ], [ -121.992744, 36.952293 ] ] ] } },
{ "type": "Feature", "properties": { "place": "Rio del Mar", "place_kind": "cdp", "county": "Santa Cruz" }, "geometry": { "type": "Polygon", "coordinates": [ [ [ -121.908878, 36.960671 ], [ -121.907184, 36.967211 ], [ -121.906468, 36.96895 ], [ -121.906467, 36.969449 ], [ -121.905605, 36.97163 ], [ -121.905471, 36.9723 ], [ -121.905363, 36.972487 ], [ -121.905356, 36.972597 ], [ -121.905256, 36.972811 ], [ -121.905071, 36.973044 ], [ -121.904708, 36.973333 ], [ -121.903998, 36.973664 ], [ -121.903351, 36.974145 ], [ -121.902986, 36.974328 ], [ -121.902441, 36.974526 ], [ -121.902238, 36.9747 ], [ -121.902072, 36.975072 ], [ -121.900166, 36.974845 ], [ -121.899138, 36.974793 ], [ -121.890078, 36.975351 ], [ -121.888581, 36.97531 ], [ -121.887326, 36.975159 ], [ -121.886619, 36.975018 ], [ -121.885471, 36.974718 ], [ -121.87519, 36.971126 ], [ -121.874573, 36.970896 ], [ -121.873685, 36.970498 ], [ -121.873271, 36.970286 ], [ -121.872554, 36.969848 ], [ -121.871825, 36.96932 ], [ -121.871184, 36.96877 ], [ -121.864849, 36.962651 ], [ -121.862932, 36.960757 ], [ -121.862711, 36.960573 ], [ -121.864195, 36.956975 ], [ -121.864277, 36.956676 ], [ -121.864298, 36.956385 ], [ -121.864301, 36.955659 ], [ -121.864186, 36.952905 ], [ -121.864035, 36.951068 ], [ -121.864345, 36.951017 ], [ -121.864173, 36.950439 ], [ -121.864101, 36.949871 ], [ -121.863763, 36.949258 ], [ -121.863695, 36.948608 ], [ -121.863743, 36.947778 ], [ -121.863661, 36.947368 ], [ -121.863589, 36.946552 ], [ -121.863555, 36.946456 ], [ -121.863363, 36.946236 ], [ -121.863354, 36.94584 ], [ -121.863401, 36.945733 ], [ -121.863526, 36.945069 ], [ -121.863607, 36.944838 ], [ -121.863624, 36.944625 ], [ -121.863564, 36.944239 ], [ -121.863594, 36.944112 ], [ -121.863735, 36.943847 ], [ -121.864184, 36.943399 ], [ -121.865326, 36.942801 ], [ -121.865711, 36.942533 ], [ -121.865771, 36.942423 ], [ -121.865808, 36.942184 ], [ -121.865959, 36.941769 ], [ -121.866609, 36.941019 ], [ -121.866759, 36.940723 ], [ -121.866819, 36.940444 ], [ -121.866797, 36.9402 ], [ -121.866426, 36.938626 ], [ -121.866114, 36.937879 ], [ -121.86608, 36.937735 ], [ -121.866012, 36.937645 ], [ -121.865952, 36.93748 ], [ -121.86587, 36.93741 ], [ -121.865888, 36.93737 ], [ -121.866285, 36.937012 ], [ -121.866344, 36.937023 ], [ -121.866583, 36.936958 ], [ -121.874025, 36.930162 ], [ -121.875644, 36.932919 ], [ -121.87562, 36.937208 ], [ -121.885607, 36.943207 ], [ -121.908878, 36.960671 ] ] ] } },
{ "type": "Feature", "properties": { "place": "Ridgemark", "place_kind": "cdp", "county": "Santa Cruz" }, "geometry": { "type": "Polygon", "coordinates": [ [ [ -121.388267, 36.818584 ], [ -121.388294, 36.820156 ], [ -121.388121, 36.823569 ], [ -121.383395, 36.823435 ], [ -121.382334, 36.823344 ], [ -121.381383, 36.823125 ], [ -121.379073, 36.82244 ], [ -121.377, 36.821508 ], [ -121.374311, 36.820232 ], [ -121.373809, 36.820035 ], [ -121.372433, 36.819578 ], [ -121.371293, 36.819257 ], [ -121.371195, 36.819251 ], [ -121.371109, 36.819289 ], [ -121.370945, 36.819544 ], [ -121.370457, 36.819282 ], [ -121.367803, 36.81768 ], [ -121.366788, 36.817155 ], [ -121.366089, 36.816886 ], [ -121.36534, 36.816662 ], [ -121.363544, 36.816271 ], [ -121.363548, 36.8162 ], [ -121.353951, 36.814424 ], [ -121.352699, 36.814101 ], [ -121.352165, 36.813915 ], [ -121.351415, 36.813595 ], [ -121.350981, 36.813375 ], [ -121.349803, 36.812665 ], [ -121.349166, 36.812163 ], [ -121.347612, 36.810738 ], [ -121.337105, 36.800965 ], [ -121.336181, 36.800158 ], [ -121.336333, 36.799945 ], [ -121.33634, 36.799301 ], [ -121.341719, 36.797877 ], [ -121.355873, 36.796026 ], [ -121.3653, 36.793433 ], [ -121.368978, 36.792487 ], [ -121.369129, 36.792965 ], [ -121.369111, 36.793179 ], [ -121.369054, 36.793321 ], [ -121.368745, 36.793645 ], [ -121.367755, 36.79429 ], [ -121.367586, 36.794483 ], [ -121.367413, 36.794806 ], [ -121.367163, 36.795454 ], [ -121.366938, 36.796399 ], [ -121.366779, 36.796673 ], [ -121.366364, 36.79725 ], [ -121.366307, 36.797508 ], [ -121.366349, 36.79815 ], [ -121.366404, 36.798301 ], [ -121.366457, 36.798338 ], [ -121.366837, 36.798914 ], [ -121.36688, 36.799063 ], [ -121.366881, 36.799227 ], [ -121.366796, 36.799429 ], [ -121.365868, 36.800755 ], [ -121.365795, 36.800901 ], [ -121.365737, 36.801134 ], [ -121.365741, 36.801825 ], [ -121.365635, 36.802633 ], [ -121.365685, 36.80293 ], [ -121.365986, 36.803527 ], [ -121.366421, 36.804217 ], [ -121.366781, 36.804866 ], [ -121.367169, 36.80571 ], [ -121.367456, 36.806648 ], [ -121.367619, 36.806939 ], [ -121.368156, 36.807609 ], [ -121.368514, 36.807912 ], [ -121.369163, 36.808375 ], [ -121.369562, 36.808613 ], [ -121.36979, 36.808729 ], [ -121.370043, 36.80881 ], [ -121.370517, 36.808898 ], [ -121.371829, 36.809054 ], [ -121.372536, 36.809189 ], [ -121.375129, 36.810085 ], [ -121.375336, 36.810132 ], [ -121.375795, 36.810152 ], [ -121.377765, 36.809976 ], [ -121.378319, 36.810026 ], [ -121.379068, 36.810187 ], [ -121.379374, 36.810291 ], [ -121.379696, 36.810466 ], [ -121.380055, 36.810729 ], [ -121.380908, 36.811628 ], [ -121.381361, 36.812052 ], [ -121.38193, 36.812711 ], [ -121.382187, 36.812948 ], [ -121.382372, 36.813077 ], [ -121.382666, 36.813218 ], [ -121.383026, 36.813347 ], [ -121.38337, 36.813403 ], [ -121.383618, 36.813508 ], [ -121.383991, 36.813716 ], [ -121.384304, 36.813972 ], [ -121.384935, 36.814794 ], [ -121.385304, 36.815395 ], [ -121.38585, 36.816414 ], [ -121.386, 36.816618 ], [ -121.386209, 36.816826 ], [ -121.38794, 36.818046 ], [ -121.38812, 36.818255 ], [ -121.388267, 36.818584 ] ] ] } },
{ "type": "Feature", "properties": { "place": "Soquel", "place_kind": "cdp", "county": "Santa Cruz" }, "geometry": { "type": "Polygon", "coordinates": [ [ [ -121.97128, 36.986564 ], [ -121.970714, 36.987051 ], [ -121.970506, 36.987163 ], [ -121.970282, 36.987365 ], [ -121.970247, 36.987724 ], [ -121.969553, 36.987595 ], [ -121.969512, 36.987749 ], [ -121.96954, 36.98801 ], [ -121.969695, 36.9883 ], [ -121.969922, 36.988958 ], [ -121.969943, 36.989161 ], [ -121.969904, 36.989502 ], [ -121.969929, 36.98968 ], [ -121.970113, 36.989976 ], [ -121.970168, 36.990152 ], [ -121.970175, 36.990379 ], [ -121.969996, 36.990964 ], [ -121.969994, 36.991241 ], [ -121.970065, 36.991419 ], [ -121.970206, 36.991581 ], [ -121.970525, 36.991796 ], [ -121.970786, 36.992022 ], [ -121.970898, 36.992204 ], [ -121.970951, 36.992405 ], [ -121.97094, 36.992574 ], [ -121.970811, 36.992854 ], [ -121.970757, 36.993122 ], [ -121.970778, 36.993669 ], [ -121.970756, 36.993921 ], [ -121.970688, 36.994163 ], [ -121.970467, 36.994698 ], [ -121.970387, 36.995051 ], [ -121.970356, 36.995396 ], [ -121.970455, 36.995848 ], [ -121.970863, 36.996836 ], [ -121.970914, 36.997073 ], [ -121.970629, 36.997623 ], [ -121.970409, 36.998382 ], [ -121.970396, 36.99849 ], [ -121.970463, 36.999013 ], [ -121.970231, 36.999676 ], [ -121.970128, 37.000077 ], [ -121.970212, 37.000551 ], [ -121.969485, 37.002384 ], [ -121.969496, 37.002528 ], [ -121.969846, 37.003438 ], [ -121.969906, 37.00389 ], [ -121.969901, 37.004562 ], [ -121.969871, 37.004814 ], [ -121.969777, 37.005099 ], [ -121.969343, 37.006023 ], [ -121.969114, 37.006362 ], [ -121.967986, 37.007225 ], [ -121.966862, 37.007916 ], [ -121.96607, 37.008449 ], [ -121.96514, 37.009493 ], [ -121.964462, 37.010191 ], [ -121.963964, 37.011127 ], [ -121.963526, 37.012096 ], [ -121.958968, 37.012237 ], [ -121.955091, 37.012826 ], [ -121.95512, 37.012795 ], [ -121.955192, 37.012244 ], [ -121.95541, 37.011311 ], [ -121.955408, 37.011198 ], [ -121.955336, 37.011151 ], [ -121.953184, 37.010845 ], [ -121.953107, 37.011453 ], [ -121.952756, 37.01259 ], [ -121.952483, 37.011948 ], [ -121.952538, 37.011855 ], [ -121.95261, 37.011578 ], [ -121.949917, 37.011652 ], [ -121.949916, 37.0115 ], [ -121.94942, 37.011508 ], [ -121.947252, 37.011419 ], [ -121.942439, 37.011504 ], [ -121.938934, 37.013091 ], [ -121.937804, 37.013056 ], [ -121.937785, 37.013004 ], [ -121.937807, 37.012903 ], [ -121.938104, 37.012629 ], [ -121.938156, 37.012534 ], [ -121.938066, 37.01243 ], [ -121.937883, 37.012335 ], [ -121.937838, 37.012243 ], [ -121.938284, 37.011829 ], [ -121.938309, 37.011704 ], [ -121.938214, 37.011522 ], [ -121.937934, 37.011404 ], [ -121.93674, 37.011469 ], [ -121.936887, 37.012215 ], [ -121.93584, 37.012171 ], [ -121.93517, 37.010249 ], [ -121.934903, 37.01018 ], [ -121.934761, 37.010333 ], [ -121.934647, 37.010313 ], [ -121.934354, 37.010339 ], [ -121.933942, 37.010458 ], [ -121.928068, 37.015093 ], [ -121.925712, 37.013261 ], [ -121.92639, 37.012741 ], [ -121.926625, 37.012262 ], [ -121.926859, 37.01197 ], [ -121.927669, 37.011186 ], [ -121.925702, 37.01101 ], [ -121.92583, 37.010832 ], [ -121.926336, 37.009856 ], [ -121.926613, 37.008196 ], [ -121.926296, 37.007623 ], [ -121.926262, 37.007025 ], [ -121.92637, 37.006583 ], [ -121.926449, 37.006406 ], [ -121.927856, 37.00421 ], [ -121.927821, 37.003804 ], [ -121.927748, 37.003447 ], [ -121.927551, 37.003027 ], [ -121.927337, 37.002808 ], [ -121.927211, 37.002164 ], [ -121.927068, 37.001811 ], [ -121.926801, 37.001306 ], [ -121.926463, 37.000828 ], [ -121.926293, 37.000502 ], [ -121.925964, 37.000245 ], [ -121.925738, 36.99997 ], [ -121.925645, 36.999518 ], [ -121.925648, 36.999116 ], [ -121.925565, 36.998874 ], [ -121.925062, 36.997796 ], [ -121.92475, 36.997434 ], [ -121.924408, 36.996845 ], [ -121.923983, 36.996265 ], [ -121.923792, 36.996062 ], [ -121.923409, 36.99584 ], [ -121.923322, 36.995722 ], [ -121.923273, 36.995442 ], [ -121.923291, 36.995142 ], [ -121.92336, 36.994886 ], [ -121.923431, 36.994747 ], [ -121.923807, 36.994329 ], [ -121.923987, 36.994071 ], [ -121.924275, 36.993375 ], [ -121.924425, 36.993166 ], [ -121.924593, 36.993018 ], [ -121.92484, 36.992834 ], [ -121.925386, 36.992546 ], [ -121.926384, 36.992173 ], [ -121.92713, 36.991827 ], [ -121.92808, 36.991532 ], [ -121.928568, 36.991318 ], [ -121.928887, 36.9911 ], [ -121.929422, 36.990479 ], [ -121.929665, 36.990272 ], [ -121.929258, 36.989984 ], [ -121.929308, 36.989901 ], [ -121.929339, 36.98851 ], [ -121.929372, 36.988243 ], [ -121.929436, 36.988075 ], [ -121.929858, 36.987699 ], [ -121.930169, 36.987345 ], [ -121.930327, 36.987034 ], [ -121.930355, 36.986886 ], [ -121.930303, 36.986511 ], [ -121.930259, 36.98647 ], [ -121.930144, 36.986189 ], [ -121.930092, 36.986141 ], [ -121.930038, 36.985977 ], [ -121.929986, 36.985323 ], [ -121.930012, 36.985079 ], [ -121.930183, 36.984743 ], [ -121.930351, 36.984556 ], [ -121.930719, 36.98427 ], [ -121.930944, 36.984143 ], [ -121.931427, 36.983729 ], [ -121.932699, 36.983844 ], [ -121.932787, 36.984008 ], [ -121.935925, 36.984281 ], [ -121.936533, 36.984365 ], [ -121.936862, 36.984494 ], [ -121.941136, 36.983905 ], [ -121.948157, 36.98391 ], [ -121.949457, 36.983838 ], [ -121.952937, 36.983548 ], [ -121.953594, 36.98359 ], [ -121.955311, 36.98355 ], [ -121.956122, 36.983488 ], [ -121.956365, 36.983506 ], [ -121.957119, 36.983672 ], [ -121.957171, 36.984029 ], [ -121.957743, 36.983744 ], [ -121.957804, 36.983732 ], [ -121.957882, 36.983766 ], [ -121.958021, 36.983689 ], [ -121.95775, 36.983392 ], [ -121.958277, 36.983219 ], [ -121.959648, 36.983005 ], [ -121.960104, 36.982963 ], [ -121.962212, 36.98294 ], [ -121.96247, 36.982975 ], [ -121.962814, 36.983095 ], [ -121.963714, 36.983702 ], [ -121.964022, 36.983765 ], [ -121.964618, 36.983672 ], [ -121.964778, 36.984176 ], [ -121.96512, 36.984172 ], [ -121.965116, 36.984135 ], [ -121.965193, 36.984133 ], [ -121.965192, 36.984052 ], [ -121.965095, 36.983974 ], [ -121.965027, 36.983804 ], [ -121.965019, 36.983196 ], [ -121.965524, 36.983189 ], [ -121.965518, 36.982722 ], [ -121.968688, 36.982882 ], [ -121.969879, 36.983017 ], [ -121.971059, 36.983241 ], [ -121.9712, 36.984088 ], [ -121.971229, 36.984573 ], [ -121.971192, 36.984676 ], [ -121.970845, 36.984972 ], [ -121.970767, 36.985162 ], [ -121.970745, 36.985396 ], [ -121.97083, 36.985647 ], [ -121.97125, 36.986303 ], [ -121.971286, 36.986426 ], [ -121.97128, 36.986564 ] ] ] } },
{ "type": "Feature", "properties": { "place": "Spreckels", "place_kind": "cdp", "county": "Monterey" }, "geometry": { "type": "Polygon", "coordinates": [ [ [ -121.650927, 36.623825 ], [ -121.648668, 36.627767 ], [ -121.644903, 36.62629 ], [ -121.644411, 36.627096 ], [ -121.642029, 36.626096 ], [ -121.644852, 36.62143 ], [ -121.650927, 36.623825 ] ] ] } },
{ "type": "Feature", "properties": { "place": "Twin Lakes", "place_kind": "cdp", "county": "Santa Cruz" }, "geometry": { "type": "Polygon", "coordinates": [ [ [ -122.00174, 36.96815 ], [ -122.001035, 36.968211 ], [ -122.000193, 36.968361 ], [ -121.995591, 36.969517 ], [ -121.995004, 36.969595 ], [ -121.994447, 36.969617 ], [ -121.987787, 36.969545 ], [ -121.987132, 36.969519 ], [ -121.985675, 36.969331 ], [ -121.975436, 36.96769 ], [ -121.975629, 36.96725 ], [ -121.975987, 36.965883 ], [ -121.976142, 36.965491 ], [ -121.976444, 36.965123 ], [ -121.977179, 36.964493 ], [ -121.97738, 36.964247 ], [ -121.977591, 36.964052 ], [ -121.978657, 36.963223 ], [ -121.978734, 36.963222 ], [ -121.978988, 36.963095 ], [ -121.979261, 36.963031 ], [ -121.979367, 36.962961 ], [ -121.97965, 36.962703 ], [ -121.979832, 36.962323 ], [ -121.980228, 36.96202 ], [ -121.980595, 36.961834 ], [ -121.980687, 36.961744 ], [ -121.980736, 36.961544 ], [ -121.980803, 36.961495 ], [ -121.981291, 36.961524 ], [ -121.984086, 36.96078 ], [ -121.984206, 36.960807 ], [ -121.984533, 36.960418 ], [ -121.992744, 36.952293 ], [ -122.00051, 36.945882 ], [ -122.000587, 36.954574 ], [ -122.000554, 36.961886 ], [ -122.000303, 36.962983 ], [ -122.000124, 36.964416 ], [ -122.000158, 36.964577 ], [ -122.000431, 36.964973 ], [ -122.000581, 36.965362 ], [ -122.000807, 36.965751 ], [ -122.000856, 36.966392 ], [ -122.000849, 36.966707 ], [ -122.000878, 36.9668 ], [ -122.00172, 36.967914 ], [ -122.00174, 36.96815 ] ] ] } },
{ "type": "Feature", "properties": { "place": "Zayante", "place_kind": "cdp", "county": "Santa Cruz" }, "geometry": { "type": "Polygon", "coordinates": [ [ [ -122.060783, 37.05574 ], [ -122.060635, 37.056226 ], [ -122.060509, 37.056474 ], [ -122.058693, 37.059317 ], [ -122.058402, 37.059674 ], [ -122.057938, 37.060121 ], [ -122.058174, 37.060048 ], [ -122.05781, 37.060229 ], [ -122.056516, 37.061106 ], [ -122.05615, 37.061493 ], [ -122.055991, 37.061806 ], [ -122.055945, 37.062032 ], [ -122.055912, 37.062601 ], [ -122.055923, 37.062888 ], [ -122.055995, 37.063177 ], [ -122.057395, 37.065976 ], [ -122.05747, 37.066185 ], [ -122.057511, 37.066512 ], [ -122.057486, 37.066773 ], [ -122.05684, 37.068991 ], [ -122.056274, 37.07246 ], [ -122.056126, 37.072975 ], [ -122.055925, 37.073407 ], [ -122.055591, 37.073869 ], [ -122.055286, 37.074185 ], [ -122.053886, 37.075419 ], [ -122.053585, 37.075782 ], [ -122.053328, 37.076225 ], [ -122.052283, 37.078249 ], [ -122.052133, 37.078503 ], [ -122.050916, 37.080209 ], [ -122.050531, 37.081003 ], [ -122.050487, 37.081166 ], [ -122.050476, 37.081509 ], [ -122.050669, 37.082158 ], [ -122.050867, 37.083089 ], [ -122.050914, 37.083227 ], [ -122.051314, 37.08391 ], [ -122.051463, 37.084268 ], [ -122.051855, 37.085558 ], [ -122.051788, 37.085988 ], [ -122.051606, 37.086514 ], [ -122.051615, 37.086745 ], [ -122.051773, 37.087022 ], [ -122.051959, 37.087184 ], [ -122.044498, 37.096201 ], [ -122.040799, 37.101912 ], [ -122.037766, 37.10627 ], [ -122.038226, 37.113541 ], [ -122.038099, 37.113607 ], [ -122.038051, 37.113674 ], [ -122.038132, 37.113985 ], [ -122.038034, 37.114046 ], [ -122.037819, 37.114096 ], [ -122.037676, 37.114184 ], [ -122.037613, 37.114304 ], [ -122.037679, 37.114609 ], [ -122.037427, 37.114996 ], [ -122.037446, 37.115423 ], [ -122.037281, 37.115399 ], [ -122.037023, 37.115193 ], [ -122.036958, 37.114888 ], [ -122.037048, 37.114581 ], [ -122.037047, 37.114462 ], [ -122.036915, 37.114334 ], [ -122.036765, 37.114294 ], [ -122.036662, 37.114301 ], [ -122.036484, 37.114409 ], [ -122.036373, 37.114432 ], [ -122.035965, 37.11444 ], [ -122.035567, 37.114611 ], [ -122.03526, 37.114826 ], [ -122.035153, 37.114938 ], [ -122.034965, 37.115006 ], [ -122.034887, 37.115002 ], [ -122.034654, 37.114899 ], [ -122.034398, 37.114682 ], [ -122.034348, 37.114651 ], [ -122.034278, 37.114657 ], [ -122.03422, 37.114745 ], [ -122.034297, 37.115311 ], [ -122.034598, 37.115564 ], [ -122.034944, 37.115608 ], [ -122.03501, 37.115664 ], [ -122.034971, 37.115795 ], [ -122.034895, 37.11582 ], [ -122.034694, 37.115751 ], [ -122.034255, 37.115762 ], [ -122.033974, 37.116014 ], [ -122.033706, 37.116019 ], [ -122.033617, 37.115964 ], [ -122.033158, 37.115946 ], [ -122.032883, 37.115798 ], [ -122.032638, 37.115841 ], [ -122.032254, 37.115854 ], [ -122.03202, 37.115942 ], [ -122.031848, 37.115949 ], [ -122.031427, 37.115809 ], [ -122.031111, 37.115752 ], [ -122.030717, 37.115752 ], [ -122.030339, 37.115845 ], [ -122.029993, 37.116077 ], [ -122.029871, 37.116025 ], [ -122.029631, 37.115833 ], [ -122.029299, 37.11588 ], [ -122.029011, 37.115828 ], [ -122.028901, 37.115838 ], [ -122.028769, 37.116071 ], [ -122.028774, 37.116205 ], [ -122.02891, 37.116703 ], [ -122.028875, 37.116761 ], [ -122.028787, 37.116796 ], [ -122.028532, 37.116737 ], [ -122.02756, 37.116133 ], [ -122.027381, 37.116086 ], [ -122.027059, 37.116098 ], [ -122.026927, 37.116005 ], [ -122.026737, 37.115839 ], [ -122.026854, 37.115367 ], [ -122.026839, 37.115272 ], [ -122.026786, 37.115206 ], [ -122.02637, 37.11496 ], [ -122.025847, 37.114544 ], [ -122.025801, 37.114318 ], [ -122.025678, 37.114109 ], [ -122.025608, 37.114052 ], [ -122.025014, 37.113909 ], [ -122.024437, 37.113485 ], [ -122.024311, 37.113484 ], [ -122.024264, 37.113519 ], [ -122.024263, 37.113806 ], [ -122.024321, 37.113888 ], [ -122.024844, 37.114323 ], [ -122.024864, 37.114502 ], [ -122.024829, 37.114577 ], [ -122.024599, 37.114739 ], [ -122.024323, 37.11486 ], [ -122.024048, 37.115068 ], [ -122.023898, 37.11512 ], [ -122.02359, 37.115122 ], [ -122.023174, 37.114939 ], [ -122.022754, 37.114602 ], [ -122.022749, 37.114446 ], [ -122.022924, 37.114179 ], [ -122.022825, 37.11401 ], [ -122.022636, 37.113902 ], [ -122.022238, 37.113824 ], [ -122.022034, 37.113818 ], [ -122.022061, 37.112889 ], [ -122.021947, 37.112775 ], [ -122.021981, 37.110653 ], [ -122.021923, 37.108112 ], [ -122.02205, 37.106188 ], [ -122.021973, 37.106173 ], [ -122.021951, 37.106015 ], [ -122.021981, 37.098605 ], [ -122.030881, 37.098266 ], [ -122.030902, 37.098175 ], [ -122.031355, 37.098003 ], [ -122.031959, 37.097587 ], [ -122.032408, 37.09691 ], [ -122.03404, 37.096273 ], [ -122.034603, 37.094983 ], [ -122.034848, 37.094886 ], [ -122.035158, 37.093922 ], [ -122.035028, 37.093245 ], [ -122.035399, 37.092706 ], [ -122.035493, 37.092243 ], [ -122.034709, 37.092247 ], [ -122.034786, 37.091667 ], [ -122.035706, 37.091667 ], [ -122.035706, 37.088626 ], [ -122.037897, 37.085616 ], [ -122.039173, 37.085647 ], [ -122.040773, 37.084847 ], [ -122.041173, 37.083747 ], [ -122.042873, 37.082647 ], [ -122.042773, 37.081747 ], [ -122.043473, 37.080847 ], [ -122.042973, 37.080147 ], [ -122.042973, 37.077847 ], [ -122.043273, 37.077247 ], [ -122.043373, 37.076247 ], [ -122.046073, 37.071047 ], [ -122.045072, 37.068318 ], [ -122.048139, 37.068325 ], [ -122.048151, 37.064899 ], [ -122.048339, 37.064894 ], [ -122.048424, 37.061931 ], [ -122.048802, 37.061917 ], [ -122.048971, 37.057325 ], [ -122.050807, 37.057321 ], [ -122.050787, 37.05517 ], [ -122.054007, 37.054782 ], [ -122.054597, 37.054783 ], [ -122.05506, 37.054872 ], [ -122.057353, 37.055646 ], [ -122.057658, 37.055711 ], [ -122.058438, 37.055761 ], [ -122.06036, 37.055772 ], [ -122.060783, 37.05574 ] ] ] } }
]
}
